Application_Code,Account_Number,Product,Effective_Annual_Interest_Rate,Effective_Monthly_Intrest_Rate,Original_Note_Date,Original_Maturity_Date,Time_To_Maturity,Current_Maturity_Date,Charge_Off_Date,Time_to_Charge_Off,Original_Loan_Amount,Monthly_Payment,Total_Chargeoff,LTD_Recovery_Amount,Is_Censored
CC,493891,Commercial/Ind.(not prime sec RE)CL,0.092200,0.0073765747622,10/25/96,11/25/01,1857.00,3/30/03,3/30/99,886.00,13672.25,275.93,8777.03,4197.09,0
CC,404077,Agricultural/Other Lns to Farms -CL,0.075000,0.0060449190243,6/29/92,4/1/99,2467.00,2/20/00,12/29/99,2739.00,63051.00,975.29,26558.85,0.00,0
CC,984797,Agricultural/Other Lns to Farms -CL,0.110000,0.0087345938236,8/16/94,4/1/96,594.00,1/10/02,9/26/00,2233.00,6050.00,334.07,4200.56,0.00,0
CC,509174,Agricultural/Other Lns to Farms -CL,0.077500,0.0062396814613,11/14/94,11/8/97,1090.00,6/30/00,6/20/00,2045.00,70715.00,2181.27,50875.49,11882.78,0
CC,149513,Commercial/Ind.(not prime sec RE)CL,0.117500,0.0093008236189,1/17/97,7/15/99,909.00,7/15/99,9/30/98,621.00,7061.00,268.49,4249.07,600.00,0
CC,820348,Commercial/Ind.(not prime sec RE)CL,0.072500,0.0058497409526,7/18/97,10/18/97,92.00,9/25/98,12/7/98,507.00,35102.50,11582.89,5000.00,0.00,0
CC,208084,Commercial/Ind.(not prime sec RE)CL,0.120000,0.0094887929346,11/13/97,6/13/98,212.00,6/13/98,12/8/98,390.00,25069.88,3684.69,16406.94,0.00,0
CC,71175,Commercial/Ind.(not prime sec RE)CL,0.087500,0.0070146116041,11/24/97,11/24/98,365.00,6/1/99,6/15/01,1299.00,25175.00,2165.97,25064.98,13434.67,0
CC,868061,Commercial/Ind.(not prime sec RE)CL,0.110000,0.0087345938236,2/5/98,3/7/98,30.00,6/30/99,12/18/00,1047.00,11045.00,11141.47,11045.00,0.00,0
CC,354235,Commercial/Ind.(not prime sec RE)CL,0.085000,0.0068214933660,1/25/99,1/15/05,2182.00,7/1/05,3/24/03,1519.00,25919.50,453.24,12000.00,434.40,0
CC,372878,Commercial/Ind.(not prime sec RE)CL,0.075000,0.0060449190243,8/25/99,9/1/04,1834.00,11/1/04,9/20/04,1853.00,56280.00,1103.92,39710.11,17500.00,0
CC,239384,Commercial/Ind.(not prime sec RE)CL,0.082500,0.0066279668044,11/17/99,12/5/03,1479.00,1/1/06,7/2/02,958.00,16207.50,386.46,10117.76,50.00,0
CC,923634,Commercial/Ind.(not prime sec RE)CL,0.105000,0.0083551556836,6/6/00,6/1/05,1821.00,6/1/05,12/31/01,573.00,21100.00,444.60,16000.00,100.00,0
CC,999598,Commercial/Ind.(not prime sec RE)CL,0.087500,0.0070146116041,9/7/00,1/7/01,122.00,9/7/03,12/2/03,1181.00,20100.00,5030.77,20058.38,7945.21,0
CC,648394,Commercial/Ind.(not prime sec RE)CL,0.110000,0.0087345938236,12/27/00,4/1/01,95.00,6/30/02,7/2/02,552.00,54084.46,17391.07,36979.50,10837.21,0
CC,274658,Commercial/Ind.(not prime sec RE)CL,0.085000,0.0068214933660,4/19/01,5/1/06,1838.00,5/1/06,3/24/03,704.00,29810.00,596.93,27543.80,0.00,0
CC,81829,Commercial/Ind.(not prime sec RE)CL,0.100000,0.0079741404289,11/29/01,12/20/06,1847.00,3/20/07,12/4/03,735.00,27015.97,557.01,22685.12,4644.89,0
CC,635249,SBA - Equipment,0.095000,0.0075915342906,4/2/02,3/15/09,2539.00,3/15/09,9/22/04,904.00,50000.00,802.92,45539.34,0.00,0
CC,809455,Commercial/Ind.(not prime sec RE)CL,0.087500,0.0070146116041,10/11/02,1/15/03,96.00,1/31/04,12/4/03,419.00,15062.00,4776.39,8656.92,3167.54,0
CC,9356,SBA - Equipment,0.102500,0.0081648460519,12/1/03,12/1/04,366.00,7/31/09,2/11/09,1899.00,50000.00,4322.56,13000.00,0.00,0
CC,391121,Commercial/Ind.(not prime sec RE)CL,0.087500,0.0070146116041,3/25/04,3/25/05,365.00,9/1/10,12/20/10,2461.00,21303.71,1832.90,10644.63,1200.00,0
CC,737781,Commercial/Ind.(not prime sec RE)CL,0.087500,0.0070146116041,9/21/04,10/5/05,379.00,10/5/05,12/14/04,84.00,3906.79,324.23,3906.79,436.18,0
CC,158907,Commercial/Ind.(not prime sec RE)CL,0.085000,0.0068214933660,12/10/04,12/25/06,745.00,12/25/06,12/18/06,738.00,2920.91,128.26,2040.18,0.00,0
CC,895172,Commercial/Ind.(not prime sec RE)CL,0.077500,0.0062396814613,4/19/05,4/20/10,1827.00,4/20/10,9/22/09,1617.00,51824.50,1025.50,12509.55,14249.50,0
CC,692790,SBA - Equipment,0.097500,0.0077830370879,8/31/05,9/1/10,1827.00,9/1/10,12/17/07,838.00,50000.00,1034.04,7434.83,3559.46,0
CC,731149,Commercial/Ind.(not prime sec RE)CL,0.087500,0.0070146116041,11/28/05,12/15/07,747.00,9/15/09,12/21/09,1484.00,66108.54,2902.85,46510.79,0.00,0
CC,191741,SBA - Equipment,0.090000,0.0072073233161,4/3/06,3/15/16,3634.00,6/15/17,9/20/11,1996.00,445000.00,5520.11,300000.00,11688.38,1
CC,181475,Commercial/Ind.(not prime sec RE)CL,0.077500,0.0062396814613,4/13/06,5/10/11,1853.00,7/10/11,9/24/09,1260.00,22586.25,441.78,13204.15,0.00,0
CC,131908,Commercial/Ind.(not prime sec RE)CL,0.087500,0.0070146116041,5/4/06,5/15/07,376.00,12/1/09,3/29/11,1790.00,25755.00,2153.77,14000.00,6858.32,0
CC,21282,SBA - Equipment,0.087500,0.0070146116041,5/30/06,6/1/16,3655.00,3/1/17,1/5/12,2046.00,67000.00,819.81,30291.95,1512.08,1
CC,210205,Commercial/Ind.(not prime sec RE)CL,0.072500,0.0058497409526,10/18/06,10/18/07,365.00,9/1/08,12/15/08,789.00,50125.00,4280.24,45883.73,0.00,0
CC,212684,SBA - Equipment,0.097500,0.0077830370879,11/27/06,12/15/09,1114.00,12/15/09,12/17/07,385.00,16000.00,497.80,3855.10,0.00,0
CC,774073,Commercial/Ind.(not prime sec RE)CL,0.067500,0.0054581304569,1/2/07,1/2/08,365.00,8/15/10,6/21/10,1266.00,60312.00,5137.08,60077.04,0.00,0
CC,707365,Commercial/Ind.(not prime sec RE)CL,0.075000,0.0060449190243,1/23/07,8/15/12,2031.00,3/15/13,5/19/10,1212.00,25098.58,452.86,13936.21,0.00,0
CC,126551,Commercial/Ind.(not prime sec RE)CL,0.086500,0.0069374131924,4/3/07,4/15/22,5491.00,4/15/22,4/5/10,1098.00,131300.00,1268.86,7432.03,0.00,1
CC,143469,Comm Constr 1-4 Fmly RE & Land Dev,0.052500,0.0042731277662,7/31/07,7/31/09,731.00,10/1/09,3/1/10,944.00,2500000.00,108252.12,1144081.72,135.98,0
CC,339424,Commercial/Ind.(not prime sec RE)CL,0.087500,0.0070146116041,2/4/08,2/15/11,1107.00,2/15/11,12/16/08,316.00,15075.00,465.11,13664.87,2500.00,0
CC,293994,Commercial/Ind.(not prime sec RE)CL,0.072500,0.0058497409526,5/22/08,5/25/13,1829.00,12/25/13,5/19/10,727.00,22075.00,431.53,12488.12,0.00,0
CC,991561,Commercial/Ind.(not prime sec RE)CL,0.082500,0.0066279668044,11/18/08,11/30/11,1107.00,5/28/12,5/19/10,547.00,9575.00,293.36,6076.35,0.00,0
CC,982778,Commercial/Ind.(not prime sec RE)CL,0.075000,0.0060449190243,1/8/09,11/15/13,1772.00,11/15/13,6/21/10,529.00,91100.00,1838.63,75104.01,0.00,0
CC,78689,Commercial/Ind.(not prime sec RE)CL,0.072500,0.0058497409526,4/7/09,4/5/12,1094.00,2/20/17,9/24/13,1631.00,103066.00,3146.70,40114.40,40114.40,0
CC,208747,Commercial/Ind.(not prime sec RE)CL,0.060000,0.0048675505653,3/8/11,11/15/16,2079.00,11/15/16,7/14/11,128.00,35000.00,596.23,35000.00,4800.00,1
CC,521178,SBA - Equipment,0.087500,0.0070146116041,1/20/12,1/20/17,1827.00,1/20/17,10/29/14,1013.00,14500.00,293.38,8882.85,953.83,1
CC,378088,SBA - Equipment,0.092500,0.0073996302872,6/29/12,6/29/13,365.00,6/29/13,7/17/14,748.00,100000.00,8625.06,60049.43,4606.65,0
CC,269303,Commercial/Ind.(not prime sec RE)CL,0.102500,0.0081648460519,4/20/12,10/20/12,183.00,5/20/17,6/22/16,1524.00,50118.00,8455.86,10971.85,632.00,0
CC,456498,Agricultural/Other Lns to Farms -CL,0.000000,0.0000000000000,5/23/13,3/15/19,2122.00,3/15/19,6/4/15,742.00,100512.00,1421.00,66105.12,0.00,1
CC,843225,Commercial/Ind.(not prime sec RE)CL,0.092500,0.0073996302872,5/2/14,5/5/19,1829.00,8/24/22,9/21/21,2699.00,32000.00,654.05,9510.00,444.33,1
CC,912817,FSA-Non Real Estate,0.087500,0.0070146116041,3/5/15,3/5/20,1827.00,3/5/20,8/10/17,889.00,400000.00,8093.31,272508.57,374.05,1
CC,10385,FSA-Non Real Estate,0.092500,0.0073996302872,12/3/15,3/1/17,454.00,3/1/17,8/21/17,627.00,450000.00,31541.43,438774.16,0.00,1
CC,33340,FSA-Non Real Estate,0.092500,0.0073996302872,12/3/15,10/15/22,2508.00,10/15/22,8/21/17,627.00,645000.00,10373.80,614170.74,0.00,1
CC,159798,Agricultural/Other Lns to Farms -CL,0.052500,0.0042731277662,9/26/16,10/1/17,370.00,10/1/19,10/31/19,1130.00,1005100.00,83834.87,922084.77,0.00,1
CC,506848,SBA - Equipment,0.090000,0.0072073233161,7/6/17,2/10/25,2776.00,12/1/28,3/27/25,2821.00,75000.00,1113.43,13052.22,1312.94,1
CC,718319,Agricultural/Other Lns to Farms -CL,0.052500,0.0042731277662,10/2/17,10/1/18,364.00,10/1/19,10/31/19,759.00,1002700.00,84977.35,962739.27,0.00,1
CC,939194,Agricultural/Other Lns to Farms -CL,0.087500,0.0070146116041,4/30/97,5/20/04,2577.00,5/20/04,10/12/99,895.00,178065.00,2766.85,147666.38,0.00,0
CC,715526,Agricultural/Other Lns to Farms -CL,0.087500,0.0070146116041,4/30/97,4/30/98,365.00,4/30/98,10/12/99,895.00,60635.00,5216.84,54125.29,0.00,0
CC,544994,Commercial/Ind.(not prime sec RE)CL,0.085000,0.0068214933660,3/2/00,3/1/01,364.00,4/15/03,9/17/03,1294.00,604396.00,52072.34,330988.51,0.00,0
CC,287099,Commercial/Ind.(not prime sec RE)CL,0.082500,0.0066279668044,12/21/00,6/21/01,182.00,7/10/06,12/2/03,1076.00,328970.00,55502.81,210432.66,0.00,0
CC,48058,Non-Farm/Non-Residential Proprty-RE,0.092500,0.0073996302872,3/23/01,9/23/01,184.00,9/23/01,12/12/01,264.00,90078.31,15076.74,46675.06,350.00,0
CC,198378,Commercial/Ind.(not prime sec RE)CL,0.085000,0.0068214933660,4/19/01,5/1/02,377.00,9/1/02,9/18/03,882.00,200000.00,16661.20,59701.48,2302.66,0
CC,551253,Commercial/Ind.(not prime sec RE)CL,0.087500,0.0070146116041,3/30/06,4/5/13,2563.00,4/15/13,12/21/09,1362.00,437799.00,6829.83,200247.22,50012.46,0
CC,988571,Commercial/Ind.(not prime sec RE)CL,0.066800,0.0054031708698,3/2/07,4/15/22,5523.00,11/5/22,3/28/13,2218.00,1000000.00,8587.60,239476.36,0.00,1
CC,487311,Agricultural/Other Lns to Farms -CL,0.087500,0.0070146116041,4/20/99,11/1/04,2022.00,4/1/03,3/28/03,1438.00,31540.83,588.88,19539.51,1106.00,0
CC,739402,Commercial/Ind.(not prime sec RE)CL,0.055000,0.0044716989170,10/17/02,10/20/06,1464.00,1/20/07,3/27/07,1622.00,68437.26,1564.10,40000.00,0.00,0
CC,591755,Commercial/Ind.(not prime sec RE)CL,0.094000,0.0075148209323,12/28/07,1/1/12,1465.00,1/1/12,11/4/10,1042.00,7857.16,192.82,3337.92,155.10,0
CC,612463,Commercial/Ind.(not prime sec RE)CL,0.092000,0.0073612011870,2/16/01,8/16/01,181.00,2/16/02,12/30/02,682.00,40000.00,6802.52,20000.00,5400.00,0
CC,579811,Commercial/Ind.(not prime sec RE)CL,0.092000,0.0073612011870,3/19/01,2/15/04,1063.00,2/15/04,12/11/03,997.00,50891.51,1636.96,20829.69,1050.00,0
CC,265783,Commercial/Ind.(not prime sec RE)CL,0.107500,0.0085450710395,11/24/03,11/20/04,362.00,12/10/05,12/8/05,745.00,7575.00,663.36,5021.88,2500.00,0
CC,651289,Commercial/Ind.(not prime sec RE)CL,0.102500,0.0081648460519,3/4/04,3/4/06,730.00,3/4/06,9/28/05,573.00,15857.61,721.21,8133.96,4027.86,0
CC,11709,Agricultural/Other Lns to Farms -CL,0.070000,0.0056541453874,3/14/08,3/15/09,366.00,12/31/22,3/30/17,3303.00,20200.00,1718.18,17437.06,17437.06,0
CC,726105,Commercial/Ind.(not prime sec RE)CL,0.100000,0.0079741404289,11/7/08,11/7/13,1826.00,11/7/13,3/20/12,1229.00,25262.00,525.50,12212.54,0.00,0
CC,510147,SBA - Equipment,0.095000,0.0075915342906,2/2/10,3/1/17,2584.00,3/1/17,10/16/12,987.00,60000.00,951.53,46410.20,36.88,1
CC,673830,Commercial/Ind.(not prime sec RE)CL,0.102500,0.0081648460519,11/8/13,2/25/15,474.00,10/15/18,6/27/17,1327.00,10000.00,677.19,8307.68,0.00,1
CC,552100,Agricultural/Other Lns to Farms -CL,0.090000,0.0072073233161,4/26/17,11/15/17,203.00,11/15/18,5/8/18,377.00,60192.00,9146.06,22356.85,2441.33,1
CC,106452,1st Mort(1-4 Fmly Res/Non Disclose),0.090000,0.0072073233161,1/8/16,1/10/26,3655.00,1/10/26,12/21/18,1078.00,69485.00,858.84,38000.00,0.00,1
CC,712286,Commercial/Ind.(not prime sec RE)CL,0.000000,0.0000000083333,2/13/20,2/16/21,369.00,6/1/29,12/14/20,305.00,129249.34,10508.08,129249.34,123269.34,1
CC,475887,Commercial/Ind.(not prime sec RE)CL,0.102500,0.0081648460519,9/23/08,9/15/09,357.00,10/15/12,9/27/12,1465.00,10100.00,894.10,7335.28,1471.92,0
CC,257197,Vehicles (Consumer) - IL,0.090000,0.0072073233161,5/26/09,5/25/15,2190.00,6/25/15,8/16/10,447.00,21594.00,381.46,11503.42,0.00,1
CC,728375,Commercial/Ind.(not prime sec RE)CL,0.052500,0.0042731277662,11/30/10,6/10/16,2019.00,6/10/16,9/27/12,667.00,9680.78,165.82,8067.28,0.00,1
CC,236230,Commercial/Ind.(not prime sec RE)CL,0.120000,0.0094887929346,9/21/06,9/20/07,364.00,9/20/08,3/25/09,916.00,10200.00,893.96,10200.00,1253.16,0
CC,195607,Commercial/Ind.(not prime sec RE)CL,0.085000,0.0068214933660,6/22/07,6/22/10,1096.00,6/22/11,6/26/08,370.00,5050.00,156.64,4407.10,2851.00,0
CC,885643,Vehicles (Consumer) - IL,0.090000,0.0072073233161,1/29/09,2/20/14,1848.00,6/20/14,12/6/11,1041.00,28299.63,570.54,12278.43,0.00,0
CC,884393,Commercial/Ind.(not prime sec RE)CL,0.140000,0.0109788519502,2/13/87,2/13/89,731.00,2/13/89,7/27/01,5278.00,2240.27,105.29,2240.27,0.00,0
CC,455929,Commercial/Ind.(not prime sec RE)CL,0.130000,0.0102368443582,5/26/87,5/26/88,366.00,5/26/88,7/27/90,1158.00,45731.17,4006.53,45731.17,0.00,0
CC,760136,Commercial/Ind.(not prime sec RE)CL,0.120000,0.0094887929346,7/31/87,7/31/88,366.00,7/31/88,,-31989.00,62053.94,5410.54,62053.94,0.00,0
CC,548903,Commercial/Ind.(not prime sec RE)CL,0.120000,0.0094887929346,1/17/90,1/17/91,365.00,1/17/91,11/29/93,1412.00,44500.00,3890.03,5730.10,0.00,0
CC,508681,Commercial/Ind.(not prime sec RE)CL,0.130000,0.0102368443582,6/25/91,6/25/95,1461.00,6/25/95,8/19/92,421.00,11900.00,311.53,9014.76,0.00,0
CC,283790,Commercial/Ind.(not prime sec RE)CL,0.110000,0.0087345938236,12/10/91,10/31/92,326.00,10/31/92,10/7/93,667.00,60823.39,5891.47,32000.00,0.00,0
CC,336025,Commercial/Ind.(not prime sec RE)CL,0.130000,0.0102368443582,5/18/92,5/18/93,365.00,5/18/93,8/19/92,93.00,2500.00,219.59,2136.23,0.00,0
CC,226383,Commercial/Ind.(not prime sec RE)CL,0.120000,0.0094887929346,9/29/93,3/29/96,912.00,3/29/96,7/10/02,3206.00,6694.96,254.55,2709.17,0.00,0
CC,289095,Commercial/Ind.(not prime sec RE)CL,0.110000,0.0087345938236,4/27/94,4/27/96,731.00,4/27/96,10/26/94,182.00,18700.88,855.38,16042.35,0.00,0
CC,867466,Commercial/Ind.(not prime sec RE)CL,0.100000,0.0079741404289,3/9/95,1/9/96,306.00,1/9/96,10/6/97,942.00,50000.00,5123.52,34850.00,0.00,0
CC,571076,Commercial/Ind.(not prime sec RE)CL,0.100000,0.0079741404289,5/22/95,11/22/95,184.00,11/22/95,7/10/02,2606.00,12500.00,2096.40,500.00,0.00,0
CC,479641,Commercial/Ind.(not prime sec RE)CL,0.100000,0.0079741404289,8/21/95,2/21/96,184.00,2/21/96,7/10/02,2515.00,19788.77,3318.82,14493.29,0.00,0
CC,982974,Commercial/Ind.(not prime sec RE)CL,0.095000,0.0075915342906,8/21/95,2/21/96,184.00,2/21/96,,-34932.00,20000.00,3349.73,20000.00,0.00,0
CC,268668,Commercial/Ind.(not prime sec RE)CL,0.100000,0.0079741404289,1/17/96,9/17/00,1705.00,9/17/00,12/6/96,324.00,21156.53,464.42,21156.53,0.00,0
CC,972802,Commercial/Ind.(not prime sec RE)CL,0.100000,0.0079741404289,11/7/97,11/1/98,359.00,11/1/98,3/11/03,1950.00,6258.40,550.42,6258.40,0.00,0
CC,500050,Commercial/Ind.(not prime sec RE)CL,0.105000,0.0083551556836,1/15/99,8/15/03,1673.00,8/15/03,3/6/13,5164.00,1580.02,35.56,1580.02,0.00,0
CC,122125,Commercial/Ind.(not prime sec RE)CL,0.110000,0.0087345938236,2/10/99,2/10/01,731.00,2/10/01,11/20/01,1014.00,1765.73,80.76,1765.73,0.00,0
CC,222123,Commercial/Ind.(not prime sec RE)CL,0.110000,0.0087345938236,12/17/99,1/1/03,1111.00,1/1/03,5/2/03,1232.00,4513.49,143.18,4513.49,0.00,0
CC,595480,Commercial/Ind.(not prime sec RE)CL,0.100000,0.0079741404289,3/21/00,3/21/01,365.00,3/21/01,1/24/03,1039.00,10000.00,865.70,9995.58,0.00,0
CC,382635,Commercial/Ind.(not prime sec RE)CL,0.107500,0.0085450710395,8/23/00,3/23/06,2038.00,3/23/06,9/7/04,1476.00,89229.75,1736.86,89229.75,0.00,0
CC,929784,Commercial/Ind.(not prime sec RE)CL,0.100000,0.0079741404289,10/25/00,10/25/01,365.00,10/25/01,,-36824.00,26530.41,2296.75,26530.41,0.00,0
CC,405214,Commercial/Ind.(not prime sec RE)CL,0.140000,0.0109788519502,11/14/00,3/10/01,116.00,3/10/01,6/30/03,958.00,2000.00,531.13,2000.00,0.00,0
CC,869325,Commercial/Ind.(not prime sec RE)CL,0.100000,0.0079741404289,12/18/00,12/18/01,365.00,12/18/01,,-36878.00,19924.66,1724.88,19924.66,0.00,0
CC,70120,Commercial/Ind.(not prime sec RE)CL,0.100000,0.0079741404289,2/26/01,12/18/01,295.00,12/18/01,9/25/03,941.00,9043.41,959.86,9043.41,0.00,0
CC,404267,Commercial/Ind.(not prime sec RE)CL,0.100000,0.0079741404289,3/1/01,10/25/01,238.00,10/25/01,,-36951.00,41486.86,5417.41,41486.86,0.00,0
CC,137067,Commercial/Ind.(not prime sec RE)CL,0.110000,0.0087345938236,3/26/01,10/1/06,2015.00,10/1/06,2/26/04,1067.00,2979.70,58.83,2979.70,0.00,0
CC,983900,Commercial/Ind.(not prime sec RE)CL,0.100000,0.0079741404289,8/30/01,11/30/06,1918.00,11/30/06,2/2/04,886.00,46530.87,931.86,46530.87,0.00,0
CC,15732,Commercial/Ind.(not prime sec RE)CL,0.100000,0.0079741404289,5/17/02,6/17/07,1857.00,6/17/07,1/29/04,622.00,31964.16,656.28,31964.16,0.00,0
CC,357648,Commercial/Ind.(not prime sec RE)CL,0.100000,0.0079741404289,6/28/02,8/28/07,1887.00,8/28/07,6/28/07,1826.00,15000.00,304.19,15000.00,0.00,0
CC,100870,Commercial/Ind.(not prime sec RE)CL,0.110000,0.0087345938236,9/30/02,5/30/07,1703.00,5/30/07,4/26/06,1304.00,7408.66,166.09,7408.66,0.00,0
CC,901058,Commercial/Ind.(not prime sec RE)CL,0.110000,0.0087345938236,10/16/02,5/6/07,1663.00,5/6/07,4/26/06,1288.00,4627.21,105.66,4627.21,0.00,0
CC,942782,Commercial/Ind.(not prime sec RE)CL,0.010000,0.0008295381143,10/31/02,10/31/10,2922.00,10/31/10,3/4/09,2316.00,185581.31,1984.15,185581.31,0.00,0
CC,390985,Commercial/Ind.(not prime sec RE)CL,0.085000,0.0068214933660,2/3/03,2/3/04,365.00,2/3/04,3/6/07,1492.00,20000.00,1718.59,20000.00,0.00,0
CC,56814,Commercial/Ind.(not prime sec RE)CL,0.100000,0.0079741404289,2/6/03,2/6/05,731.00,2/6/05,10/26/07,1723.00,2875.19,130.30,2875.19,0.00,0
CC,974376,Commercial/Ind.(not prime sec RE)CL,0.100000,0.0079741404289,2/20/03,10/20/07,1703.00,10/20/07,4/26/06,1161.00,20384.59,447.89,20384.59,0.00,0
CC,861165,Commercial/Ind.(not prime sec RE)CL,0.100000,0.0079741404289,2/20/03,3/20/07,1489.00,3/20/07,10/23/08,2072.00,12186.37,298.28,12186.37,0.00,0
CC,982826,Commercial/Ind.(not prime sec RE)CL,0.085000,0.0068214933660,6/3/03,2/3/04,245.00,2/3/04,,-37775.00,8647.36,1092.23,8647.36,0.00,0
CC,727683,Commercial/Ind.(not prime sec RE)CL,0.100000,0.0079741404289,8/19/03,8/19/08,1827.00,8/19/08,10/21/03,63.00,21149.46,439.76,21149.46,0.00,0
CC,472674,Commercial/Ind.(not prime sec RE)CL,0.095000,0.0075915342906,9/26/03,4/13/07,1295.00,4/13/07,2/16/12,3065.00,5427.12,147.92,5427.12,0.00,0
CC,581571,Commercial/Ind.(not prime sec RE)CL,0.100000,0.0079741404289,12/1/03,2/17/08,1539.00,2/17/08,8/18/05,626.00,19378.46,461.75,19378.46,0.00,0
CC,934356,Commercial/Ind.(not prime sec RE)CL,0.100000,0.0079741404289,1/20/04,3/5/08,1506.00,3/5/08,9/18/07,1337.00,21667.52,525.46,21667.52,0.00,0
CC,40060,Commercial/Ind.(not prime sec RE)CL,0.095000,0.0075915342906,1/22/04,7/22/05,547.00,7/22/05,3/14/06,782.00,9992.92,588.94,9992.92,0.00,0
CC,329767,Commercial/Ind.(not prime sec RE)CL,0.100000,0.0079741404289,1/28/04,11/12/07,1384.00,11/12/07,3/12/07,1139.00,50000.00,1299.63,50000.00,0.00,0
CC,672195,Commercial/Ind.(not prime sec RE)CL,0.100000,0.0079741404289,4/19/04,10/19/07,1278.00,10/19/07,10/4/06,898.00,3483.19,96.76,3483.19,0.00,0
CC,314895,Commercial/Ind.(not prime sec RE)CL,0.100000,0.0079741404289,7/14/04,9/15/08,1524.00,9/15/08,6/12/06,698.00,30130.00,723.66,30130.00,0.00,0
CC,653136,Commercial/Ind.(not prime sec RE)CL,0.100000,0.0079741404289,8/11/04,8/15/09,1830.00,8/15/09,8/6/09,1821.00,55962.33,1162.14,55962.33,0.00,0
CC,758349,Commercial/Ind.(not prime sec RE)CL,0.090000,0.0072073233161,8/31/04,6/30/10,2129.00,6/30/10,9/22/09,1848.00,47392.93,855.46,47392.93,0.00,0
CC,825288,Commercial/Ind.(not prime sec RE)CL,0.100000,0.0079741404289,10/6/04,11/15/08,1501.00,11/15/08,12/5/06,790.00,13757.89,334.55,13757.89,0.00,0
CC,122338,Commercial/Ind.(not prime sec RE)CL,0.090000,0.0072073233161,10/15/04,6/15/18,4991.00,6/15/18,9/27/17,4730.00,13600.00,140.59,13600.00,0.00,1
CC,853144,Commercial/Ind.(not prime sec RE)CL,0.110000,0.0087345938236,2/11/05,2/11/07,730.00,2/11/07,4/26/06,439.00,14000.00,641.15,14000.00,0.00,0
CC,20868,Commercial/Ind.(not prime sec RE)CL,0.100000,0.0079741404289,2/15/05,8/15/07,911.00,8/15/07,4/20/07,794.00,26609.33,990.11,26609.33,0.00,0
CC,256459,Commercial/Ind.(not prime sec RE)CL,0.097500,0.0077830370879,2/28/05,2/28/06,365.00,2/28/06,7/7/06,494.00,119000.50,10289.25,119000.50,500.00,0
CC,219264,Commercial/Ind.(not prime sec RE)CL,0.097500,0.0077830370879,2/28/05,2/28/06,365.00,2/28/06,3/26/07,756.00,75845.25,6557.88,75845.25,0.00,0
CC,351518,Commercial/Ind.(not prime sec RE)CL,0.100000,0.0079741404289,4/19/05,4/5/09,1447.00,4/5/09,6/16/10,1884.00,14085.06,352.92,14085.06,0.00,0
CC,60514,Commercial/Ind.(not prime sec RE)CL,0.105000,0.0083551556836,8/16/05,8/16/06,365.00,8/16/06,,-38580.00,20000.00,1735.65,20000.00,0.00,0
CC,209545,Commercial/Ind.(not prime sec RE)CL,0.095000,0.0075915342906,12/12/05,9/15/10,1738.00,9/15/10,9/22/09,1380.00,9765.21,208.96,9765.21,0.00,0
CC,420340,Commercial/Ind.(not prime sec RE)CL,0.100000,0.0079741404289,1/30/06,4/25/08,816.00,4/25/08,1/2/07,337.00,11418.24,468.62,11418.24,0.00,0
CC,626625,Commercial/Ind.(not prime sec RE)CL,0.090000,0.0072073233161,3/13/06,3/13/15,3287.00,3/13/15,3/23/15,3297.00,115574.11,1529.18,115574.11,0.00,1
CC,571986,Commercial/Ind.(not prime sec RE)CL,0.101000,0.0080504703073,5/18/06,9/18/10,1584.00,9/18/10,9/6/07,476.00,50000.00,1166.20,50000.00,0.00,0
CC,152728,Commercial/Ind.(not prime sec RE)CL,0.102500,0.0081648460519,5/18/06,5/18/07,365.00,5/18/07,,-38855.00,4931.13,427.41,4931.13,0.00,0
CC,618724,Commercial/Ind.(not prime sec RE)CL,0.090000,0.0072073233161,5/25/06,3/25/09,1035.00,3/25/09,2/10/09,992.00,213006.69,6995.60,213006.69,0.00,0
CC,363729,Commercial/Ind.(not prime sec RE)CL,0.105000,0.0083551556836,6/5/06,6/10/10,1466.00,6/10/10,5/20/10,1445.00,2249.66,56.26,2249.66,0.00,0
CC,339189,Commercial/Ind.(not prime sec RE)CL,0.095000,0.0075915342906,9/25/06,1/15/13,2304.00,1/15/13,11/1/13,2594.00,20000.00,344.63,20000.00,0.00,0
CC,685098,Commercial/Ind.(not prime sec RE)CL,0.050000,0.0040741237836,1/8/07,9/30/11,1726.00,9/30/11,7/8/19,4564.00,42648.76,833.06,40658.70,38995.90,0
CC,250565,Commercial/Ind.(not prime sec RE)CL,0.095000,0.0075915342906,1/16/07,1/16/11,1461.00,1/16/11,5/20/10,1220.00,5758.47,141.89,5758.47,0.00,0
CC,612362,Commercial/Ind.(not prime sec RE)CL,0.095000,0.0075915342906,3/9/07,9/9/10,1280.00,9/9/10,9/22/09,928.00,35000.00,963.41,35000.00,0.00,0
CC,579790,Commercial/Ind.(not prime sec RE)CL,0.095000,0.0075915342906,3/14/07,11/14/13,2437.00,11/14/13,9/3/13,2365.00,9999.50,165.38,9999.50,0.00,0
CC,489020,Commercial/Ind.(not prime sec RE)CL,0.100000,0.0079741404289,4/17/07,12/15/18,4260.00,12/15/18,2/6/19,4313.00,23575.67,277.99,23575.67,0.00,1
CC,945054,Commercial/Ind.(not prime sec RE)CL,0.097500,0.0077830370879,8/3/07,10/3/18,4079.00,10/3/18,1/31/19,4199.00,38206.98,456.43,38206.98,25900.00,1
CC,17712,Commercial/Ind.(not prime sec RE)CL,0.100000,0.0079741404289,9/19/07,9/19/12,1827.00,9/19/12,6/5/09,625.00,7326.55,152.34,7326.55,0.00,0
CC,20551,Commercial/Ind.(not prime sec RE)CL,0.100000,0.0079741404289,10/15/07,1/15/14,2284.00,1/15/14,4/20/11,1283.00,111567.44,1960.64,111567.44,0.00,0
CC,821418,Commercial/Ind.(not prime sec RE)CL,0.097500,0.0077830370879,9/25/07,9/10/09,716.00,9/10/09,9/30/08,371.00,50000.00,2303.69,50000.00,0.00,0
CC,813392,Commercial/Ind.(not prime sec RE)CL,0.090000,0.0072073233161,10/10/07,3/10/13,1978.00,3/10/13,9/26/08,352.00,200000.00,3821.68,200000.00,0.00,0
CC,647884,Commercial/Ind.(not prime sec RE)CL,0.095000,0.0075915342906,11/29/07,1/29/13,1888.00,1/29/13,5/31/11,1279.00,6930.45,138.93,6930.45,0.00,0
CC,994905,Commercial/Ind.(not prime sec RE)CL,0.100000,0.0079741404289,12/14/07,12/15/12,1828.00,12/15/12,12/4/08,356.00,12904.96,268.22,12904.96,0.00,0
CC,738486,Commercial/Ind.(not prime sec RE)CL,0.100000,0.0079741404289,12/26/07,6/26/18,3835.00,6/26/18,1/31/19,4054.00,17423.64,217.87,17423.64,0.00,1
CC,817143,Commercial/Ind.(not prime sec RE)CL,0.100000,0.0079741404289,12/28/07,6/12/12,1628.00,6/12/12,6/5/09,525.00,2815.19,64.11,2815.19,0.00,0
CC,101136,Commercial/Ind.(not prime sec RE)CL,0.100000,0.0079741404289,2/28/08,12/10/14,2477.00,12/10/14,11/10/14,2447.00,24323.90,403.28,24323.90,0.00,0
CC,972580,Commercial/Ind.(not prime sec RE)CL,0.090000,0.0072073233161,3/28/08,3/28/09,365.00,3/28/09,,-39535.00,106200.00,9148.47,106200.00,0.00,0
CC,23857,Commercial/Ind.(not prime sec RE)CL,0.097500,0.0077830370879,4/14/08,10/14/10,913.00,10/14/10,9/24/13,1989.00,1035689.72,38352.44,1035689.72,0.00,0
CC,927488,Commercial/Ind.(not prime sec RE)CL,0.095000,0.0075915342906,4/15/08,10/15/10,913.00,10/15/10,12/30/09,624.00,24859.98,917.94,24859.98,0.00,0
CC,476867,Commercial/Ind.(not prime sec RE)CL,0.097500,0.0077830370879,5/28/08,3/14/10,655.00,3/14/10,2/4/10,617.00,288011.61,14395.05,288011.61,0.00,0
CC,839349,Commercial/Ind.(not prime sec RE)CL,0.090000,0.0072073233161,5/30/08,6/30/18,3683.00,6/30/18,9/27/17,3407.00,21600.00,265.71,21600.00,0.00,1
CC,38183,Commercial/Ind.(not prime sec RE)CL,0.095000,0.0075915342906,8/22/08,8/22/14,2191.00,8/22/14,8/5/13,1809.00,13127.28,234.82,13127.28,0.00,0
CC,990915,Commercial/Ind.(not prime sec RE)CL,0.095000,0.0075915342906,12/31/08,6/30/10,546.00,6/30/10,5/31/11,881.00,24500.00,1446.39,24500.00,0.00,0
CC,684066,Commercial/Ind.(not prime sec RE)CL,0.100000,0.0079741404289,1/7/09,9/7/15,2434.00,9/7/15,10/5/10,636.00,5710.84,95.87,5710.84,0.00,1
CC,447079,Commercial/Ind.(not prime sec RE)CL,0.100000,0.0079741404289,2/23/09,10/23/10,607.00,10/23/10,8/4/14,1988.00,26532.00,1425.14,26532.00,0.00,0
CC,391535,Commercial/Ind.(not prime sec RE)CL,0.095000,0.0075915342906,3/4/09,3/4/15,2191.00,3/4/15,5/11/15,2259.00,25000.00,447.19,9356.52,0.00,1
CC,860225,Commercial/Ind.(not prime sec RE)CL,0.090000,0.0072073233161,3/23/09,3/23/10,365.00,3/23/10,1/3/11,651.00,8906.70,767.26,8906.70,0.00,0
CC,251915,Commercial/Ind.(not prime sec RE)CL,0.105000,0.0083551556836,3/31/09,12/5/09,249.00,12/5/09,,-39903.00,34100.00,4269.67,34100.00,0.00,0
CC,339879,Commercial/Ind.(not prime sec RE)CL,0.100000,0.0079741404289,3/31/09,3/31/19,3652.00,3/31/19,1/31/19,3593.00,10529.61,135.49,10529.61,0.00,1
CC,394362,Commercial/Ind.(not prime sec RE)CL,0.097500,0.0077830370879,3/31/09,9/30/09,183.00,9/30/09,6/1/09,62.00,60000.00,10109.62,60000.00,0.00,0
CC,880441,Commercial/Ind.(not prime sec RE)CL,0.100000,0.0079741404289,4/28/09,6/28/15,2252.00,6/28/15,12/30/13,1707.00,23548.08,418.11,23548.08,0.00,1
CC,463836,Commercial/Ind.(not prime sec RE)CL,0.100000,0.0079741404289,5/19/09,5/19/12,1096.00,5/19/12,5/23/11,734.00,22075.67,698.93,22075.67,0.00,0
CC,207212,Commercial/Ind.(not prime sec RE)CL,0.100000,0.0079741404289,9/22/09,9/22/10,365.00,9/22/10,7/28/11,674.00,15000.00,1298.55,15000.00,0.00,0
CC,866767,Commercial/Ind.(not prime sec RE)CL,0.100000,0.0079741404289,9/30/09,9/30/18,3287.00,9/30/18,1/31/19,3410.00,18587.21,255.04,18587.21,0.00,1
CC,964746,Commercial/Ind.(not prime sec RE)CL,0.100000,0.0079741404289,12/3/09,12/3/13,1461.00,12/3/13,5/10/11,523.00,155.81,3.87,155.81,0.00,0
CC,866223,Commercial/Ind.(not prime sec RE)CL,0.092500,0.0073996302872,1/7/10,6/7/18,3073.00,6/7/18,6/30/17,2731.00,27000.00,376.91,27000.00,0.00,1
CC,235371,Commercial/Ind.(not prime sec RE)CL,0.095000,0.0075915342906,5/12/10,9/12/13,1219.00,9/12/13,2/8/11,272.00,46381.14,1330.84,46381.14,0.00,0
CC,313964,Commercial/Ind.(not prime sec RE)CL,0.100000,0.0079741404289,5/19/10,6/30/10,42.00,6/30/10,,-40317.00,29000.00,20912.61,29000.00,0.00,0
CC,962665,Commercial/Ind.(not prime sec RE)CL,0.100000,0.0079741404289,6/1/10,6/1/15,1826.00,6/1/15,1/7/16,2046.00,15562.89,323.74,15562.89,0.00,1
CC,608119,Commercial/Ind.(not prime sec RE)CL,0.070000,0.0056541453874,3/28/11,7/28/13,853.00,7/28/13,12/31/13,1009.00,39452.04,1505.96,39452.04,0.00,0
CC,797303,Commercial/Ind.(not prime sec RE)CL,0.090000,0.0072073233161,3/31/11,9/30/11,183.00,9/30/11,6/17/13,809.00,20000.00,3363.09,20000.00,20000.00,0
CC,525418,Commercial/Ind.(not prime sec RE)CL,0.100000,0.0079741404289,4/20/11,4/20/17,2192.00,4/20/17,3/25/19,2896.00,23204.26,420.26,21973.26,0.00,1
CC,396101,Commercial/Ind.(not prime sec RE)CL,0.100000,0.0079741404289,5/31/11,6/15/15,1476.00,6/15/15,9/28/12,486.00,15710.18,387.29,15710.18,0.00,1
CC,917141,Commercial/Ind.(not prime sec RE)CL,0.090000,0.0072073233161,6/28/11,6/28/18,2557.00,6/28/18,1/31/19,2774.00,9800.00,154.29,9800.00,0.00,1
CC,230731,Commercial/Ind.(not prime sec RE)CL,0.087500,0.0070146116041,7/13/11,1/20/19,2748.00,1/20/19,1/31/12,202.00,50000.00,741.72,50000.00,0.00,1
CC,599884,Commercial/Ind.(not prime sec RE)CL,0.090000,0.0072073233161,4/20/11,4/20/12,366.00,4/20/12,2/9/12,295.00,11098.75,953.59,11098.75,0.00,0
CC,414853,Commercial/Ind.(not prime sec RE)CL,0.100000,0.0079741404289,10/28/11,10/28/16,1827.00,10/28/16,10/19/12,357.00,25900.00,538.54,25900.00,0.00,1
CC,837928,Commercial/Ind.(not prime sec RE)CL,0.100000,0.0079741404289,10/28/11,10/28/16,1827.00,10/28/16,11/28/12,397.00,21428.55,445.56,21428.55,0.00,1
CC,352536,Commercial/Ind.(not prime sec RE)CL,0.100000,0.0079741404289,12/8/11,12/8/13,731.00,12/8/13,9/23/14,1020.00,4278.58,193.90,4278.58,0.00,0
CC,738896,Commercial/Ind.(not prime sec RE)CL,0.060000,0.0048675505653,12/29/11,12/29/12,366.00,12/29/12,3/11/14,803.00,179874.69,15221.78,179874.69,0.00,0
CC,564177,Commercial/Ind.(not prime sec RE)CL,0.100000,0.0079741404289,4/13/12,4/13/14,730.00,4/13/14,12/30/13,626.00,10300.00,467.36,10300.00,0.00,0
CC,592005,Commercial/Ind.(not prime sec RE)CL,0.090000,0.0072073233161,5/21/12,5/21/15,1095.00,5/21/15,8/22/16,1554.00,11283.77,352.69,11283.77,0.00,1
CC,38927,Commercial/Ind.(not prime sec RE)CL,0.085000,0.0068214933660,6/29/12,6/29/14,730.00,6/29/14,3/31/17,1736.00,72970.46,3264.75,72970.46,0.00,0
CC,333037,Commercial/Ind.(not prime sec RE)CL,0.080000,0.0064340301100,9/20/12,4/30/17,1683.00,4/30/17,9/30/16,1471.00,35164.59,748.73,35164.59,0.00,1
CC,875629,Commercial/Ind.(not prime sec RE)CL,0.097500,0.0077830370879,9/24/12,6/30/18,2105.00,6/30/18,1/31/19,2320.00,31900.00,591.74,31900.00,0.00,1
CC,679971,Commercial/Ind.(not prime sec RE)CL,0.045000,0.0036748094004,9/25/12,9/25/19,2556.00,9/25/19,3/28/19,2375.00,461203.20,6314.61,461203.20,0.00,1
CC,640026,Commercial/Ind.(not prime sec RE)CL,0.060000,0.0048675505653,12/3/12,4/13/19,2322.00,4/13/19,1/31/19,2250.00,209328.33,3252.37,209328.33,0.00,1
CC,711274,Commercial/Ind.(not prime sec RE)CL,0.080000,0.0064340301100,4/9/13,6/15/17,1528.00,6/15/17,6/15/16,1163.00,36196.00,835.71,36196.00,0.00,1
CC,751270,Commercial/Ind.(not prime sec RE)CL,0.085000,0.0068214933660,5/29/13,6/29/14,396.00,6/29/14,,-41423.00,20000.00,1589.55,20000.00,0.00,0
CC,387435,Commercial/Ind.(not prime sec RE)CL,0.100000,0.0079741404289,7/8/13,7/8/18,1826.00,7/8/18,6/8/17,1431.00,11236.02,233.73,11236.02,0.00,1
CC,660314,Commercial/Ind.(not prime sec RE)CL,0.100000,0.0079741404289,7/30/13,7/30/17,1461.00,7/30/17,12/30/15,883.00,1170.97,29.11,1170.97,0.00,1
CC,424062,Commercial/Ind.(not prime sec RE)CL,0.100000,0.0079741404289,8/5/13,8/15/18,1836.00,8/15/18,6/25/18,1785.00,4729.69,97.97,4729.69,0.00,1
CC,475776,Commercial/Ind.(not prime sec RE)CL,0.100000,0.0079741404289,8/29/13,8/29/18,1826.00,8/29/18,4/6/15,585.00,8668.88,180.33,8668.88,0.00,1
CC,325137,Commercial/Ind.(not prime sec RE)CL,0.100000,0.0079741404289,9/27/13,9/27/17,1461.00,9/27/17,4/27/17,1308.00,1320.66,32.83,1320.66,0.00,1
CC,529983,Commercial/Ind.(not prime sec RE)CL,0.100000,0.0079741404289,10/31/13,10/31/18,1826.00,10/31/18,5/1/17,1278.00,5669.43,117.93,5669.43,0.00,1
CC,705860,Commercial/Ind.(not prime sec RE)CL,0.095000,0.0075915342906,11/14/13,11/14/18,1826.00,11/14/18,1/31/19,1904.00,4058.25,83.51,4058.25,0.00,1
CC,431597,Commercial/Ind.(not prime sec RE)CL,0.100000,0.0079741404289,1/10/14,9/10/18,1704.00,9/10/18,3/24/16,804.00,67000.00,1471.43,36730.52,36730.52,1
CC,342751,Commercial/Ind.(not prime sec RE)CL,0.090000,0.0072073233161,12/11/13,12/11/18,1826.00,12/11/18,4/11/18,1582.00,7873.08,160.25,7873.08,0.00,1
CC,659839,Commercial/Ind.(not prime sec RE)CL,0.095000,0.0075915342906,2/25/14,2/25/19,1826.00,2/25/19,2/6/19,1807.00,5000.00,102.89,5000.00,0.00,1
CC,632156,Agricultural/Other Lns to Farms -CL,0.075000,0.0060449190243,3/12/14,7/12/20,2314.00,7/12/20,2/5/19,1791.00,72518.22,1179.11,72518.22,72518.22,1
CC,458417,Commercial/Ind.(not prime sec RE)CL,0.085000,0.0068214933660,3/14/14,11/14/14,245.00,11/14/14,,-41712.00,40000.00,5052.34,40000.00,0.00,0
CC,988965,Commercial/Ind.(not prime sec RE)CL,0.100000,0.0079741404289,6/2/14,6/2/18,1461.00,6/2/18,1/31/19,1704.00,3253.89,80.89,3253.89,0.00,1
CC,327568,Commercial/Ind.(not prime sec RE)CL,0.095000,0.0075915342906,6/5/14,6/5/21,2557.00,6/5/21,5/30/19,1820.00,20500.00,327.54,20500.00,0.00,1
CC,537283,Commercial/Ind.(not prime sec RE)CL,0.090000,0.0072073233161,6/25/14,6/25/15,365.00,6/25/15,,-41815.00,49106.75,4230.24,49106.75,0.00,1
CC,296644,Commercial/Ind.(not prime sec RE)CL,7.50000%,0.62500%,6/26/14,6/26/26,4383,6/26/26,9/28/18,1555,"$7,203.84",$75.34 ,"$6,999.90",$0.00,$0.00
CC,329267,Commercial/Ind.(not prime sec RE)CL,0.100000,0.0079741404289,7/25/14,12/25/19,1979.00,12/25/19,8/19/16,756.00,42706.99,835.06,42706.99,0.00,1
CC,703236,Commercial/Ind.(not prime sec RE)CL,0.090000,0.0072073233161,7/18/14,7/18/18,1461.00,7/18/18,1/31/19,1658.00,43876.65,1071.52,43876.65,0.00,1
CC,810043,Commercial/Ind.(not prime sec RE)CL,0.095000,0.0075915342906,7/22/14,7/22/15,365.00,3/5/26,9/21/21,2618.00,20000.00,1727.15,16418.55,2682.06,1
CC,867831,Commercial/Ind.(not prime sec RE)CL,0.080000,0.0064340301100,7/23/14,7/23/20,2192.00,7/23/20,9/28/18,1528.00,29280.08,503.54,29207.25,29207.25,1
CC,884125,Commercial/Ind.(not prime sec RE)CL,0.090000,0.0072073233161,8/14/14,10/30/18,1538.00,10/30/18,12/29/17,1233.00,84934.68,1987.50,84934.68,0.00,1
CC,586435,Commercial/Ind.(not prime sec RE)CL,0.095000,0.0075915342906,8/15/14,9/15/16,762.00,9/15/16,6/27/16,682.00,15000.00,651.55,15000.00,0.00,1
CC,894098,Commercial/Ind.(not prime sec RE)CL,0.080000,0.0064340301100,8/15/14,9/15/19,1857.00,9/15/19,3/28/19,1686.00,653640.93,12835.10,638414.45,0.00,1
CC,930085,Commercial/Ind.(not prime sec RE)CL,0.080000,0.0064340301100,9/30/14,1/3/19,1556.00,1/3/19,3/30/18,1277.00,52140.53,1185.53,52140.53,13000.00,1
CC,365886,Commercial/Ind.(not prime sec RE)CL,0.075000,0.0060449190243,10/7/14,10/7/19,1826.00,10/7/19,12/28/16,813.00,19779.30,389.37,19779.30,0.00,1
CC,359622,Commercial/Ind.(not prime sec RE)CL,0.075000,0.0060449190243,11/5/14,1/25/17,812.00,1/25/17,1/27/16,448.00,26017.42,1044.91,26017.42,0.00,1
CC,656969,Commercial/Ind.(not prime sec RE)CL,0.100000,0.0079741404289,11/14/14,11/14/17,1096.00,11/14/17,11/16/17,1098.00,37695.10,1193.46,37695.10,0.00,1
CC,924659,Commercial/Ind.(not prime sec RE)CL,0.100000,0.0079741404289,11/24/14,11/24/19,1826.00,11/24/19,9/28/17,1039.00,14037.23,292.00,14037.23,0.00,1
CC,238882,Commercial/Ind.(not prime sec RE)CL,0.100000,0.0079741404289,12/19/14,12/19/19,1826.00,12/19/19,3/20/17,822.00,30346.59,631.27,30346.59,0.00,1
CC,698378,Commercial/Ind.(not prime sec RE)CL,0.095000,0.0075915342906,2/9/15,8/9/20,2008.00,8/9/20,9/28/18,1327.00,37185.88,710.68,37185.88,0.00,1
CC,883122,Commercial/Ind.(not prime sec RE)CL,0.075000,0.0060449190243,2/10/15,5/10/17,820.00,5/10/17,6/15/16,491.00,26515.96,1055.37,26515.96,0.00,1
CC,274060,Commercial/Ind.(not prime sec RE)CL,0.090000,0.0072073233161,3/2/15,9/2/18,1280.00,9/2/18,9/26/17,939.00,54500.00,1488.36,54500.00,0.00,1
CC,820872,Commercial/Ind.(not prime sec RE)CL,0.090000,0.0072073233161,3/23/15,3/23/23,2922.00,3/23/23,7/8/19,1568.00,287.57,4.12,256.65,0.00,1
CC,273567,Commercial/Ind.(not prime sec RE)CL,0.080000,0.0064340301100,3/31/15,1/3/19,1374.00,1/3/19,3/30/18,1095.00,45000.00,1137.53,45000.00,10000.00,1
CC,552650,Commercial/Ind.(not prime sec RE)CL,0.095000,0.0075915342906,4/9/15,4/9/18,1096.00,4/9/18,12/9/15,244.00,11775.97,370.31,11775.97,0.00,1
CC,100356,Commercial/Ind.(not prime sec RE)CL,0.080000,0.0064340301100,5/12/15,5/12/18,1096.00,5/12/18,11/6/15,178.00,7751.81,238.78,7751.81,7751.81,1
CC,509056,Commercial/Ind.(not prime sec RE)CL,0.080000,0.0064340301100,5/27/15,5/27/20,1827.00,5/27/20,2/5/16,254.00,24875.33,494.99,24875.33,0.00,1
CC,917520,Commercial/Ind.(not prime sec RE)CL,0.100000,0.0079741404289,6/1/15,6/1/20,1827.00,6/1/20,9/30/16,487.00,19883.10,413.43,19883.10,0.00,1
CC,507565,Commercial/Ind.(not prime sec RE)CL,0.075000,0.0060449190243,6/4/15,6/4/16,366.00,6/4/16,7/3/19,1490.00,166735.62,14218.25,166735.62,0.00,1
CC,97011,Commercial/Ind.(not prime sec RE)CL,0.075000,0.0060449190243,6/10/15,9/10/17,823.00,9/10/17,12/28/16,567.00,72000.00,2856.08,72000.00,0.00,1
CC,121646,Commercial/Ind.(not prime sec RE)CL,0.080000,0.0064340301100,6/18/15,6/18/21,2192.00,6/18/21,9/28/18,1198.00,32584.39,560.37,32500.00,7.20,1
CC,331288,Commercial/Ind.(not prime sec RE)CL,0.097500,0.0077830370879,7/7/15,7/7/20,1827.00,7/7/20,1/5/18,913.00,42504.26,879.02,42504.26,250.00,1
CC,338764,Commercial/Ind.(not prime sec RE)CL,0.097500,0.0077830370879,7/8/15,7/8/18,1096.00,7/8/18,4/28/16,295.00,6053.64,191.01,6053.64,2000.00,1
CC,565277,Commercial/Ind.(not prime sec RE)CL,0.080000,0.0064340301100,7/14/15,7/14/20,1827.00,7/14/20,,-42199.00,16000.00,318.38,16000.00,16000.00,1
CC,76367,Commercial/Ind.(not prime sec RE)CL,0.100000,0.0079741404289,7/16/15,9/16/15,62.00,9/16/15,4/28/16,287.00,5884.53,2882.22,5884.53,0.00,1
CC,813439,Commercial/Ind.(not prime sec RE)CL,0.045000,0.0036748094004,8/13/15,8/13/19,1461.00,8/13/19,3/28/19,1323.00,411751.21,9249.44,411751.21,0.00,1
CC,285765,Commercial/Ind.(not prime sec RE)CL,0.045000,0.0036748094004,8/13/15,8/13/19,1461.00,8/13/19,3/28/19,1323.00,571521.29,12838.46,571521.29,0.00,1
CC,902945,Commercial/Ind.(not prime sec RE)CL,0.090000,0.0072073233161,9/17/15,3/17/19,1277.00,3/17/19,9/29/17,743.00,984.22,26.93,984.22,75.00,1
CC,49660,Commercial/Ind.(not prime sec RE)CL,0.100000,0.0079741404289,10/1/15,3/16/19,1262.00,3/16/19,11/1/16,397.00,33595.21,943.19,33595.21,0.00,1
CC,987859,Commercial/Ind.(not prime sec RE)CL,0.080000,0.0064340301100,9/30/15,9/30/20,1827.00,9/30/20,2/5/19,1224.00,47636.79,947.93,44114.85,9365.95,1
CC,590957,Commercial/Ind.(not prime sec RE)CL,0.075000,0.0060449190243,9/30/15,1/30/16,122.00,1/30/16,,-42277.00,50000.00,12483.95,50000.00,0.00,1
CC,898267,Commercial/Ind.(not prime sec RE)CL,0.090000,0.0072073233161,10/8/15,10/8/20,1827.00,10/8/20,7/22/16,288.00,55368.93,1126.48,55368.93,0.00,1
CC,97340,Commercial/Ind.(not prime sec RE)CL,0.100000,0.0079741404289,10/30/15,8/28/21,2129.00,8/28/21,5/13/19,1291.00,49878.73,923.10,46394.93,13493.26,1
CC,867316,Commercial/Ind.(not prime sec RE)CL,0.085000,0.0068214933660,11/2/15,7/2/18,973.00,7/2/18,9/25/17,693.00,64000.00,2206.30,64000.00,13500.00,1
CC,482244,Commercial/Ind.(not prime sec RE)CL,0.075000,0.0060449190243,11/3/15,11/3/16,366.00,11/3/16,12/5/16,398.00,160000.00,13643.87,160000.00,0.00,1
CC,800464,Commercial/Ind.(not prime sec RE)CL,0.080000,0.0064340301100,12/7/15,12/7/16,366.00,12/7/16,10/12/16,310.00,54121.95,4626.86,54121.95,0.00,1
CC,117023,Commercial/Ind.(not prime sec RE)CL,0.080000,0.0064340301100,12/7/15,12/30/16,389.00,12/30/16,10/12/16,310.00,34615.11,2791.03,34615.11,0.00,1
CC,387555,Commercial/Ind.(not prime sec RE)CL,0.080000,0.0064340301100,12/30/15,12/30/16,366.00,12/30/16,8/31/17,610.00,41950.00,3586.29,41950.00,703.13,1
CC,69666,Commercial/Ind.(not prime sec RE)CL,0.100000,0.0079741404289,3/7/16,3/7/17,365.00,3/7/17,,-42436.00,15000.00,1298.55,15000.00,0.00,1
CC,385043,Commercial/Ind.(not prime sec RE)CL,0.100000,0.0079741404289,3/7/16,3/7/17,365.00,3/7/17,,-42436.00,15000.00,1298.55,15000.00,0.00,1
CC,682985,Commercial/Ind.(not prime sec RE)CL,0.085000,0.0068214933660,3/7/16,3/7/21,1826.00,3/7/21,6/28/19,1208.00,42890.09,863.40,42890.09,28000.00,1
CC,64533,Commercial/Ind.(not prime sec RE)CL,0.080000,0.0064340301100,3/9/16,3/9/17,365.00,3/9/17,,-42438.00,28237.88,2420.40,28237.88,0.00,1
CC,974752,Commercial/Ind.(not prime sec RE)CL,0.100000,0.0079741404289,3/22/16,4/22/21,1857.00,4/22/21,4/23/18,762.00,32754.21,672.51,32754.21,0.00,1
CC,420701,Commercial/Ind.(not prime sec RE)CL,0.090000,0.0072073233161,4/28/16,9/28/19,1248.00,9/28/19,4/30/18,732.00,17881.65,499.04,17881.65,0.00,1
CC,988969,Agricultural/Other Lns to Farms -CL,0.090000,0.0072073233161,4/29/16,7/29/18,821.00,7/29/18,1/31/19,1007.00,31759.50,1282.89,31759.50,0.00,1
CC,217345,Commercial/Ind.(not prime sec RE)CL,0.100000,0.0079741404289,5/9/16,7/9/22,2252.00,7/9/22,7/25/17,442.00,31945.21,567.20,31945.21,0.00,1
CC,383261,Commercial/Ind.(not prime sec RE)CL,0.090000,0.0072073233161,5/12/16,6/15/24,2956.00,6/15/24,5/13/19,1096.00,16000.00,227.37,14154.20,0.00,1
CC,310259,Commercial/Ind.(not prime sec RE)CL,10.00000%,0.83333%,5/12/16,2/20/28,4301,2/20/28,3/25/19,1047,"$34,921.48",$418.30 ,"$33,000.91","$9,186.99",$0.00
CC,14101,Commercial/Ind.(not prime sec RE)CL,0.070000,0.0056541453874,5/25/16,5/25/22,2191.00,5/25/22,1/31/19,981.00,183294.62,3070.48,173915.52,0.00,1
CC,940601,Commercial/Ind.(not prime sec RE)CL,0.080000,0.0064340301100,8/9/16,1/9/18,518.00,1/9/18,3/28/17,231.00,50000.00,3068.88,50000.00,0.00,1
CC,558063,Commercial/Ind.(not prime sec RE)CL,0.110000,0.0087345938236,8/19/16,8/19/21,1826.00,8/19/21,3/18/19,941.00,22228.28,472.39,20906.08,0.00,1
CC,851144,Commercial/Ind.(not prime sec RE)CL,0.100000,0.0079741404289,9/23/16,10/23/18,760.00,10/23/18,3/23/18,546.00,10262.04,448.98,10262.04,0.00,1
CC,11139,Commercial/Ind.(not prime sec RE)CL,0.075000,0.0060449190243,9/30/16,9/30/22,2191.00,9/30/22,1/31/19,853.00,143204.16,2431.20,132830.58,0.00,1
CC,186518,Commercial/Ind.(not prime sec RE)CL,0.090000,0.0072073233161,9/30/16,6/15/18,623.00,6/15/18,11/3/17,399.00,46000.00,2392.95,46000.00,0.00,1
CC,666292,Commercial/Ind.(not prime sec RE)CL,0.100000,0.0079741404289,10/31/16,2/15/22,1933.00,2/15/22,1/31/19,822.00,40632.22,808.88,40632.22,0.00,1
CC,963391,Commercial/Ind.(not prime sec RE)CL,0.080000,0.0064340301100,12/15/16,12/15/20,1461.00,12/15/20,2/5/19,782.00,8841.34,212.05,8020.20,8020.20,1
CC,601525,Commercial/Ind.(not prime sec RE)CL,0.080000,0.0064340301100,12/21/16,12/21/24,2922.00,12/21/24,1/31/19,771.00,21813.54,302.11,21813.54,0.00,1
CC,728814,Agricultural/Other Lns to Farms -CL,0.090000,0.0072073233161,12/30/16,9/30/18,639.00,9/30/18,1/31/19,762.00,38000.00,1930.89,38000.00,0.00,1
CC,207349,Commercial/Ind.(not prime sec RE)CL,0.090000,0.0072073233161,1/20/17,1/20/22,1826.00,1/20/22,3/20/17,59.00,16880.68,343.59,16880.68,0.00,1
CC,67117,Commercial/Ind.(not prime sec RE)CL,0.100000,0.0079741404289,1/24/17,2/24/19,761.00,2/24/19,9/28/18,612.00,12519.64,547.10,12519.64,0.00,1
CC,827811,Commercial/Ind.(not prime sec RE)CL,0.080000,0.0064340301100,3/2/17,3/2/18,365.00,3/2/18,,-42796.00,49000.00,4200.02,49000.00,0.00,1
CC,598777,Commercial/Ind.(not prime sec RE)CL,0.085000,0.0068214933660,3/28/17,3/28/24,2557.00,3/28/24,6/28/19,822.00,472.72,7.33,472.72,0.00,1
CC,184167,Commercial/Ind.(not prime sec RE)CL,0.085000,0.0068214933660,3/28/17,3/28/24,2557.00,3/28/24,9/28/17,184.00,284057.71,4405.96,284057.71,0.00,1
CC,515810,Commercial/Ind.(not prime sec RE)CL,0.100000,0.0079741404289,5/10/17,6/10/22,1857.00,6/10/22,2/28/18,294.00,29942.54,614.78,29942.54,0.00,1
CC,699510,Commercial/Ind.(not prime sec RE)CL,0.100000,0.0079741404289,6/9/17,6/9/18,365.00,6/9/18,5/9/18,334.00,10606.75,918.23,10606.75,0.00,1
CC,289472,Commercial/Ind.(not prime sec RE)CL,0.100000,0.0079741404289,6/26/17,12/26/18,548.00,12/26/18,9/28/18,459.00,3030.66,178.95,3030.66,0.00,1
CC,342227,Commercial/Ind.(not prime sec RE)CL,0.090000,0.0072073233161,9/22/17,9/11/23,2180.00,9/11/23,1/31/19,496.00,36341.27,644.21,36341.27,0.00,1
CC,38535,Commercial/Ind.(not prime sec RE)CL,0.075000,0.0060449190243,10/11/17,10/11/18,365.00,10/11/18,,-43019.00,79450.82,6792.99,79450.82,0.00,1
CC,148294,Commercial/Ind.(not prime sec RE)CL,0.090000,0.0072073233161,2/13/18,2/13/23,1826.00,2/13/23,6/13/18,120.00,82183.24,1672.75,82183.24,0.00,1
CC,598179,Commercial/Ind.(not prime sec RE)CL,0.090000,0.0072073233161,3/9/18,3/14/22,1466.00,2/20/28,6/24/24,2299.00,7980.75,194.34,6408.63,1802.76,1
CC,900995,Commercial/Ind.(not prime sec RE)CL,0.060000,0.0048675505653,3/26/18,9/26/18,184.00,9/26/18,,-43185.00,250000.00,41471.46,250000.00,0.00,1
CC,782115,Commercial/Ind.(not prime sec RE)CL,0.060000,0.0048675505653,3/30/18,9/30/18,184.00,9/30/18,,-43189.00,49500.00,8211.35,49500.00,49500.00,1
CC,31492,Commercial/Ind.(not prime sec RE)CL,0.090000,0.0072073233161,6/25/18,6/25/24,2192.00,7/25/26,2/27/20,612.00,24000.00,423.67,22822.91,22822.91,1
CC,273145,Commercial/Ind.(not prime sec RE)CL,0.000000,0.0000000083333,9/12/18,9/14/24,2194.00,10/14/24,10/17/22,1496.00,16895.44,231.02,6489.19,100.00,1
CC,160586,Commercial/Ind.(not prime sec RE)CL,0.095000,0.0075915342906,4/6/99,4/20/01,745.00,9/1/03,12/26/01,995.00,15091.00,669.07,8500.00,3614.08,0
CC,988102,SBA - Equipment,0.087500,0.0070146116041,3/23/06,3/23/09,1096.00,3/23/13,2/11/09,1056.00,101500.00,3159.14,59124.58,0.00,0
CC,476497,SBA - Equipment,0.097500,0.0077830370879,4/10/06,4/10/14,2922.00,9/10/10,3/24/11,1809.00,35300.00,518.33,12735.44,2973.48,0
CC,888792,SBA - Equipment,0.092500,0.0073996302872,4/21/06,4/21/16,3653.00,4/21/16,1/4/16,3545.00,150000.00,1873.33,20573.84,1747.47,1
CC,308960,Commercial/Ind.(not prime sec RE)CL,0.097500,0.0077830370879,4/28/06,4/28/07,365.00,6/28/15,11/15/10,1662.00,25100.00,2170.24,7945.39,0.00,0
CC,458492,Commercial/Ind.(not prime sec RE)CL,0.085000,0.0068214933660,5/15/06,5/15/07,365.00,7/10/09,6/30/09,1142.00,50000.00,4296.48,47458.12,0.00,0
CC,25223,Commercial/Ind.(not prime sec RE)CL,0.082500,0.0066279668044,5/31/06,6/5/11,1831.00,6/5/11,5/12/09,1077.00,118170.00,2360.42,58442.22,3500.00,0
CC,678962,Commercial/Ind.(not prime sec RE)CL,0.090000,0.0072073233161,11/22/06,11/22/07,365.00,6/10/12,12/29/11,1863.00,10100.00,870.05,2472.08,0.00,0
CC,850651,Non-Farm/Non-Residential Proprty-RE,5.00000%,0.41667%,1/18/07,1/18/27,7305,6/3/12,9/27/12,2079,"$1,550,000.00","$10,143.74 ","$762,278.57",$0.00,$0.00
CC,125288,Commercial/Ind.(not prime sec RE)CL,0.070000,0.0056541453874,1/17/07,7/17/07,181.00,1/17/12,3/26/12,1895.00,50350.00,8512.02,23368.52,0.00,0
CC,329821,Commercial/Ind.(not prime sec RE)CL,0.080500,0.0064728503468,2/7/07,2/15/12,1834.00,2/15/12,2/5/09,729.00,30324.00,602.21,16000.00,0.00,0
CC,386701,Commercial/Ind.(not prime sec RE)CL,0.077500,0.0062396814613,2/23/07,2/23/09,731.00,3/15/11,5/1/12,1894.00,3400000.00,150845.07,905000.60,0.00,0
CC,954163,Commercial/Ind.(not prime sec RE)CL,0.087500,0.0070146116041,3/7/07,3/7/12,1827.00,2/20/12,5/1/12,1882.00,124992.00,2529.00,39268.81,0.00,0
CC,96501,SBA - Equipment,0.082500,0.0066279668044,4/13/07,4/13/14,2557.00,4/13/14,11/30/09,962.00,52556.00,809.08,14615.62,1570.00,0
CC,93014,Commercial/Ind.(not prime sec RE)CL,0.059715,0.0048450251674,5/7/07,5/10/12,1830.00,4/15/12,12/14/11,1682.00,1513091.00,28710.15,1292984.14,117434.36,0
CC,386982,Commercial/Ind.(not prime sec RE)CL,0.085000,0.0068214933660,5/4/07,5/4/12,1827.00,7/15/12,8/24/09,843.00,75387.00,1516.92,17324.12,0.00,0
CC,581101,SBA - Equipment,0.097500,0.0077830370879,4/1/08,5/1/16,2952.00,5/1/16,4/21/10,750.00,52000.00,758.35,33812.52,0.00,1
CC,936773,SBA - Equipment,0.105000,0.0083551556836,12/11/08,12/11/15,2556.00,12/11/15,5/7/10,512.00,150000.00,2467.97,93094.94,2585.84,1
CC,472444,Commercial/Ind.(not prime sec RE)CL,0.062500,0.0050648349498,11/7/13,11/7/14,365.00,11/7/14,5/27/14,201.00,75772.00,6437.45,42000.00,0.00,0
CC,858010,SBA - Equipment,0.095000,0.0075915342906,9/19/96,9/19/03,2556.00,9/19/03,12/8/98,810.00,75000.00,1198.66,51114.64,7806.51,0
CC,786556,SBA - Equipment,0.100000,0.0079741404289,9/3/97,9/3/02,1826.00,9/3/02,3/9/99,552.00,50000.00,1040.09,41905.79,0.00,0
CC,677033,SBA - Equipment,0.100000,0.0079741404289,2/11/98,2/11/05,2557.00,2/11/05,3/9/99,391.00,32000.00,518.81,25107.23,0.00,0
CC,426319,Commercial/Ind.(not prime sec RE)CL,0.102500,0.0081648460519,5/4/01,6/15/03,772.00,6/15/03,9/27/01,146.00,16608.86,718.22,16608.86,0.00,0
CC,982411,Commercial/Ind.(not prime sec RE)CL,0.092500,0.0073996302872,11/22/02,11/22/03,365.00,11/22/03,12/3/03,376.00,20200.00,1742.26,20200.00,16496.20,0
CC,343059,Commercial/Ind.(not prime sec RE)CL,0.150000,0.0117149169199,3/11/03,9/11/04,550.00,9/11/04,12/8/04,638.00,18418.22,1122.22,15917.62,0.00,0
CC,798364,Commercial/Ind.(not prime sec RE)CL,0.092500,0.0073996302872,11/26/04,11/26/09,1826.00,11/26/09,12/13/07,1112.00,60612.00,1240.46,34337.23,4000.00,0
CC,681742,SBA - Equipment,0.085000,0.0068214933660,6/29/06,6/30/10,1462.00,6/30/10,11/6/09,1226.00,153000.00,3700.84,57923.09,0.00,0
CC,2632,SBA - Equipment,0.095000,0.0075915342906,3/16/07,3/15/17,3652.00,3/15/17,9/14/10,1278.00,150000.00,1892.39,123516.52,0.00,1
CC,574596,SBA - Equipment,0.086500,0.0069374131924,2/15/08,2/15/16,2922.00,2/15/16,6/3/10,839.00,125000.00,1769.70,62615.77,1726.73,1
CC,420928,Commercial/Ind.(not prime sec RE)CL,0.072500,0.0058497409526,8/4/97,8/10/02,1832.00,8/10/02,6/21/01,1417.00,31734.82,619.51,23545.97,0.00,0
CC,406734,Commercial/Ind.(not prime sec RE)CL,0.090000,0.0072073233161,8/16/00,8/16/02,730.00,10/10/01,4/1/02,593.00,8860.00,398.28,7208.14,0.00,0
CC,71284,Commercial/Ind.(not prime sec RE)CL,0.082500,0.0066279668044,4/9/07,4/15/12,1833.00,9/15/12,9/24/09,899.00,148954.74,2972.71,35568.56,18650.36,0
CC,444583,Commercial/Ind.(not prime sec RE)CL,0.090000,0.0072073233161,3/13/00,3/13/01,365.00,10/10/01,12/31/01,658.00,10050.00,865.74,9450.00,450.00,0
CC,585009,Commercial/Ind.(not prime sec RE)CL,0.110000,0.0087345938236,8/16/00,11/16/00,92.00,10/10/01,4/1/02,593.00,11260.00,3737.15,7000.00,0.00,0
CC,854055,B & I Non Real Estate,0.035000,0.0028708987191,6/27/07,7/10/17,3666.00,9/15/10,3/28/12,1736.00,2350000.00,22828.22,2042635.52,341.25,1
CC,747626,Commercial/Ind.(not prime sec RE)CL,0.089000,0.0071302873000,9/6/06,9/6/10,1461.00,9/6/10,4/3/09,940.00,177237.00,4320.57,132667.46,4600.00,0
CC,870164,Commercial/Ind.(not prime sec RE)CL,0.077500,0.0062396814613,11/17/06,11/17/11,1826.00,11/17/11,3/9/10,1208.00,150762.00,2984.60,127195.31,46200.00,0
CC,160622,Commercial/Ind.(not prime sec RE)CL,0.087500,0.0070146116041,1/11/07,1/11/08,365.00,3/27/11,12/21/10,1440.00,50500.00,4344.85,40000.00,0.00,0
CC,739376,Commercial/Ind.(not prime sec RE)CL,0.087500,0.0070146116041,2/21/07,2/21/08,365.00,3/20/11,5/6/11,1535.00,20200.00,1737.94,13997.38,0.00,0
CC,211799,Commercial/Ind.(not prime sec RE)CL,0.092500,0.0073996302872,3/1/07,3/1/11,1461.00,3/10/12,3/23/12,1849.00,50512.00,1239.08,19750.10,2200.00,0
CC,139320,Commercial/Ind.(not prime sec RE)CL,0.092500,0.0073996302872,3/1/07,3/1/11,1461.00,3/10/12,3/23/12,1849.00,30300.00,743.27,25617.92,0.00,0
CC,408964,Commercial/Ind.(not prime sec RE)CL,0.080000,0.0064340301100,3/1/07,3/1/12,1827.00,3/1/12,12/16/08,656.00,151512.00,3014.94,130711.00,16320.00,0
CC,288699,Commercial/Ind.(not prime sec RE)CL,0.082500,0.0066279668044,5/9/07,5/9/08,366.00,5/9/10,6/29/10,1147.00,25125.00,2150.63,25125.00,0.00,0
CC,490580,Commercial/Ind.(not prime sec RE)CL,0.085000,0.0068214933660,8/21/07,8/21/08,366.00,5/25/11,3/31/11,1318.00,20200.00,1731.23,24127.30,0.00,0
CC,17731,Commercial/Ind.(not prime sec RE)CL,0.087500,0.0070146116041,9/12/07,11/12/07,61.00,8/15/09,6/26/09,653.00,30300.00,15060.37,30300.00,0.00,0
CC,430357,Commercial/Ind.(not prime sec RE)CL,0.095000,0.0075915342906,12/7/07,12/7/11,1461.00,11/7/14,11/25/14,2545.00,40412.00,995.75,17897.72,1042.48,0
CC,909535,Commercial/Ind.(not prime sec RE)CL,0.092500,0.0073996302872,12/14/07,10/28/11,1414.00,10/28/11,3/25/09,467.00,25262.00,636.82,20129.39,0.00,0
CC,827427,Commercial/Ind.(not prime sec RE)CL,0.087500,0.0070146116041,2/1/08,2/1/12,1461.00,2/1/12,9/18/09,595.00,30312.00,736.94,21750.15,0.00,0
CC,831199,Commercial/Ind.(not prime sec RE)CL,0.085000,0.0068214933660,2/7/08,2/7/13,1827.00,3/7/13,12/21/09,683.00,65662.00,1321.23,47642.52,10500.00,0
CC,193958,Commercial/Ind.(not prime sec RE)CL,0.068900,0.0055679505949,2/8/08,2/8/12,1461.00,2/8/12,7/28/09,536.00,48759.50,1145.86,28500.00,0.00,0
CC,282884,Commercial/Ind.(not prime sec RE)CL,0.095000,0.0075915342906,6/27/08,6/27/09,365.00,6/27/09,3/25/09,271.00,8100.00,699.49,8100.00,0.00,0
CC,837679,Commercial/Ind.(not prime sec RE)CL,0.092500,0.0073996302872,7/10/08,7/10/09,365.00,1/10/10,7/2/10,722.00,15180.00,1309.28,10565.18,400.00,0
CC,533148,Commercial/Ind.(not prime sec RE)CL,0.090000,0.0072073233161,9/4/08,9/20/13,1842.00,9/20/11,3/25/11,932.00,25250.00,510.38,16919.41,0.00,0
CC,509968,Commercial/Ind.(not prime sec RE)CL,0.090000,0.0072073233161,9/4/08,9/4/09,365.00,9/20/11,3/25/11,932.00,10112.00,871.09,9249.72,0.00,0
CC,964268,SBA - Equipment,0.090000,0.0072073233161,6/6/12,6/6/19,2556.00,6/6/19,9/24/13,475.00,61000.00,960.64,45906.15,668.36,1
CC,501491,Commercial/Ind.(not prime sec RE)CL,0.092500,0.0073996302872,9/3/15,9/3/16,366.00,2/4/20,8/13/18,1075.00,40000.00,3441.01,36534.08,7012.07,1
CC,852204,Commercial/Ind.(not prime sec RE)CL,0.120000,0.0094887929346,3/11/09,9/11/09,184.00,9/11/09,3/17/09,6.00,12931.63,2180.35,12931.63,98.87,0
CC,200033,SBA - Equipment,0.082500,0.0066279668044,9/10/07,9/10/15,2922.00,9/10/15,9/18/09,739.00,35000.00,488.88,15557.13,0.00,1
CC,581267,SBA - Equipment,0.077500,0.0062396814613,10/29/07,10/29/15,2922.00,10/29/15,6/2/11,1312.00,75800.00,1040.88,38018.05,3995.27,1
CC,170001,Commercial/Ind.(not prime sec RE)CL,0.082500,0.0066279668044,12/12/07,12/12/08,366.00,12/12/10,12/21/10,1105.00,10000.00,855.97,9911.72,5081.86,0
CC,522862,Commercial/Ind.(not prime sec RE)CL,0.087500,0.0070146116041,6/27/08,6/27/09,365.00,1/15/14,7/3/12,1467.00,100000.00,8603.67,93099.61,1000.00,0
CC,259853,Commercial/Ind.(not prime sec RE)CL,0.092500,0.0073996302872,11/17/08,11/17/09,365.00,11/17/10,3/17/11,850.00,25137.00,2168.08,25064.06,0.00,0
CC,146270,SBA - Equipment,0.087500,0.0070146116041,4/28/09,4/28/16,2557.00,4/28/16,6/11/15,2235.00,158000.00,2469.09,94646.25,2042.74,1
CC,520384,Commercial/Ind.(not prime sec RE)CL,0.105000,0.0083551556836,6/16/09,8/16/09,61.00,5/16/17,9/20/17,3018.00,15050.00,7495.57,1379.04,255.49,0
CC,429477,Commercial/Ind.(not prime sec RE)CL,8.00000%,0.66667%,7/1/20,4/1/31,3926,4/1/31,7/31/20,30,"$103,000.00","$1,182.16 ","$103,000.00","$42,300.28",$0.00
CC,30673,Commercial/Ind.(not prime sec RE)CL,8.50000%,0.70833%,12/23/19,12/23/29,3653,4/23/30,12/29/22,1102,"$172,081.30","$2,113.90 ","$108,053.55","$34,486.58",$0.00
CC,779045,Commercial/Ind.(not prime sec RE)CL,0.097500,0.0077830370879,5/18/07,3/18/13,2131.00,3/18/13,12/1/10,1293.00,835993.98,15365.17,835993.98,0.00,0
CC,5942,Commercial/Ind.(not prime sec RE)CL,0.100000,0.0079741404289,12/14/12,12/14/19,2556.00,12/14/19,1/31/19,2239.00,11125.21,180.42,11125.21,0.00,1
CC,964872,Commercial/Ind.(not prime sec RE)CL,0.090000,0.0072073233161,2/25/13,6/25/18,1946.00,6/25/18,6/30/17,1586.00,30000.00,580.63,30000.00,0.00,1
CI,896594,Recreational Vehicles (Consumer) IL,0.097500,0.0077830370879,9/30/94,10/10/99,1836.00,7/10/00,3/10/00,1988.00,5531.00,113.95,560.00,0.00,0
CI,909519,Vehicles (Consumer) - IL,0.087500,0.0070146116041,6/6/97,6/5/02,1825.00,2/5/03,8/26/02,1907.00,10024.58,203.01,4156.02,0.00,0
CI,663852,Dealer Loan (Consumer) - IL,0.090000,0.0072073233161,6/12/97,7/20/02,1864.00,1/20/03,12/27/01,1659.00,12354.21,247.37,4932.77,1.37,0
CI,195112,Dealer Loan (Consumer) - IL,0.100000,0.0079741404289,5/13/97,6/5/02,1849.00,2/25/03,3/30/99,686.00,13312.38,274.24,5452.86,7300.00,0
CI,938721,Dealer Loan (Consumer) - IL,0.125000,0.0098635805532,2/18/97,2/20/02,1828.00,3/20/02,3/30/99,770.00,14777.25,323.81,7284.18,1871.82,0
CI,703289,Dealer Loan (Consumer) - IL,0.105000,0.0083551556836,12/30/96,2/13/03,2236.00,1/10/03,7/16/99,928.00,36015.45,651.14,24153.28,0.00,0
CI,197266,Interest Only Home Equity,7.25000%,0.60417%,3/16/07,12/31/99,2919308,5/15/17,2/22/16,3265,"$340,000.00","$2,054.17 ","$239,040.00",$0.00,"$11,898.15"
CI,879400,Surecash,15.15000%,1.26250%,8/5/96,12/31/99,2923183,12/31/99,5/4/11,5385,"$10,000.00",$126.25 ,"$2,192.52",$0.00,$0.00
CI,390466,Surecash,15.15000%,1.26250%,6/24/02,12/31/99,2921034,12/31/99,3/23/11,3194,"$4,000.00",$50.50 ,"$1,936.56",$931.86,$300.00
CI,474376,Surecash,13.90000%,1.15833%,8/9/05,12/31/99,2919892,12/31/99,12/20/12,2690,"$10,000.00",$115.83 ,"$9,555.75","$9,555.75","$13,689.51"
CI,178391,Surecash,15.15000%,1.26250%,10/5/04,12/31/99,2920200,12/31/99,4/8/11,2376,"$2,500.00",$31.56 ,"$1,302.39",$0.00,"$3,264.29"
CI,284086,Surecash,15.15000%,1.26250%,3/31/06,12/31/99,2919658,12/31/99,6/16/11,1903,"$1,000.00",$12.63 ,"$1,000.00",$0.00,"$4,846.53"
CI,691224,Surecash,15.15000%,1.26250%,10/23/06,12/31/99,2919452,12/31/99,2/7/11,1568,"$1,500.00",$18.94 ,"$1,500.00",$668.38,$0.00
CI,874631,Surecash,15.15000%,1.26250%,5/30/07,12/31/99,2919233,12/31/99,6/16/11,1478,"$1,000.00",$12.63 ,$344.62,$318.22,$0.00
CI,371800,Surecash,15.15000%,1.26250%,9/14/95,12/31/99,2923509,12/31/99,7/29/20,9085,"$1,000.00",$12.63 ,$468.02,$0.00,"$8,874.20"
CI,905094,Surecash,15.15000%,1.26250%,9/14/95,12/31/99,2923509,12/31/99,1/20/21,9260,"$2,000.00",$25.25 ,$683.97,$575.86,$200.00
CI,195517,Surecash,15.15000%,1.26250%,9/14/95,12/31/99,2923509,12/31/99,3/19/20,8953,$500.00,$6.31 ,$397.96,$0.00,"$1,402.48"
CI,17172,Surecash,15.15000%,1.26250%,5/24/00,12/31/99,2921795,12/31/99,8/21/25,9220,$500.00,$6.31 ,$203.75,$0.00,"$1,200.00"
CI,84068,Surecash,15.15000%,1.26250%,8/27/98,12/31/99,2922431,12/31/99,8/17/10,4373,$500.00,$6.31 ,$36.20,$37.09,$0.00
CI,798488,Surecash,15.15000%,1.26250%,2/29/00,12/31/99,2921880,12/31/99,2/3/11,3992,$300.00,$3.79 ,$252.46,$53.58,"$6,500.00"
CI,124469,Surecash,15.15000%,1.26250%,3/5/02,12/31/99,2921145,12/31/99,12/9/11,3566,$100.00,$1.26 ,$100.00,$0.00,$0.00
CI,579100,Surecash,15.15000%,1.26250%,1/7/10,12/31/99,2918280,12/31/99,3/28/13,1176,"$1,000.00",$12.63 ,$845.44,$137.64,$245.77
CI,726410,Surecash,15.90000%,1.32500%,2/21/17,12/31/99,2915678,12/31/99,12/21/18,668,$500.00,$6.63 ,$500.00,$500.00,"$3,481.51"
CI,113945,Surecash,15.15000%,1.26250%,6/3/04,12/31/99,2920324,12/31/99,9/4/13,3380,$600.00,$7.58 ,$370.41,$370.41,"$1,339.76"
CI,515008,Surecash,15.15000%,1.26250%,4/7/05,12/31/99,2920016,12/31/99,6/6/12,2617,$700.00,$8.84 ,"$2,779.77",$0.00,$283.64
CI,477879,Surecash,15.15000%,1.26250%,1/10/05,12/31/99,2920103,12/31/99,6/29/11,2361,$500.00,$6.31 ,$386.45,$125.00,$836.20
CI,817781,Surecash,15.15000%,1.26250%,4/21/05,12/31/99,2920002,12/31/99,3/15/11,2154,$300.00,$3.79 ,$300.00,$0.00,$0.00
CI,769563,Surecash,15.15000%,1.26250%,5/18/05,12/31/99,2919975,12/31/99,6/28/12,2598,$500.00,$6.31 ,$576.16,$0.00,$275.00
CI,661598,Surecash,11.65000%,0.97083%,3/5/98,12/31/99,2922606,12/31/99,6/16/11,4851,$900.00,$8.74 ,$902.97,$859.56,$0.00
CI,985323,Surecash,15.15000%,1.26250%,3/5/98,12/31/99,2922606,12/31/99,3/30/12,5139,$300.00,$3.79 ,$238.64,$11.00,"$1,460.71"
CI,361640,Surecash,15.15000%,1.26250%,9/27/10,12/31/99,2918017,12/31/99,9/27/12,731,$200.00,$2.53 ,$300.00,$0.00,$0.00
CI,408581,Surecash,15.15000%,1.26250%,10/7/97,12/31/99,2922755,12/31/99,12/23/11,5190,$500.00,$6.31 ,$461.63,$479.45,$54.00
CI,747521,Surecash,15.15000%,1.26250%,1/16/98,12/31/99,2922654,12/31/99,1/31/12,5128,$500.00,$6.31 ,$274.78,$274.78,"$2,465.72"
CI,631961,Surecash,15.15000%,1.26250%,5/5/98,12/31/99,2922545,12/31/99,6/17/10,4426,$500.00,$6.31 ,$354.63,$0.00,$130.00
CI,479213,Surecash,15.15000%,1.26250%,11/26/99,12/31/99,2921975,12/31/99,3/31/11,4143,$200.00,$2.53 ,$180.93,$0.00,$50.00
CI,482349,Surecash,15.15000%,1.26250%,3/31/00,12/31/99,2921849,12/31/99,2/11/11,3969,"$2,000.00",$25.25 ,"$1,632.53",$0.00,"$6,320.00"
CI,238013,Surecash,15.15000%,1.26250%,8/17/09,12/31/99,2918423,12/31/99,9/22/17,2958,$300.00,$3.79 ,$217.13,$0.00,"$3,433.16"
CI,112986,Surecash,15.15000%,1.26250%,1/28/03,12/31/99,2920816,12/31/99,12/12/13,3971,"$1,500.00",$18.94 ,"$3,391.24","$1,900.41","$4,242.00"
CI,950901,Surecash,15.15000%,1.26250%,4/22/03,12/31/99,2920732,12/31/99,6/15/12,3342,$500.00,$6.31 ,"$5,845.24",$0.00,"$6,020.00"
CI,933114,Vehicles (Consumer) - IL,0.110000,0.0087345938236,12/4/97,12/20/00,1112.00,4/20/01,3/30/99,481.00,4072.67,129.09,3997.67,300.00,0
CI,706255,Vehicles (Consumer) - IL,0.110000,0.0087345938236,2/19/98,8/20/00,913.00,8/20/00,3/30/99,404.00,6083.76,228.52,2000.00,3636.00,0
CI,823424,Recreational Vehicles (Consumer) IL,0.097500,0.0077830370879,3/6/98,3/25/01,1115.00,3/25/01,1/7/99,307.00,4644.87,144.40,3040.00,195.13,0
CI,432866,Surecash,15.15000%,1.26250%,10/23/06,12/31/99,2919452,12/31/99,10/1/14,2900,"$1,000.00",$12.63 ,$147.79,$0.00,$0.00
CI,860963,Vehicles (Consumer) - IL,0.087500,0.0070146116041,10/16/98,4/25/01,922.00,4/25/01,9/28/01,1078.00,3602.97,130.73,2060.48,0.00,0
CI,211373,Vehicles (Consumer) - IL,0.087500,0.0070146116041,10/16/98,4/20/01,917.00,4/20/01,12/29/99,439.00,3582.97,130.64,3301.36,150.00,0
CI,357355,Dealer Loan (Consumer) - IL,0.100000,0.0079741404289,12/10/98,6/24/03,1657.00,6/24/03,9/26/00,656.00,13187.50,296.12,18739.82,11898.15,0
CI,384190,Vehicles (Consumer) - IL,0.085000,0.0068214933660,5/6/99,5/10/04,1831.00,7/10/04,4/27/01,722.00,16090.54,323.20,8066.93,0.00,0
CI,22540,Surecash,15.15000%,1.26250%,10/1/07,12/31/99,2919109,12/31/99,6/27/12,1731,$300.00,$3.79 ,$151.62,$0.00,$50.00
CI,780476,Vehicles (Consumer) - IL,0.137500,0.0107939110821,7/16/99,1/25/02,924.00,1/25/02,12/27/01,895.00,4550.00,174.43,1724.80,300.00,0
CI,250562,Vehicles (Consumer) - IL,0.120000,0.0094887929346,10/7/99,11/1/01,756.00,11/1/01,12/27/01,812.00,28562.53,1279.68,26057.46,13689.51,0
CI,515119,Vehicles (Consumer) - IL,0.100000,0.0079741404289,11/10/99,5/4/02,906.00,12/10/04,12/20/02,1136.00,5050.00,188.82,2259.18,3264.29,0
CI,513153,Vehicles (Consumer) - IL,0.112500,0.0089237257287,12/14/99,12/20/02,1102.00,12/20/02,3/19/02,826.00,13442.09,430.80,6647.77,4846.53,0
CI,530738,Vehicles (Consumer) - IL,0.120000,0.0094887929346,4/24/00,5/25/04,1492.00,2/5/08,9/20/04,1610.00,19996.74,506.26,10019.10,0.00,0
CI,818625,Surecash,15.15000%,1.26250%,7/11/12,12/31/99,2917364,12/31/99,5/31/13,324,$300.00,$3.79 ,$299.77,$299.77,$300.00
CI,911365,Surecash,15.15000%,1.26250%,6/10/09,12/31/99,2918491,12/31/99,8/15/11,796,"$1,000.00",$12.63 ,$928.44,$0.00,$0.00
CI,287787,Vehicles (Consumer) - IL,0.125000,0.0098635805532,8/8/00,8/15/05,1833.00,8/15/05,2/18/04,1289.00,12974.37,283.74,4858.39,0.00,0
CI,640944,Vehicles (Consumer) - IL,0.117500,0.0093008236189,9/19/00,3/20/03,912.00,3/20/03,3/27/02,554.00,8576.45,325.18,7504.02,8874.20,0
CI,836324,Vehicles (Consumer) - IL,0.125000,0.0098635805532,10/16/00,10/15/03,1094.00,1/15/04,9/23/03,1072.00,5694.05,186.67,1913.81,200.00,0
CI,761318,Surecash,15.15000%,1.26250%,9/9/10,12/31/99,2918035,12/31/99,12/3/12,816,$515.00,$6.50 ,$170.91,$0.00,$0.00
CI,914450,Surecash,15.15000%,1.26250%,11/24/10,12/31/99,2917959,12/31/99,3/19/20,3403,$500.00,$6.31 ,$362.64,$0.00,$0.00
CI,829809,Surecash,15.15000%,1.26250%,7/26/11,12/31/99,2917715,12/31/99,1/31/12,189,$800.00,$10.10 ,$399.74,$74.37,$0.00
CI,878605,Surecash,15.15000%,1.26250%,11/23/12,12/31/99,2917229,12/31/99,12/29/25,4784,$200.00,$2.53 ,$200.00,$0.00,"$13,587.37"
CI,107719,Vehicles (Consumer) - IL,0.100000,0.0079741404289,2/8/01,2/20/06,1838.00,5/23/06,12/20/02,680.00,16738.73,346.43,8846.30,1402.48,0
CI,942187,Vehicles (Consumer) - IL,0.095000,0.0075915342906,3/16/01,3/16/06,1826.00,4/16/06,9/25/02,558.00,16050.00,330.27,14622.90,1200.00,0
CI,760680,Vehicles (Consumer) - IL,0.095000,0.0075915342906,5/14/01,5/14/06,1826.00,10/14/06,8/3/04,1177.00,16075.00,330.78,5761.63,0.00,0
CI,812066,Vehicles (Consumer) - IL,0.085000,0.0068214933660,5/31/01,6/10/06,1836.00,8/10/06,6/27/03,757.00,12311.25,246.74,12728.65,6500.00,0
CI,271691,Surecash,15.15000%,1.26250%,5/3/13,12/31/99,2917068,12/31/99,12/9/13,220,"$3,500.00",$44.19 ,"$3,265.91",$0.00,$0.00
CI,986211,Vehicles (Consumer) - IL,0.120000,0.0094887929346,6/25/01,6/15/04,1086.00,1/15/06,12/11/03,899.00,5155.82,168.95,3118.71,0.00,0
CI,27159,Vehicles (Consumer) - IL,0.100000,0.0079741404289,7/17/01,7/20/06,1829.00,11/20/06,12/15/04,1247.00,20334.39,422.45,7048.40,245.77,0
CI,34308,Surecash,15.15000%,1.26250%,7/30/12,12/31/99,2917345,12/31/99,3/27/17,1701,$300.00,$3.79 ,$291.05,$291.05,"$15,883.93"
CI,690814,Vehicles (Consumer) - IL,0.085000,0.0068214933660,5/30/02,6/10/06,1472.00,7/10/06,9/26/03,484.00,7252.00,174.41,6877.66,3481.51,0
CI,64916,Vehicles (Consumer) - IL,0.095000,0.0075915342906,6/5/02,12/10/05,1284.00,12/10/05,3/22/05,1021.00,11323.97,310.88,7795.46,1339.76,0
CI,573994,Statement/Unsecured (Consumer) -IL,0.000000,0.0000000083333,6/13/02,7/13/02,30.00,2/10/04,9/3/03,447.00,6050.00,6050.00,5785.78,283.64,0
CI,169029,Surecash,15.15000%,1.26250%,11/13/12,12/31/99,2917239,12/31/99,4/15/13,153,$311.00,$3.93 ,$296.15,$0.00,$0.00
CI,745281,Vehicles (Consumer) - IL,0.122500,0.0096763780332,7/31/02,8/1/04,732.00,10/20/04,12/11/03,498.00,7488.42,346.03,4859.11,836.20,0
CI,806603,Vehicles (Consumer) - IL,0.125000,0.0098635805532,9/10/02,9/9/04,730.00,9/9/04,9/23/03,378.00,2507.56,116.42,2108.76,0.00,0
CI,656124,Recreational Vehicles (Consumer) IL,0.092500,0.0073996302872,9/17/02,9/17/07,1826.00,7/15/09,12/13/07,1913.00,14228.34,291.19,2504.11,275.00,0
CI,140690,Vehicles (Consumer) - IL,0.127500,0.0100504021224,12/16/02,12/16/04,731.00,2/28/05,6/11/04,543.00,4566.42,212.22,2970.77,0.00,0
CI,110583,Vehicles (Consumer) - IL,0.077500,0.0062396814613,4/7/03,4/10/06,1099.00,6/10/06,6/28/05,813.00,5296.22,162.17,2684.02,1460.71,0
CI,79971,Vehicles (Consumer) - IL,0.080000,0.0064340301100,4/24/03,4/24/07,1461.00,5/24/07,6/24/04,427.00,9140.20,219.22,3831.48,0.00,0
CI,195335,Recreational Vehicles (Consumer) IL,0.075000,0.0060449190243,5/15/03,5/15/06,1096.00,5/15/06,3/16/04,306.00,5904.00,180.59,6525.47,54.00,0
CI,375256,Statement/Unsecured (Consumer) -IL,0.120000,0.0094887929346,5/15/03,5/15/05,731.00,7/28/07,6/29/07,1506.00,15050.00,694.71,8211.73,2465.72,0
CI,337692,Statement/Unsecured (Consumer) -IL,0.105000,0.0083551556836,7/2/03,1/15/06,928.00,3/15/06,12/8/05,890.00,3340.61,123.00,912.01,130.00,0
CI,359518,Vehicles (Consumer) - IL,0.125000,0.0098635805532,8/1/03,7/30/05,729.00,8/30/05,6/28/05,697.00,3550.00,165.01,664.74,50.00,0
CI,277004,Vehicles (Consumer) - IL,0.060000,0.0048675505653,10/15/03,4/20/08,1649.00,5/20/08,3/22/05,524.00,17189.75,357.19,13904.53,6320.00,0
CI,485370,Vehicles (Consumer) - IL,0.077500,0.0062396814613,11/12/03,11/15/07,1464.00,11/15/07,12/21/04,405.00,29715.91,708.22,27868.69,3433.16,0
CI,283972,Vehicles (Consumer) - IL,0.085000,0.0068214933660,3/8/04,3/8/09,1826.00,6/20/09,9/22/05,563.00,16355.24,329.24,13660.68,4242.00,0
CI,761894,Vehicles (Consumer) - IL,0.071500,0.0057715529303,6/29/05,6/29/11,2191.00,7/29/11,12/16/08,1266.00,36520.06,614.24,19325.02,6020.00,0
CI,612833,Vehicles (Consumer) - IL,0.100000,0.0079741404289,7/28/05,3/20/07,600.00,9/15/08,9/24/07,788.00,8475.10,460.13,2688.69,1778.87,0
CI,678491,Vehicles (Consumer) - IL,0.136500,0.0107198303921,8/2/05,8/20/07,748.00,11/20/07,6/15/06,317.00,3126.83,143.58,2745.28,0.00,0
CI,575392,Vehicles (Consumer) - IL,0.076500,0.0061618262442,8/15/05,8/15/10,1826.00,8/15/10,12/13/07,850.00,20580.94,406.52,1676.52,337.84,0
CI,262642,Statement/Unsecured (Consumer) -IL,0.095000,0.0075915342906,8/16/05,3/15/07,576.00,3/15/07,12/18/06,489.00,3550.00,199.40,3550.00,0.00,0
CI,936379,Vehicles (Consumer) - IL,0.090000,0.0072073233161,10/28/05,11/1/09,1465.00,2/20/12,12/24/09,1518.00,34238.51,834.23,12524.80,2052.55,0
CI,6359,Vehicles (Consumer) - IL,0.120000,0.0094887929346,1/23/07,1/20/09,728.00,1/20/09,12/13/07,324.00,1960.00,90.81,1183.98,400.00,0
CI,860711,Vehicles (Consumer) - IL,0.094000,0.0075148209323,1/29/07,1/28/11,1460.00,1/28/11,12/16/08,687.00,9060.00,222.97,6093.82,2428.76,0
CI,474216,Commercial/Ind.(not prime sec RE)CL,0.049800,0.0040581847076,2/8/07,2/15/19,4390.00,3/15/30,5/29/24,6320.00,210039.82,1906.30,120478.85,0.00,1
CI,208871,Vehicles (Consumer) - IL,0.149000,0.0116415750097,3/30/07,4/15/09,747.00,4/15/09,9/25/08,545.00,4259.65,198.05,2663.40,50.00,0
CI,561412,Vehicles (Consumer) - IL,0.099000,0.0078977469157,5/2/07,5/21/11,1480.00,5/21/11,11/7/07,189.00,12246.57,300.70,7110.00,0.00,0
CI,591865,Vehicles (Consumer) - IL,0.100000,0.0079741404289,7/18/07,7/20/10,1098.00,10/20/10,3/25/09,616.00,8181.57,258.63,2769.19,0.00,0
CI,683791,Vehicles (Consumer) - IL,0.129000,0.0101623128808,8/23/07,3/10/11,1295.00,5/25/11,9/22/09,761.00,9748.88,280.12,6741.17,3150.00,0
CI,443443,Vehicles (Consumer) - IL,0.114000,0.0090370179501,9/20/07,9/15/11,1456.00,9/15/11,12/12/08,449.00,13141.42,335.68,8105.58,1.64,0
CI,141508,Vehicles (Consumer) - IL,0.124000,0.0097887453502,11/28/07,12/10/10,1108.00,12/10/10,5/8/08,162.00,4597.35,148.93,4216.52,0.00,0
CI,606955,Vehicles (Consumer) - IL,0.149000,0.0116415750097,2/26/08,3/5/10,738.00,6/5/13,6/30/09,490.00,3364.47,158.07,2913.30,300.00,0
CI,456295,Vehicles (Consumer) - IL,0.095000,0.0075915342906,3/19/08,3/15/13,1822.00,4/15/13,3/11/10,722.00,15340.21,316.21,7806.22,0.00,0
CI,956596,Vehicles (Consumer) - IL,0.058900,0.0047806102829,6/6/08,6/5/13,1825.00,7/5/13,9/28/11,1209.00,26269.15,498.68,12032.32,10500.00,0
CI,360003,Vehicles (Consumer) - IL,0.097500,0.0077830370879,7/9/08,7/15/13,1832.00,11/15/13,8/8/12,1491.00,16010.00,330.39,5010.00,0.00,0
CI,523552,Vehicles (Consumer) - IL,0.066500,0.0053796066408,9/11/08,9/15/13,1830.00,11/15/13,11/1/12,1512.00,6560.00,126.44,3162.96,2981.47,0
CI,666317,Recreational Vehicles (Consumer) IL,0.072500,0.0058497409526,6/18/09,6/20/15,2193.00,7/20/15,8/11/10,419.00,18670.62,314.64,5908.07,0.00,1
CI,657650,Vehicles (Consumer) - IL,0.095000,0.0075915342906,2/17/11,8/20/15,1645.00,8/20/15,12/12/13,1029.00,8075.00,180.59,4208.35,0.00,1
CI,297584,Agricultural/Other Lns to Farms -CL,0.055000,0.0044716989170,4/21/11,4/21/12,366.00,4/21/23,11/4/22,4215.00,451500.00,38109.52,137185.00,0.00,0
CI,977584,SBA - Equipment,0.095000,0.0075915342906,9/25/12,10/1/17,1832.00,10/1/17,9/26/14,731.00,100000.00,2052.45,50000.00,13587.37,1
CI,188398,Commercial/Ind.(not prime sec RE)CL,0.055000,0.0044716989170,5/16/12,6/6/15,1116.00,6/6/15,9/26/14,863.00,25362.00,741.57,13207.58,1884.98,1
CI,640483,Commercial/Ind.(not prime sec RE)CL,0.040000,0.0032737397822,5/17/13,5/15/15,728.00,5/13/17,7/28/17,1533.00,125901.44,5405.54,73490.41,0.00,1
CI,785132,Agricultural/Other Lns to Farms -CL,0.052500,0.0042731277662,10/17/14,10/1/15,349.00,10/31/22,11/4/22,2940.00,603000.00,53243.48,162815.00,0.00,1
CI,211227,Vehicles (Consumer) - IL,0.057500,0.0046698392000,6/30/15,1/26/18,941.00,1/26/18,3/22/16,266.00,5029.90,172.76,4629.79,1260.00,1
CI,897031,Vehicles (Consumer) - IL,0.115000,0.0091124684369,8/22/16,2/25/19,917.00,2/25/19,12/11/17,476.00,3080.00,115.90,2077.20,0.00,1
CI,757748,Vehicles (Consumer) - IL,0.072500,0.0058497409526,5/23/17,6/15/22,1849.00,6/15/22,6/27/22,1861.00,10875.00,210.67,880.52,0.00,1
CI,731543,Recreational Vehicles (Consumer) IL,0.080000,0.0064340301100,6/15/17,12/15/19,913.00,3/15/20,9/6/19,813.00,4495.00,163.11,1978.87,1978.87,1
CI,323430,Vehicles (Consumer) - IL,0.037500,0.0030725417033,8/2/17,2/1/22,1644.00,3/1/22,12/21/18,506.00,20081.00,398.72,15883.93,15883.93,1
CI,77479,Vehicles (Consumer) - IL,0.125000,0.0098635805532,8/2/00,8/20/03,1113.00,8/20/03,3/19/02,594.00,6227.64,201.26,4860.95,2427.94,0
CI,277309,Vehicles (Consumer) - IL,0.092500,0.0073996302872,12/7/07,7/15/12,1682.00,7/15/12,12/26/08,385.00,31438.32,687.11,24138.86,6200.00,0
CI,568947,Jr Mort(1-4 Fmly Res/Non Disclose),0.050000,0.0040741237836,4/9/08,4/15/13,1832.00,6/10/22,7/26/22,5221.00,152905.00,2833.35,79761.41,35889.36,0
CI,865027,Surecash,15.15000%,1.26250%,7/3/13,12/31/99,2917007,12/31/99,2/3/15,580,$300.00,$3.79 ,$300.00,$325.00,$0.00
CI,540468,Surecash,11.65000%,0.97083%,7/29/21,12/31/99,2914059,12/31/99,11/4/21,98,$500.00,$4.85 ,$500.00,$500.00,$0.00
CI,120921,Surecash,11.65000%,0.97083%,1/24/17,12/31/99,2915706,12/31/99,3/19/20,1150,"$1,000.00",$9.71 ,$756.37,$756.37,$0.00
CI,359134,Surecash,15.15000%,1.26250%,5/3/16,12/31/99,2915972,12/31/99,11/3/17,549,$300.00,$3.79 ,$300.00,$0.00,$0.00
CI,222749,Surecash,15.15000%,1.26250%,7/26/16,12/31/99,2915888,12/31/99,10/27/25,3380,$100.00,$1.26 ,$59.47,$59.47,$257.21
CI,331194,Surecash,9.75000%,0.81250%,11/10/16,12/31/99,2915781,12/31/99,7/31/24,2820,"$1,000.00",$8.13 ,$944.58,$0.00,$50.00
CI,307038,Surecash,15.15000%,1.26250%,7/18/18,12/31/99,2915166,12/31/99,2/13/20,575,"$1,000.00",$12.63 ,"$1,000.00","$1,000.00",$0.00
CI,909860,Vehicles (Consumer) - IL,2.74000%,0.22833%,6/15/22,6/15/27,1826,10/15/27,6/24/24,740,"$68,305.61","$1,203.28 ","$51,351.66","$41,000.00",$0.00
CI,211451,Statement/Unsecured (Consumer) -IL,0.085000,0.0068214933660,10/14/22,4/15/25,914.00,4/15/25,9/21/23,342.00,3075.00,112.12,2318.64,0.00,1
CI,727071,Vehicles (Consumer) - IL,0.130000,0.0102368443582,4/12/23,10/15/25,917.00,4/15/26,12/16/25,979.00,16665.00,637.70,4654.39,0.00,1
CI,961903,Statement/Unsecured (Consumer) -IL,11.50000%,0.95833%,8/4/23,8/16/26,1108,9/16/26,6/9/25,675,"$18,075.00",$583.42 ,"$9,431.38",$0.00,$0.00
CI,889644,Commercial/Ind.(not prime sec RE)CL,0.107500,0.0085450710395,12/30/24,1/5/26,371.00,1/5/26,12/18/25,353.00,9700.00,829.88,4257.81,0.00,1
CI,940934,Recreational Vehicles (Consumer) IL,10.24000%,0.85333%,6/13/25,6/13/28,1096,6/13/28,9/30/25,109,"$4,081.00",$130.49 ,"$4,081.00","$4,081.00",$240.89
CI,708758,Commercial/Ind.(not prime sec RE)CL,0.060000,0.0048675505653,10/9/18,4/20/19,193.00,4/20/24,3/24/21,897.00,122450.00,19379.53,51415.91,0.00,1
CI,720744,Vehicles (Consumer) - IL,0.132500,0.0104229088674,3/1/19,9/5/21,919.00,10/5/21,8/27/20,545.00,2428.20,93.00,1537.19,391.46,1
CI,496838,Recreational Vehicles (Consumer) IL,0.115000,0.0091124684369,5/1/19,5/1/24,1827.00,5/1/24,9/21/21,874.00,6109.00,131.15,3984.96,2822.64,1
CI,512932,Recreational Vehicles (Consumer) IL,8.75000%,0.72917%,3/31/22,4/15/28,2207,4/15/28,12/17/24,992,"$25,861.15",$455.46 ,"$18,407.60","$18,407.60",$0.00
CI,292462,Vehicles (Consumer) - IL,7.75000%,0.64583%,4/12/22,4/16/26,1465,4/16/26,3/28/23,350,"$6,443.25",$154.26 ,"$5,248.31","$1,810.96","$1,500.00"
CI,862735,Vehicles (Consumer) - IL,0.105000,0.0083551556836,7/5/95,1/15/99,1290.00,11/15/00,12/15/98,1259.00,7000.83,194.48,4749.79,3000.00,0
CI,998113,Vehicles (Consumer) - IL,0.105000,0.0083551556836,4/28/97,4/28/99,730.00,1/28/02,10/22/99,907.00,5045.00,229.98,1679.96,2185.00,0
CI,382871,Vehicles (Consumer) - IL,0.110000,0.0087345938236,11/17/97,11/22/00,1101.00,12/22/00,12/15/98,393.00,6970.92,222.83,6482.18,450.00,0
CI,277815,Recreational Vehicles (Consumer) IL,0.120000,0.0094887929346,12/19/97,12/20/02,1827.00,4/20/03,6/27/00,921.00,10050.00,218.03,5914.58,14.33,0
CI,723391,Vehicles (Consumer) - IL,0.090000,0.0072073233161,7/3/98,7/3/03,1826.00,7/3/03,6/27/00,725.00,11152.29,226.99,5916.27,0.00,0
CI,227838,Vehicles (Consumer) - IL,0.105000,0.0083551556836,1/15/99,1/15/03,1461.00,1/15/03,9/26/00,620.00,6841.19,171.57,5477.12,1450.00,0
CI,416060,Vehicles (Consumer) - IL,0.100000,0.0079741404289,8/17/99,8/17/01,731.00,8/17/01,6/27/01,680.00,4716.78,213.76,1961.29,0.00,0
CI,470353,Vehicles (Consumer) - IL,0.105000,0.0083551556836,12/13/00,12/25/05,1838.00,3/25/06,12/6/05,1819.00,13701.50,286.65,5983.89,3450.00,0
CI,261186,Vehicles (Consumer) - IL,0.090000,0.0072073233161,8/27/01,8/20/04,1089.00,11/20/04,11/6/03,801.00,15842.75,497.58,7700.75,552.52,0
CI,600909,Vehicles (Consumer) - IL,0.112500,0.0089237257287,3/7/02,3/15/06,1469.00,5/15/06,3/24/06,1478.00,3897.98,98.61,567.68,647.06,0
CI,549946,Vehicles (Consumer) - IL,0.090000,0.0072073233161,4/5/02,4/5/03,365.00,4/15/06,6/27/06,1544.00,5186.99,446.83,4211.10,410.14,0
CI,677165,Vehicles (Consumer) - IL,0.077500,0.0062396814613,6/10/03,6/10/07,1461.00,4/10/07,12/15/04,554.00,19836.42,473.59,7930.19,3982.22,0
CI,770701,Vehicles (Consumer) - IL,0.100000,0.0079741404289,7/15/03,11/15/05,854.00,3/15/06,5/8/06,1028.00,1856.00,73.14,334.08,0.00,0
CI,194529,Vehicles (Consumer) - IL,0.060000,0.0048675505653,4/5/04,4/10/07,1100.00,5/10/07,1/18/06,653.00,6056.00,180.74,4074.90,193.00,0
CI,165568,Vehicles (Consumer) - IL,0.105000,0.0083551556836,7/29/04,8/10/06,742.00,8/10/06,7/21/05,357.00,9056.00,406.80,4756.00,0.00,0
CI,546447,Vehicles (Consumer) - IL,0.129000,0.0101623128808,2/9/05,5/15/06,460.00,7/15/06,3/24/06,408.00,1406.00,99.49,974.74,809.97,0
CI,358994,Vehicles (Consumer) - IL,0.084000,0.0067441318412,10/11/07,10/15/11,1465.00,11/15/11,11/18/09,769.00,17066.00,411.34,8900.00,0.00,0
CI,494804,Vehicles (Consumer) - IL,0.070000,0.0056541453874,8/9/22,2/8/25,914.00,12/8/25,6/25/25,1051.00,9081.00,325.31,2439.36,0.00,1
CI,481627,Vehicles (Consumer) - IL,0.157500,0.0122631252405,5/17/23,3/17/25,670.00,8/1/25,9/30/25,867.00,4532.41,233.24,713.35,0.00,1
CI,926175,Surecash,15.15000%,1.26250%,11/10/03,12/31/99,2920530,12/31/99,12/9/13,3682,$100.00,$1.26 ,$93.65,$0.00,$0.00
CI,800727,Surecash,11.65000%,0.97083%,10/17/02,12/31/99,2920919,12/31/99,11/3/20,6592,"$1,000.00",$9.71 ,$119.27,$119.27,$0.00
CI,208365,Surecash,15.15000%,1.26250%,7/23/08,12/31/99,2918813,12/31/99,3/22/21,4625,$300.00,$3.79 ,$149.20,$0.00,$0.00
CI,195630,Surecash,15.15000%,1.26250%,9/12/08,12/31/99,2918762,12/31/99,12/23/11,1197,$500.00,$6.31 ,$473.41,$490.42,$0.00
CI,858312,Surecash,16.40000%,1.36667%,4/22/10,12/31/99,2918175,12/31/99,3/2/21,3967,$300.00,$4.10 ,$300.00,$300.00,$0.00
CI,313170,Surecash,15.15000%,1.26250%,3/5/13,12/31/99,2917127,12/31/99,3/19/20,2571,$300.00,$3.79 ,$171.19,$0.00,$0.00
CI,943182,Surecash,15.15000%,1.26250%,7/13/15,12/31/99,2916267,12/31/99,2/13/20,1676,$100.00,$1.26 ,$100.00,$100.00,$0.00
CI,43550,Surecash,15.15000%,1.26250%,6/5/18,12/31/99,2915209,12/31/99,2/14/20,619,$100.00,$1.26 ,$100.00,$0.00,$0.00
CI,395713,Surecash,15.15000%,1.26250%,1/25/98,12/31/99,2922645,12/31/99,8/1/14,6032,"$1,000.00",$12.63 ,$622.71,$126.98,$0.00
CI,643560,Surecash,15.15000%,1.26250%,1/25/98,12/31/99,2922645,12/31/99,2/3/11,4757,"$1,000.00",$12.63 ,$143.56,$0.00,$0.00
CI,380587,Surecash,15.15000%,1.26250%,9/19/01,12/31/99,2921312,12/31/99,12/6/22,7748,"$1,000.00",$12.63 ,$990.57,$0.00,$0.00
CI,963293,Surecash,15.15000%,1.26250%,3/28/03,12/31/99,2920757,12/31/99,11/27/13,3897,$500.00,$6.31 ,$347.73,$0.00,$0.00
CI,652197,Surecash,15.15000%,1.26250%,11/29/04,12/31/99,2920145,12/31/99,7/30/12,2800,$300.00,$3.79 ,$300.00,$0.00,$0.00
CI,245426,Surecash,15.15000%,1.26250%,4/17/06,12/31/99,2919641,12/31/99,12/30/19,5005,$500.00,$6.31 ,$500.00,$0.00,$0.00
CI,33285,Surecash,15.15000%,1.26250%,5/13/08,12/31/99,2918884,12/31/99,1/22/24,5732,$300.00,$3.79 ,$145.77,$0.00,$0.00
CI,27146,Surecash,15.15000%,1.26250%,9/20/19,12/31/99,2914737,12/31/99,8/10/23,1420,$300.00,$3.79 ,$300.00,$300.00,$0.00
CI,303012,Surecash,15.15000%,1.26250%,5/10/16,12/31/99,2915965,12/31/99,11/12/20,1647,$100.00,$1.26 ,$100.00,$100.00,$0.00
CI,272036,Surecash,15.15000%,1.26250%,8/22/22,12/31/99,2913670,12/31/99,1/22/24,518,$500.00,$6.31 ,$500.00,$0.00,$0.00
CI,915935,Vehicles (Consumer) - IL,0.110000,0.0087345938236,10/10/01,10/10/06,1826.00,12/24/06,9/28/05,1449.00,15803.97,335.86,5804.00,71.62,0
CI,343874,Recreational Vehicles (Consumer) IL,0.090000,0.0072073233161,6/28/02,7/1/07,1829.00,7/1/07,1/26/06,1308.00,6204.29,126.12,842.59,29.06,0
CI,903067,Statement/Unsecured (Consumer) -IL,0.120000,0.0094887929346,4/12/06,10/12/06,183.00,3/15/07,3/29/07,351.00,1760.00,298.32,1334.06,0.00,0
CI,726596,Vehicles (Consumer) - IL,0.104000,0.0082790792399,8/15/08,8/15/12,1461.00,9/15/12,12/20/10,857.00,3894.74,97.50,2060.19,250.00,0
CI,291395,Vehicles (Consumer) - IL,0.095000,0.0075915342906,4/3/09,4/10/12,1103.00,5/10/12,9/13/11,893.00,4553.63,142.41,1641.16,0.00,0
CI,566606,Vehicles (Consumer) - IL,0.079500,0.0063951933951,7/21/10,7/21/15,1826.00,7/21/15,11/14/11,481.00,13039.86,259.31,8100.00,0.00,1
CI,814010,Statement/Unsecured (Consumer) -IL,0.105000,0.0083551556836,7/11/13,7/25/15,744.00,7/25/15,3/30/15,627.00,2975.00,133.32,1591.46,409.91,1
CI,376364,Commercial/Ind.(not prime sec RE)CL,0.070000,0.0056541453874,5/21/13,6/20/16,1126.00,6/20/16,12/24/14,582.00,85000.00,2519.82,43000.00,29480.28,1
CI,843154,Vehicles (Consumer) - IL,0.108000,0.0085830069477,2/9/15,2/9/19,1461.00,5/9/19,9/6/18,1305.00,10081.00,254.14,728.23,0.00,1
CI,886039,SBA - Real Estate,9.25000%,0.77083%,5/27/16,5/27/36,7305,5/27/36,4/5/21,1774,"$510,000.00","$4,647.73 ","$427,142.71",$0.00,$0.00
CI,424464,Agricultural/Other Lns to Farms -CL,0.087500,0.0070146116041,11/16/15,11/15/22,2556.00,3/1/24,9/26/19,1410.00,62512.00,977.16,63425.12,20000.00,1
CI,871585,Recreational Vehicles (Consumer) IL,0.121920,0.0096328924333,2/24/17,2/28/21,1465.00,6/28/21,3/26/19,760.00,10552.72,271.91,7472.76,658.03,1
CI,315406,Agricultural/Other Lns to Farms -CL,0.087500,0.0070146116041,11/1/16,11/1/17,365.00,11/1/19,3/19/20,1234.00,60474.00,5202.99,20000.00,0.00,1
CI,507762,FSA-Non Real Estate,0.082500,0.0066279668044,3/14/17,2/1/24,2515.00,2/1/24,7/21/20,1225.00,324860.00,5063.34,247901.04,0.00,1
CI,425034,Commercial/Ind.(not prime sec RE)CL,0.090000,0.0072073233161,9/27/17,9/27/18,365.00,9/27/18,5/5/20,951.00,33150.00,2855.67,21030.08,0.00,1
CI,652788,Commercial/Ind.(not prime sec RE)CL,0.077500,0.0062396814613,2/22/18,2/20/21,1094.00,2/20/21,12/30/19,676.00,39900.00,1226.74,16922.00,0.00,1
CI,172493,Non-Farm/Non-Residential Proprty-RE,9.42000%,0.78500%,8/14/17,8/14/37,7305,8/14/37,6/29/20,1050,"$122,448.00","$1,129.47 ","$116,003.47",$0.00,$485.01
CI,39224,Commercial/Ind.(not prime sec RE)CL,0.085000,0.0068214933660,8/30/18,8/31/19,366.00,8/31/19,12/30/19,487.00,15135.00,1297.14,14399.33,12500.00,1
CI,415220,Commercial/Ind.(not prime sec RE)CL,0.090000,0.0072073233161,5/17/19,5/17/23,1461.00,8/25/25,10/14/22,1246.00,549604.02,13421.92,372226.21,18610.52,1
CI,602483,Vehicles (Consumer) - IL,0.055000,0.0044716989170,3/7/18,3/7/21,1096.00,6/7/21,12/12/19,645.00,3581.00,106.46,2093.98,539.62,1
CI,891096,Vehicles (Consumer) - IL,0.060000,0.0048675505653,4/24/18,10/20/21,1275.00,12/20/21,12/23/21,1339.00,13575.00,354.36,1703.07,0.00,1
CI,283482,Vehicles (Consumer) - IL,0.040000,0.0032737397822,5/17/18,5/15/21,1094.00,5/15/21,3/26/19,313.00,4961.00,144.55,4181.15,652.06,1
CI,52540,Vehicles (Consumer) - IL,0.052500,0.0042731277662,8/17/18,8/15/21,1094.00,8/15/21,3/26/19,221.00,6796.38,201.67,6444.42,0.00,1
CI,227116,Statement/Unsecured (Consumer) -IL,0.140000,0.0109788519502,10/9/18,10/17/21,1104.00,10/17/21,12/30/19,447.00,4575.00,151.79,3547.89,3547.89,1
CI,933431,Commercial/Ind.(not prime sec RE)CL,0.077500,0.0062396814613,10/12/18,10/20/22,1469.00,10/20/22,3/10/20,515.00,46500.00,1105.01,20000.00,0.00,1
CI,143183,Recreational Vehicles (Consumer) IL,9.00000%,0.75000%,8/25/22,8/25/28,2192,9/25/28,9/30/24,767,"$43,035.00",$767.18 ,"$33,836.66","$9,109.32",$0.00
CI,304650,Statement/Unsecured (Consumer) -IL,12.00000%,1.00000%,4/8/25,4/8/28,1096,4/8/28,2/23/26,321,"$4,575.00",$150.11 ,"$3,806.99",$0.00,$0.00
CI,846491,Interest Only Home Equity,6.75000%,0.56250%,7/31/09,7/31/19,3652,7/31/19,1/26/16,2370,"$110,000.00","$1,250.47 ","$81,300.00",$0.00,$0.00
CI,245158,Vehicles (Consumer) - IL,0.097500,0.0077830370879,12/8/00,12/15/06,2198.00,1/15/07,1/21/04,1139.00,21050.00,378.05,7368.14,0.00,0
CI,694491,Vehicles (Consumer) - IL,0.140000,0.0109788519502,2/1/07,2/1/10,1096.00,2/1/10,10/26/09,998.00,7966.00,265.87,993.38,0.00,0
CI,193875,Vehicles (Consumer) - IL,0.074000,0.0059668977756,5/23/08,5/27/12,1465.00,7/27/12,6/29/10,767.00,22639.63,535.80,10014.23,0.00,0
CI,190690,Statement/Unsecured (Consumer) -IL,0.100000,0.0079741404289,7/14/08,7/14/10,730.00,9/14/10,6/16/10,702.00,7310.00,331.69,1976.65,0.00,0
CI,920486,Vehicles (Consumer) - IL,0.104000,0.0082790792399,11/10/08,11/14/12,1465.00,1/14/13,9/30/10,689.00,8197.69,204.77,1889.69,0.00,0
CI,165975,Vehicles (Consumer) - IL,0.050000,0.0040741237836,1/6/09,1/5/13,1460.00,9/5/13,11/9/11,1037.00,22085.89,501.22,2654.97,257.21,0
CI,843429,Vehicles (Consumer) - IL,0.109000,0.0086588317099,1/15/09,1/5/11,720.00,1/5/11,9/16/10,609.00,3106.13,143.89,715.86,50.00,0
CI,502826,Vehicles (Consumer) - IL,0.029900,0.0024581588428,5/12/16,5/20/22,2199.00,9/20/22,1/20/21,1714.00,20394.91,304.40,5541.18,0.00,1
CI,694170,Commercial/Ind.(not prime sec RE)CL,0.095000,0.0075915342906,11/26/21,11/26/22,365.00,7/25/25,6/26/25,1308.00,20280.00,1751.33,8279.16,0.00,1
CI,591960,Surecash,15.15000%,1.26250%,4/27/10,12/31/99,2918170,12/31/99,1/26/26,5753,$500.00,$6.31 ,$29.95,$0.00,$0.00
CI,736745,Surecash,15.15000%,1.26250%,4/19/06,12/31/99,2919639,12/31/99,10/1/14,3087,$500.00,$6.31 ,$471.74,$0.00,$0.00
CI,92957,Surecash,15.15000%,1.26250%,2/16/22,12/31/99,2913857,12/31/99,10/26/23,617,$300.00,$3.79 ,$300.00,$0.00,$0.00
CI,866516,Surecash,11.65000%,0.97083%,8/23/16,12/31/99,2915860,12/31/99,2/13/20,1269,$100.00,$0.97 ,$63.55,$63.55,$0.00
CI,654132,Surecash,15.15000%,1.26250%,11/7/23,12/31/99,2913228,12/31/99,3/27/25,506,$500.00,$6.31 ,$311.63,$191.84,$0.00
CI,985190,Vehicles (Consumer) - IL,0.105000,0.0083551556836,5/27/99,6/10/03,1475.00,12/10/03,1/25/02,974.00,9345.00,232.55,4000.00,0.00,0
CI,364703,Statement/Unsecured (Consumer) -IL,0.110000,0.0087345938236,12/23/99,1/5/02,744.00,5/5/02,3/14/01,447.00,1525.00,68.66,1128.11,0.00,0
CI,846103,Statement/Unsecured (Consumer) -IL,0.110000,0.0087345938236,6/6/00,10/1/00,117.00,10/1/00,3/14/01,281.00,8550.00,2239.42,8550.00,0.00,0
CI,464657,Consumer Loan - Other - IL,0.120000,0.0094887929346,2/5/02,2/5/04,730.00,3/5/04,6/17/04,863.00,3744.59,173.06,2316.05,218.91,0
CI,37491,Recreational Vehicles (Consumer) IL,0.087500,0.0070146116041,10/23/02,11/1/07,1835.00,1/15/08,9/24/07,1797.00,6660.18,134.29,3683.53,240.89,0
CI,580323,Vehicles (Consumer) - IL,0.080000,0.0064340301100,1/13/05,7/25/07,923.00,6/25/07,12/8/05,329.00,4025.00,144.62,3450.75,650.00,0
CI,889641,Vehicles (Consumer) - IL,0.062500,0.0050648349498,5/23/07,5/23/12,1827.00,12/23/12,12/3/09,925.00,23940.00,457.83,16793.01,11400.00,0
CI,531150,Vehicles (Consumer) - IL,0.114000,0.0090370179501,8/22/07,8/22/11,1461.00,8/22/11,12/16/08,482.00,5060.00,128.90,4396.22,4114.03,0
CI,526170,Vehicles (Consumer) - IL,0.074000,0.0059668977756,4/9/08,4/9/14,2191.00,8/9/14,9/29/09,538.00,46364.00,785.04,29994.00,0.00,0
CI,709712,Vehicles (Consumer) - IL,0.102000,0.0081267366617,8/28/08,8/22/12,1455.00,8/22/12,12/20/10,844.00,12060.00,301.87,8445.74,1500.00,0
CI,631478,Vehicles (Consumer) - IL,0.050000,0.0040741237836,9/4/08,9/20/13,1842.00,12/20/13,9/28/11,1119.00,18060.00,333.05,3700.00,0.00,0
CI,971781,Surecash,16.65000%,1.38750%,6/30/98,12/31/99,2922489,12/31/99,5/13/22,8718,$300.00,$4.16 ,$300.00,$300.00,$0.00
CI,821435,Surecash,15.15000%,1.26250%,6/26/02,12/31/99,2921032,12/31/99,9/13/11,3366,$500.00,$6.31 ,$488.43,$0.00,$0.00
CI,777816,Surecash,15.15000%,1.26250%,6/10/05,12/31/99,2919952,12/31/99,3/29/12,2484,$300.00,$3.79 ,$237.45,$0.00,$0.00
CI,332250,Surecash,15.15000%,1.26250%,5/21/08,12/31/99,2918876,12/31/99,6/16/11,1121,$300.00,$3.79 ,$300.00,$0.00,$0.00
CI,261034,Surecash,15.15000%,1.26250%,4/12/10,12/31/99,2918185,12/31/99,12/9/13,1337,"$1,000.00",$12.63 ,"$1,822.05",$0.00,$0.00
CI,933417,Surecash,15.15000%,1.26250%,3/19/10,12/31/99,2918209,12/31/99,12/9/11,630,$500.00,$6.31 ,$406.90,$0.00,$0.00
CI,960742,Surecash,15.15000%,1.26250%,10/13/15,12/31/99,2916175,12/31/99,9/27/16,350,$300.00,$3.79 ,$300.00,$150.00,$0.00
CI,398431,Surecash,15.15000%,1.26250%,11/24/15,12/31/99,2916133,12/31/99,3/19/20,1577,$500.00,$6.31 ,$495.03,$495.03,$0.00
CI,219717,Surecash,15.15000%,1.26250%,7/20/17,12/31/99,2915529,12/31/99,12/29/25,3084,$300.00,$3.79 ,$293.16,$0.00,$0.00
CI,142247,Interest Only Home Equity,4.25000%,0.35417%,9/5/07,12/31/99,2919135,2/25/23,5/13/20,4634,"$50,000.00",$177.08 ,"$48,731.94",$0.00,$0.00
CI,516857,Surecash,15.15000%,1.26250%,9/20/99,12/31/99,2922042,12/31/99,5/17/16,6084,$300.00,$3.79 ,$300.00,$0.00,$0.00
CI,955318,Surecash,15.15000%,1.26250%,5/4/00,12/31/99,2921815,12/31/99,11/3/20,7488,$300.00,$3.79 ,$295.96,$73.56,$0.00
CI,583677,Surecash,15.15000%,1.26250%,4/20/00,12/31/99,2921829,12/31/99,3/4/15,5431,$300.00,$3.79 ,$275.38,$0.00,$0.00
CI,678627,Surecash,15.15000%,1.26250%,1/7/04,12/31/99,2920472,12/31/99,3/29/12,3004,$200.00,$2.53 ,$185.48,$0.00,$0.00
CI,205803,Vehicles (Consumer) - IL,0.080000,0.0064340301100,8/20/09,8/20/15,2191.00,2/20/16,4/9/13,1328.00,21575.00,371.17,252.90,0.00,1
CI,610462,Vehicles (Consumer) - IL,0.092500,0.0073996302872,9/8/09,9/23/15,2206.00,8/23/15,6/26/15,2117.00,29991.68,530.31,946.59,0.00,1
CI,953937,Consumer Loan - Other - IL,0.115000,0.0091124684369,10/7/09,10/7/11,730.00,10/7/11,3/29/11,538.00,27269.85,1254.59,24117.04,0.00,0
CI,612357,Vehicles (Consumer) - IL,0.080000,0.0064340301100,2/17/12,2/17/18,2192.00,4/17/18,5/30/13,468.00,22976.00,395.13,13956.62,1168.38,1
CI,586664,Vehicles (Consumer) - IL,0.115000,0.0091124684369,10/19/12,10/19/17,1826.00,5/19/18,6/20/14,609.00,18110.00,388.96,14727.77,0.00,1
CI,263959,Vehicles (Consumer) - IL,0.078000,0.0062785842352,2/1/13,2/15/16,1109.00,2/15/16,3/31/14,423.00,5825.00,177.06,4292.27,2525.00,1
CI,453886,Statement/Unsecured (Consumer) -IL,0.090000,0.0072073233161,6/22/17,12/20/20,1277.00,1/20/21,6/26/19,734.00,9075.00,248.33,5590.95,0.00,1
CI,633749,Statement/Unsecured (Consumer) -IL,0.085000,0.0068214933660,7/17/17,7/16/20,1095.00,7/16/20,12/19/17,155.00,3575.00,110.98,1370.99,0.00,1
CI,250887,Vehicles (Consumer) - IL,0.112500,0.0089237257287,8/22/18,8/22/21,1096.00,11/22/21,12/30/20,861.00,11075.00,356.58,5160.21,5160.21,1
CI,746675,Vehicles (Consumer) - IL,0.039900,0.0032657003755,4/26/19,10/26/25,2375.00,10/26/25,12/21/20,605.00,58186.28,835.28,2151.90,0.00,1
CI,281405,Vehicles (Consumer) - IL,0.180000,0.0138884303484,5/6/83,5/5/87,1460.00,5/5/87,3/23/88,1783.00,8028.15,228.04,8028.15,0.00,0
CI,277992,Vehicles (Consumer) - IL,0.195000,0.0149562574418,8/4/83,8/19/87,1476.00,8/19/87,6/17/86,1048.00,2300.00,66.37,2300.00,0.00,0
CI,815441,Vehicles (Consumer) - IL,0.120000,0.0094887929346,11/17/83,11/17/90,2557.00,11/17/90,9/7/90,2486.00,2942.00,50.49,2942.00,0.00,0
CI,152611,Vehicles (Consumer) - IL,0.160000,0.0124451379197,11/17/83,11/17/87,1461.00,11/17/87,4/18/90,2344.00,1283.00,35.29,1283.00,0.00,0
CI,925281,Vehicles (Consumer) - IL,0.142500,0.0111634214168,11/22/83,11/22/84,366.00,11/22/84,10/26/92,3261.00,284.64,25.09,284.64,0.00,0
CI,633520,Vehicles (Consumer) - IL,0.185000,0.0142457483857,3/9/84,12/25/87,1386.00,12/25/87,10/20/88,1686.00,4250.00,126.19,4250.00,0.00,0
CI,676903,Vehicles (Consumer) - IL,0.185000,0.0142457483857,3/29/84,4/5/87,1102.00,4/5/87,10/30/89,2041.00,2193.00,77.09,2193.00,0.00,0
CI,782522,Vehicles (Consumer) - IL,0.180000,0.0138884303484,4/15/84,4/15/88,1461.00,4/15/88,12/30/88,1720.00,1927.65,54.73,1927.65,0.00,0
CI,589636,Vehicles (Consumer) - IL,0.180000,0.0138884303484,5/15/84,11/15/87,1279.00,11/15/87,5/7/87,1087.00,2300.00,71.85,2300.00,0.00,0
CI,49313,Vehicles (Consumer) - IL,0.165000,0.0128080870820,5/16/84,5/16/88,1461.00,5/16/88,9/2/88,1570.00,250.00,6.93,250.00,0.00,0
CI,727586,Vehicles (Consumer) - IL,0.189000,0.0145306091360,6/8/84,6/20/88,1473.00,6/20/88,3/20/89,1746.00,2800.94,80.19,2800.94,0.00,0
CI,924103,Vehicles (Consumer) - IL,0.155000,0.0120807518477,6/26/84,7/26/84,30.00,7/26/84,5/18/89,1787.00,1224.53,1239.32,1224.53,0.00,0
CI,793315,Vehicles (Consumer) - IL,0.170000,0.0131696111315,6/29/84,7/15/87,1111.00,7/15/87,3/9/87,983.00,2206.76,75.68,2206.76,0.00,0
CI,906179,Vehicles (Consumer) - IL,0.190000,0.0146016870544,7/10/84,7/15/88,1466.00,7/15/88,9/30/93,3369.00,50.00,1.44,50.00,0.00,0
CI,908729,Vehicles (Consumer) - IL,0.180000,0.0138884303484,7/18/84,7/17/88,1460.00,7/17/88,5/7/87,1023.00,1325.00,37.64,1325.00,0.00,0
CI,89510,Vehicles (Consumer) - IL,0.176000,0.0136015752352,7/31/84,8/3/88,1464.00,8/3/88,11/4/92,3018.00,4880.34,137.50,4880.34,0.00,0
CI,786151,Vehicles (Consumer) - IL,0.185000,0.0142457483857,9/7/84,9/7/87,1095.00,9/7/87,5/6/87,971.00,2125.00,75.07,2125.00,0.00,0
CI,954094,Vehicles (Consumer) - IL,0.185000,0.0142457483857,10/9/84,10/9/86,730.00,10/9/86,11/24/89,1872.00,83.61,4.09,83.61,0.00,0
CI,61026,Vehicles (Consumer) - IL,0.190000,0.0146016870544,10/14/84,10/14/88,1461.00,10/14/88,4/26/95,3846.00,520.00,14.99,520.00,0.00,0
CI,872180,Vehicles (Consumer) - IL,0.180000,0.0138884303484,10/25/84,10/25/88,1461.00,10/25/88,3/4/86,495.00,4256.11,120.84,4256.11,0.00,0
CI,722989,Vehicles (Consumer) - IL,0.165000,0.0128080870820,12/3/84,12/3/87,1095.00,12/3/87,6/2/92,2738.00,453.58,15.64,453.58,0.00,0
CI,818746,Vehicles (Consumer) - IL,0.180000,0.0138884303484,12/3/84,12/3/87,1095.00,12/3/87,12/14/87,1106.00,3829.44,134.46,3829.44,0.00,0
CI,738885,Vehicles (Consumer) - IL,0.185000,0.0142457483857,11/20/84,5/20/87,911.00,5/20/87,5/8/87,899.00,2100.00,85.67,2100.00,0.00,0
CI,395644,Vehicles (Consumer) - IL,0.180000,0.0138884303484,1/2/85,1/2/87,730.00,1/2/87,5/4/89,1583.00,990.58,48.25,990.58,0.00,0
CI,52467,Vehicles (Consumer) - IL,0.170000,0.0131696111315,12/25/84,12/25/88,1461.00,12/25/88,8/4/89,1683.00,2850.00,79.65,2850.00,0.00,0
CI,820077,Vehicles (Consumer) - IL,0.196000,0.0150270082916,1/21/85,4/21/86,455.00,4/21/86,5/26/87,855.00,668.39,49.61,668.39,0.00,0
CI,322381,Vehicles (Consumer) - IL,0.170000,0.0131696111315,1/21/85,1/21/89,1461.00,1/21/89,8/6/90,2023.00,1165.66,32.58,1165.66,0.00,0
CI,929948,Vehicles (Consumer) - IL,0.165000,0.0128080870820,2/15/85,3/1/89,1475.00,3/1/89,3/31/88,1140.00,1000.00,27.54,1000.00,0.00,0
CI,801223,Vehicles (Consumer) - IL,0.180000,0.0138884303484,2/22/85,8/22/86,546.00,8/22/86,5/1/87,798.00,2575.00,161.09,2575.00,0.00,0
CI,55415,Vehicles (Consumer) - IL,0.170000,0.0131696111315,3/22/85,3/22/87,730.00,3/22/87,5/8/87,777.00,900.00,43.47,900.00,0.00,0
CI,368125,Vehicles (Consumer) - IL,0.170000,0.0131696111315,4/4/85,4/4/89,1461.00,4/4/89,3/31/88,1092.00,9000.00,251.53,9000.00,0.00,0
CI,839194,Vehicles (Consumer) - IL,0.160000,0.0124451379197,4/9/85,4/9/89,1461.00,4/9/89,9/4/91,2339.00,129.28,3.56,129.28,0.00,0
CI,596874,Vehicles (Consumer) - IL,0.160000,0.0124451379197,5/13/85,5/13/88,1096.00,5/13/88,12/23/92,2781.00,4294.56,147.01,4294.56,0.00,0
CI,87226,Vehicles (Consumer) - IL,0.160000,0.0124451379197,6/6/85,6/6/89,1461.00,6/6/89,11/24/89,1632.00,3900.00,107.27,3900.00,0.00,0
CI,380186,Vehicles (Consumer) - IL,0.165000,0.0128080870820,6/10/85,12/10/87,913.00,12/10/87,2/11/87,611.00,1481.85,59.10,1481.85,0.00,0
CI,660535,Vehicles (Consumer) - IL,0.160000,0.0124451379197,7/10/85,7/10/89,1461.00,7/10/89,12/22/86,530.00,5373.17,147.79,5373.17,0.00,0
CI,97868,Vehicles (Consumer) - IL,0.160000,0.0124451379197,7/26/85,7/26/89,1461.00,7/26/89,12/1/89,1589.00,4005.32,110.17,4005.32,0.00,0
CI,493417,Vehicles (Consumer) - IL,0.160000,0.0124451379197,8/7/85,8/7/89,1461.00,8/7/89,12/23/91,2329.00,3562.67,97.99,3562.67,0.00,0
CI,345502,Vehicles (Consumer) - IL,0.165000,0.0128080870820,8/3/85,8/3/88,1096.00,8/3/88,5/23/88,1024.00,5333.19,183.71,5333.19,0.00,0
CI,964048,Vehicles (Consumer) - IL,0.160000,0.0124451379197,8/27/85,8/27/89,1461.00,8/27/89,12/30/88,1221.00,275.00,7.56,275.00,0.00,0
CI,751240,Vehicles (Consumer) - IL,0.160000,0.0124451379197,8/15/85,5/15/89,1369.00,5/15/89,9/7/88,1119.00,475.00,13.71,475.00,0.00,0
CI,486051,Vehicles (Consumer) - IL,0.160000,0.0124451379197,9/3/85,9/15/89,1473.00,9/15/89,10/9/90,1862.00,1438.50,39.33,1438.50,0.00,0
CI,675892,Vehicles (Consumer) - IL,0.160000,0.0124451379197,9/20/85,10/5/89,1476.00,10/5/89,8/14/87,693.00,485.01,13.24,485.01,485.01,0
CI,955552,Vehicles (Consumer) - IL,0.160000,0.0124451379197,10/25/85,1/25/87,457.00,1/25/87,10/30/89,1466.00,1490.39,108.01,1490.39,0.00,0
CI,84920,Vehicles (Consumer) - IL,0.160000,0.0124451379197,11/4/85,11/4/86,365.00,11/4/86,12/30/88,1152.00,426.34,37.98,426.34,0.00,0
CI,437977,Vehicles (Consumer) - IL,0.160000,0.0124451379197,11/7/85,11/7/88,1096.00,11/7/88,9/2/88,1030.00,1100.00,37.66,1100.00,0.00,0
CI,258246,Vehicles (Consumer) - IL,0.160000,0.0124451379197,11/12/85,11/12/87,730.00,11/12/87,5/1/87,535.00,2000.00,95.77,2000.00,0.00,0
CI,479699,Vehicles (Consumer) - IL,0.160000,0.0124451379197,11/14/85,11/14/88,1096.00,11/14/88,6/27/89,1321.00,2100.00,71.89,2100.00,0.00,0
CI,914666,Vehicles (Consumer) - IL,0.160000,0.0124451379197,11/8/85,12/8/87,760.00,12/8/87,12/19/89,1502.00,1200.00,55.52,1200.00,0.00,0
CI,787455,Vehicles (Consumer) - IL,0.165000,0.0128080870820,12/9/85,7/20/87,588.00,7/20/87,1/8/93,2587.00,1717.72,99.66,1717.72,0.00,0
CI,890372,Vehicles (Consumer) - IL,0.160000,0.0124451379197,12/3/85,12/3/89,1461.00,12/3/89,5/8/87,521.00,2075.00,57.07,2075.00,0.00,0
CI,890645,Vehicles (Consumer) - IL,0.160000,0.0124451379197,12/8/85,12/8/89,1461.00,12/8/89,4/5/91,1944.00,6111.04,168.08,6111.04,0.00,0
CI,409433,Vehicles (Consumer) - IL,0.160000,0.0124451379197,12/21/85,12/21/89,1461.00,12/21/89,9/12/89,1361.00,4044.77,111.25,3944.77,0.00,0
CI,961487,Vehicles (Consumer) - IL,0.160000,0.0124451379197,12/15/85,7/15/89,1308.00,7/15/89,11/1/86,321.00,6606.99,197.27,6606.99,0.00,0
CI,914128,Vehicles (Consumer) - IL,0.160000,0.0124451379197,1/15/86,1/15/90,1461.00,1/15/90,2/24/86,40.00,8272.99,227.55,8272.99,0.00,0
CI,594096,Vehicles (Consumer) - IL,0.160000,0.0124451379197,1/15/86,1/15/90,1461.00,1/15/90,1/15/86,0.00,5087.72,139.94,5087.72,0.00,0
CI,602090,Vehicles (Consumer) - IL,0.160000,0.0124451379197,2/3/86,8/3/90,1642.00,8/3/90,9/2/88,942.00,1688.20,42.72,1688.20,0.00,0
CI,311982,Vehicles (Consumer) - IL,0.160000,0.0124451379197,1/12/86,1/14/90,1463.00,1/14/90,12/12/89,1430.00,4275.00,117.47,4275.00,0.00,0
CI,809947,Vehicles (Consumer) - IL,0.160000,0.0124451379197,1/31/86,1/31/90,1461.00,1/31/90,5/6/87,460.00,2125.00,58.45,2125.00,0.00,0
CI,564389,Vehicles (Consumer) - IL,0.160000,0.0124451379197,2/11/86,8/10/87,545.00,8/10/87,12/17/86,309.00,866.34,53.58,866.34,0.00,0
CI,253733,Vehicles (Consumer) - IL,0.160000,0.0124451379197,3/12/86,3/12/88,731.00,3/12/88,5/8/87,422.00,825.00,39.46,825.00,0.00,0
CI,656017,Vehicles (Consumer) - IL,0.160000,0.0124451379197,3/7/86,3/7/90,1461.00,3/7/90,3/31/88,755.00,1000.00,27.50,1000.00,0.00,0
CI,404806,Vehicles (Consumer) - IL,0.160000,0.0124451379197,2/25/86,2/25/90,1461.00,2/25/90,3/25/88,759.00,4774.28,131.32,4774.28,0.00,0
CI,396276,Vehicles (Consumer) - IL,0.160000,0.0124451379197,3/10/86,3/10/88,731.00,3/10/88,9/2/88,907.00,2062.59,98.65,2062.59,0.00,0
CI,76468,Vehicles (Consumer) - IL,0.160000,0.0124451379197,3/26/86,3/5/89,1075.00,3/5/89,12/18/86,267.00,4855.17,168.77,4855.17,0.00,0
CI,221830,Vehicles (Consumer) - IL,0.160000,0.0124451379197,3/10/86,3/10/90,1461.00,3/10/90,9/2/88,907.00,1558.56,42.87,1558.56,0.00,0
CI,643325,Vehicles (Consumer) - IL,0.160000,0.0124451379197,3/28/86,3/28/90,1461.00,3/28/90,2/20/90,1425.00,18.49,0.51,18.49,0.00,0
CI,859401,Vehicles (Consumer) - IL,0.160000,0.0124451379197,5/5/86,11/5/88,915.00,11/5/88,4/27/88,723.00,2726.07,107.96,2726.07,0.00,0
CI,961616,Vehicles (Consumer) - IL,0.160000,0.0124451379197,5/5/86,11/5/87,549.00,11/5/87,12/30/88,970.00,3048.15,187.28,3048.15,0.00,0
CI,277640,Vehicles (Consumer) - IL,0.160000,0.0124451379197,4/23/86,1/23/87,275.00,1/23/87,2/23/89,1037.00,495.60,57.54,495.60,0.00,0
CI,636069,Vehicles (Consumer) - IL,0.160000,0.0124451379197,5/20/86,5/28/90,1469.00,5/28/90,12/21/88,946.00,986.02,27.01,986.02,0.00,0
CI,877612,Vehicles (Consumer) - IL,0.160000,0.0124451379197,5/20/86,11/20/89,1280.00,11/20/89,4/3/89,1049.00,2023.47,61.41,2023.47,0.00,0
CI,855200,Vehicles (Consumer) - IL,0.150000,0.0117149169199,5/10/86,5/10/90,1461.00,5/10/90,3/31/88,691.00,1500.00,40.59,1500.00,0.00,0
CI,347023,Vehicles (Consumer) - IL,0.160000,0.0124451379197,6/6/86,10/6/87,487.00,10/6/87,5/8/87,336.00,1500.00,102.62,1500.00,0.00,0
CI,437969,Vehicles (Consumer) - IL,0.150000,0.0117149169199,6/22/86,6/22/90,1461.00,6/22/90,9/2/88,803.00,1267.50,34.30,1267.50,0.00,0
CI,249316,Vehicles (Consumer) - IL,0.160000,0.0124451379197,7/9/86,7/9/90,1461.00,7/9/90,9/9/91,1888.00,5514.19,151.67,5514.19,0.00,0
CI,599558,Vehicles (Consumer) - IL,0.160000,0.0124451379197,7/7/86,7/7/88,731.00,7/7/88,3/31/88,633.00,1000.00,47.83,1000.00,0.00,0
CI,752724,Vehicles (Consumer) - IL,0.150000,0.0117149169199,7/14/86,7/14/89,1096.00,7/14/89,5/11/87,301.00,3526.96,119.22,3526.96,0.00,0
CI,84338,Vehicles (Consumer) - IL,0.150000,0.0117149169199,7/1/86,7/15/90,1475.00,7/15/90,6/1/88,701.00,3708.16,99.64,3708.16,0.00,0
CI,917224,Vehicles (Consumer) - IL,0.160000,0.0124451379197,7/11/86,7/11/87,365.00,7/11/87,8/18/86,38.00,1133.90,101.01,1133.90,0.00,0
CI,862954,Vehicles (Consumer) - IL,0.155000,0.0120807518477,8/8/86,11/8/87,457.00,11/8/87,1/13/87,158.00,1915.52,138.43,1915.52,0.00,0
CI,336095,Vehicles (Consumer) - IL,0.150000,0.0117149169199,7/20/86,7/20/90,1461.00,7/20/90,3/31/88,620.00,6000.00,162.37,6000.00,0.00,0
CI,269674,Vehicles (Consumer) - IL,0.150000,0.0117149169199,8/29/86,8/29/90,1461.00,8/29/90,1/8/93,2324.00,2740.26,74.16,2740.26,0.00,0
CI,22327,Vehicles (Consumer) - IL,0.155000,0.0120807518477,8/12/86,8/20/90,1469.00,8/20/90,9/11/90,1491.00,608.22,16.53,608.22,0.00,0
CI,725707,Vehicles (Consumer) - IL,0.160000,0.0124451379197,8/19/86,10/19/87,426.00,10/19/87,6/16/87,301.00,1006.71,77.78,1006.71,0.00,0
CI,810428,Vehicles (Consumer) - IL,0.130000,0.0102368443582,10/7/86,10/7/90,1461.00,10/7/90,8/9/91,1767.00,11346.65,297.04,11346.65,0.00,0
CI,141855,Vehicles (Consumer) - IL,0.155000,0.0120807518477,10/3/86,10/3/87,365.00,10/3/87,11/4/86,32.00,2136.05,189.84,2136.05,0.00,0
CI,347951,Vehicles (Consumer) - IL,0.150000,0.0117149169199,9/29/86,9/29/89,1096.00,9/29/89,1/15/88,473.00,2724.50,92.10,2724.50,0.00,0
CI,74125,Vehicles (Consumer) - IL,0.150000,0.0117149169199,10/28/86,10/28/90,1461.00,10/28/90,12/7/94,2962.00,3207.54,86.80,3207.54,0.00,0
CI,767384,Vehicles (Consumer) - IL,0.150000,0.0117149169199,10/30/86,8/30/88,670.00,8/30/88,3/30/87,151.00,6304.14,322.45,6304.14,0.00,0
CI,768658,Vehicles (Consumer) - IL,0.160000,0.0124451379197,11/7/86,11/7/90,1461.00,11/7/90,7/9/90,1340.00,567.83,15.62,567.83,0.00,0
CI,926879,Vehicles (Consumer) - IL,0.165000,0.0128080870820,11/19/86,5/19/90,1277.00,5/19/90,6/30/89,954.00,1763.75,54.01,1763.75,0.00,0
CI,821811,Vehicles (Consumer) - IL,0.150000,0.0117149169199,11/17/86,11/17/89,1096.00,11/17/89,5/23/89,918.00,784.04,26.50,784.04,0.00,0
CI,302526,Vehicles (Consumer) - IL,0.155000,0.0120807518477,11/13/86,2/13/88,457.00,2/13/88,9/2/88,659.00,1828.58,132.14,1828.58,0.00,0
CI,31680,Vehicles (Consumer) - IL,0.150000,0.0117149169199,10/30/86,4/30/87,182.00,4/30/87,7/7/89,981.00,9414.05,1616.63,9414.05,0.00,0
CI,905247,Vehicles (Consumer) - IL,0.155000,0.0120807518477,11/22/86,5/23/89,913.00,5/23/89,1/9/87,48.00,3362.93,132.72,3362.93,0.00,0
CI,858085,Vehicles (Consumer) - IL,0.150000,0.0117149169199,11/28/86,11/28/90,1461.00,11/28/90,12/17/86,19.00,8291.16,224.38,8291.16,0.00,0
CI,397639,Vehicles (Consumer) - IL,0.150000,0.0117149169199,11/25/86,11/25/90,1461.00,11/25/90,9/27/88,672.00,3318.26,89.80,3318.26,0.00,0
CI,312328,Vehicles (Consumer) - IL,0.150000,0.0117149169199,11/28/86,11/28/90,1461.00,11/28/90,5/8/90,1257.00,5861.03,158.61,5861.03,0.00,0
CI,108043,Vehicles (Consumer) - IL,0.150000,0.0117149169199,12/19/86,12/19/88,731.00,12/19/88,4/24/89,857.00,4271.55,202.53,4271.55,0.00,0
CI,596993,Vehicles (Consumer) - IL,0.150000,0.0117149169199,12/20/86,12/20/90,1461.00,12/20/90,12/17/91,1823.00,3301.14,89.34,3301.14,0.00,0
CI,85265,Vehicles (Consumer) - IL,0.150000,0.0117149169199,1/20/87,1/20/91,1461.00,1/20/91,11/6/92,2117.00,6874.35,186.03,6874.35,0.00,0
CI,287019,Vehicles (Consumer) - IL,0.150000,0.0117149169199,2/11/87,2/11/91,1461.00,2/11/91,7/21/89,891.00,6175.00,167.11,6175.00,0.00,0
CI,224187,Vehicles (Consumer) - IL,0.150000,0.0117149169199,2/17/87,10/17/91,1703.00,10/17/91,8/28/89,923.00,770.22,18.65,2563.93,0.00,0
CI,967206,Vehicles (Consumer) - IL,0.155000,0.0120807518477,2/17/87,2/27/90,1106.00,2/27/90,12/4/91,1751.00,3352.79,113.23,3352.79,0.00,0
CI,67284,Vehicles (Consumer) - IL,0.150000,0.0117149169199,2/5/87,2/8/91,1464.00,2/8/91,5/9/90,1189.00,3056.58,82.59,3056.58,0.00,0
CI,114806,Vehicles (Consumer) - IL,0.150000,0.0117149169199,2/10/87,2/11/90,1097.00,2/11/90,10/13/89,976.00,1010.00,34.12,1010.00,0.00,0
CI,363777,Vehicles (Consumer) - IL,0.160000,0.0124451379197,3/10/87,9/10/90,1280.00,9/10/90,9/30/88,570.00,2681.40,81.38,2681.40,0.00,0
CI,678964,Vehicles (Consumer) - IL,0.150000,0.0117149169199,3/4/87,3/5/91,1462.00,3/5/91,8/28/89,908.00,2823.54,76.37,2823.54,0.00,0
CI,71710,Vehicles (Consumer) - IL,0.160000,0.0124451379197,3/27/87,3/27/88,366.00,3/27/88,10/31/89,949.00,595.99,52.96,595.99,0.00,0
CI,662356,Vehicles (Consumer) - IL,0.150000,0.0117149169199,4/24/87,4/24/90,1096.00,4/24/90,1/22/90,1004.00,2896.66,97.92,2896.66,0.00,0
CI,287521,Vehicles (Consumer) - IL,0.150000,0.0117149169199,4/30/87,4/29/88,365.00,4/29/88,12/11/87,225.00,733.75,65.06,733.75,0.00,0
CI,479471,Vehicles (Consumer) - IL,0.150000,0.0117149169199,4/27/87,6/27/88,427.00,6/27/88,4/27/87,0.00,1499.80,115.02,1499.80,0.00,0
CI,299209,Vehicles (Consumer) - IL,0.160000,0.0124451379197,5/12/87,9/12/89,854.00,9/12/89,11/10/88,548.00,3026.87,126.93,3026.87,0.00,0
CI,312574,Vehicles (Consumer) - IL,0.150000,0.0117149169199,5/20/87,11/25/89,920.00,11/25/89,8/18/88,456.00,2594.76,101.21,2594.76,0.00,0
CI,416414,Vehicles (Consumer) - IL,0.150000,0.0117149169199,6/6/87,12/6/88,549.00,12/6/88,11/24/89,902.00,1145.55,69.91,1145.55,0.00,0
CI,990133,Vehicles (Consumer) - IL,0.150000,0.0117149169199,6/15/87,6/15/89,731.00,6/15/89,8/17/88,429.00,2586.45,122.63,2586.45,0.00,0
CI,140812,Vehicles (Consumer) - IL,0.145000,0.0113476210381,6/29/87,7/29/87,30.00,7/29/87,11/10/87,134.00,1735.26,1754.95,1735.26,0.00,0
CI,369399,Vehicles (Consumer) - IL,0.150000,0.0117149169199,6/30/87,3/30/91,1369.00,3/30/91,8/4/89,766.00,3339.64,94.90,3339.64,0.00,0
CI,86595,Vehicles (Consumer) - IL,0.150000,0.0117149169199,6/9/87,6/9/88,366.00,6/9/88,11/10/88,520.00,4275.40,378.13,4275.40,0.00,0
CI,57763,Vehicles (Consumer) - IL,0.150000,0.0117149169199,7/9/87,7/9/91,1461.00,7/9/91,6/23/88,350.00,3387.09,91.66,3387.09,0.00,0
CI,236802,Vehicles (Consumer) - IL,0.140000,0.0109788519502,7/15/87,7/15/91,1461.00,7/15/91,9/24/92,1898.00,2300.00,61.23,2300.00,0.00,0
CI,394271,Vehicles (Consumer) - IL,0.150000,0.0117149169199,8/18/87,8/18/90,1096.00,8/18/90,12/7/87,111.00,4493.12,151.88,4493.12,0.00,0
CI,348494,Vehicles (Consumer) - IL,0.140000,0.0109788519502,9/3/87,3/3/92,1643.00,3/3/92,8/3/90,1065.00,4800.00,117.08,1046.17,0.00,0
CI,47175,Vehicles (Consumer) - IL,0.140000,0.0109788519502,10/8/87,10/8/89,731.00,10/8/89,11/3/88,392.00,2366.61,111.22,1341.92,0.00,0
CI,432751,Vehicles (Consumer) - IL,0.145000,0.0113476210381,10/29/87,10/29/91,1461.00,10/29/91,8/4/89,645.00,3830.10,102.80,2935.10,0.00,0
CI,373513,Vehicles (Consumer) - IL,0.145000,0.0113476210381,10/28/87,10/28/91,1461.00,10/28/91,10/25/90,1093.00,5574.18,149.62,1981.99,0.00,0
CI,541429,Vehicles (Consumer) - IL,0.150000,0.0117149169199,10/1/87,10/10/89,740.00,10/10/89,3/6/90,887.00,2032.71,95.36,373.27,0.00,0
CI,830507,Vehicles (Consumer) - IL,0.140000,0.0109788519502,12/1/87,3/1/91,1186.00,3/1/91,12/7/89,737.00,2869.53,89.86,2217.94,0.00,0
CI,730398,Vehicles (Consumer) - IL,0.140000,0.0109788519502,11/17/87,5/17/90,912.00,5/17/90,4/20/89,520.00,12551.69,487.85,7358.44,0.00,0
CI,219918,Vehicles (Consumer) - IL,0.145000,0.0113476210381,11/20/87,4/20/90,882.00,4/20/90,2/4/88,76.00,3944.64,158.55,3900.73,0.00,0
CI,412299,Vehicles (Consumer) - IL,0.145000,0.0113476210381,12/2/87,12/2/90,1096.00,12/2/90,3/7/02,5209.00,4044.09,135.84,452.09,0.00,0
CI,333601,Vehicles (Consumer) - IL,0.140000,0.0109788519502,12/23/87,3/23/89,456.00,3/23/89,4/20/89,484.00,1300.00,93.33,109.95,0.00,0
CI,551135,Vehicles (Consumer) - IL,0.145000,0.0113476210381,12/17/87,9/17/90,1005.00,9/17/90,,-32128.00,2792.00,100.65,2792.00,0.00,0
CI,515296,Vehicles (Consumer) - IL,0.140000,0.0109788519502,1/4/88,6/4/92,1613.00,6/4/92,11/22/91,1418.00,6462.62,159.78,1963.58,0.00,0
CI,238423,Vehicles (Consumer) - IL,0.140000,0.0109788519502,12/8/87,2/8/92,1523.00,2/8/92,3/2/89,450.00,7780.97,200.75,3336.53,0.00,0
CI,621943,Vehicles (Consumer) - IL,0.140000,0.0109788519502,1/15/88,1/15/92,1461.00,1/15/92,7/21/89,553.00,6600.15,175.70,6550.15,0.00,0
CI,133647,Vehicles (Consumer) - IL,0.140000,0.0109788519502,1/27/88,1/27/92,1461.00,1/27/92,11/12/91,1385.00,8667.49,230.73,8090.10,0.00,0
CI,883248,Vehicles (Consumer) - IL,0.140000,0.0109788519502,3/8/88,3/8/92,1461.00,3/8/92,6/7/89,456.00,12113.10,322.45,5702.95,0.00,0
CI,17532,Vehicles (Consumer) - IL,0.140000,0.0109788519502,12/4/87,9/15/88,286.00,9/15/88,10/29/90,1060.00,3509.04,389.69,3509.04,0.00,0
CI,295704,Vehicles (Consumer) - IL,0.140000,0.0109788519502,3/15/88,3/15/96,2922.00,3/15/96,5/29/90,805.00,17500.00,293.44,9427.27,0.00,0
CI,863708,Vehicles (Consumer) - IL,0.140000,0.0109788519502,3/18/88,3/17/92,1460.00,3/17/92,2/21/89,340.00,7541.35,200.86,2500.00,0.00,0
CI,500581,Vehicles (Consumer) - IL,0.140000,0.0109788519502,3/19/88,3/17/92,1459.00,3/17/92,11/28/88,254.00,2757.50,73.48,2548.99,0.00,0
CI,309706,Vehicles (Consumer) - IL,0.150000,0.0117149169199,4/7/88,10/7/90,913.00,10/7/90,1/5/90,638.00,3810.20,149.56,3502.39,0.00,0
CI,164507,Vehicles (Consumer) - IL,0.150000,0.0117149169199,4/25/88,10/25/90,913.00,10/25/90,8/28/89,490.00,3917.69,153.78,935.00,0.00,0
CI,581521,Vehicles (Consumer) - IL,0.150000,0.0117149169199,5/11/88,5/15/91,1099.00,5/15/91,7/25/90,805.00,6862.99,231.49,6134.08,0.00,0
CI,703630,Vehicles (Consumer) - IL,0.140000,0.0109788519502,5/9/88,5/9/92,1461.00,5/9/92,5/4/89,360.00,9783.30,260.43,1601.20,0.00,0
CI,484160,Vehicles (Consumer) - IL,0.140000,0.0109788519502,5/23/88,3/23/93,1765.00,3/23/93,8/9/91,1173.00,15207.87,352.27,10380.84,0.00,0
CI,110818,Vehicles (Consumer) - IL,0.145000,0.0113476210381,5/31/88,5/31/91,1095.00,5/31/91,10/2/89,489.00,4644.38,156.12,3968.48,0.00,0
CI,320934,Vehicles (Consumer) - IL,0.140000,0.0109788519502,6/29/88,2/28/90,609.00,2/28/90,9/7/89,435.00,2590.73,143.07,1507.06,0.00,0
CI,791293,Vehicles (Consumer) - IL,0.140000,0.0109788519502,7/11/88,11/11/92,1584.00,11/11/92,6/25/92,1445.00,11355.94,284.55,172.27,0.00,0
CI,58830,Vehicles (Consumer) - IL,0.160000,0.0124451379197,4/15/86,7/15/88,822.00,7/15/88,11/12/87,576.00,1312.69,56.83,1312.69,0.00,0
CI,973184,Vehicles (Consumer) - IL,0.140000,0.0109788519502,7/16/88,7/16/92,1461.00,7/16/92,3/23/90,615.00,12982.03,345.58,9347.60,0.00,0
CI,145316,Vehicles (Consumer) - IL,0.140000,0.0109788519502,8/5/88,8/5/92,1461.00,8/5/92,7/19/90,713.00,8496.36,226.17,1985.85,0.00,0
CI,343550,Vehicles (Consumer) - IL,0.140000,0.0109788519502,10/31/88,4/30/91,911.00,4/30/91,3/15/89,135.00,2014.26,78.36,731.82,0.00,0
CI,911941,Vehicles (Consumer) - IL,0.140000,0.0109788519502,12/3/88,12/3/90,730.00,12/3/90,10/16/89,317.00,4449.33,209.36,2966.55,0.00,0
CI,195380,Vehicles (Consumer) - IL,0.140000,0.0109788519502,1/12/89,1/12/90,365.00,1/12/90,5/18/89,126.00,3877.40,342.19,710.35,0.00,0
CI,680437,Vehicles (Consumer) - IL,0.140000,0.0109788519502,2/3/89,2/3/91,730.00,2/3/91,,-32542.00,3000.00,141.16,3000.00,0.00,0
CI,74402,Vehicles (Consumer) - IL,0.140000,0.0109788519502,3/2/89,4/2/89,31.00,4/2/89,,-32569.00,247.24,241.94,247.24,0.00,0
CI,294517,Vehicles (Consumer) - IL,0.160000,0.0124451379197,8/11/81,8/11/88,2557.00,8/11/88,7/24/82,347.00,19902.94,380.18,19902.94,0.00,0
CI,115929,Vehicles (Consumer) - IL,0.140000,0.0109788519502,4/21/89,4/21/93,1461.00,4/21/93,4/17/90,361.00,6327.57,168.44,1673.08,0.00,0
CI,477378,Vehicles (Consumer) - IL,0.130000,0.0102368443582,4/24/89,4/24/90,365.00,4/24/90,6/7/91,774.00,11400.00,1001.33,10900.00,0.00,0
CI,385776,Vehicles (Consumer) - IL,0.140000,0.0109788519502,5/15/89,5/15/92,1096.00,5/15/92,9/15/93,1584.00,9111.89,304.12,1296.37,0.00,0
CI,219170,Vehicles (Consumer) - IL,0.140000,0.0109788519502,6/6/89,6/6/90,365.00,6/6/90,12/7/94,2010.00,12557.14,1108.21,7225.72,0.00,0
CI,82860,Vehicles (Consumer) - IL,0.150000,0.0117149169199,11/17/89,11/17/90,365.00,11/17/90,,-32829.00,3500.00,310.34,3500.00,0.00,0
CI,634516,Vehicles (Consumer) - IL,0.150000,0.0117149169199,11/17/89,11/17/90,365.00,11/17/90,,-32829.00,3012.94,267.15,3012.94,0.00,0
CI,174464,Vehicles (Consumer) - IL,0.180000,0.0138884303484,2/19/82,8/19/82,181.00,8/19/82,2/19/82,0.00,12000.00,2087.22,12000.00,0.00,0
CI,704955,Vehicles (Consumer) - IL,0.140000,0.0109788519502,1/16/90,1/16/91,365.00,1/16/91,8/21/90,217.00,2191.33,193.39,2091.33,0.00,0
CI,548530,Vehicles (Consumer) - IL,0.110000,0.0087345938236,3/5/90,3/5/91,365.00,3/5/91,7/17/90,134.00,24000.00,2087.87,20463.76,0.00,0
CI,885899,Surecash,15.15000%,1.26250%,9/14/95,12/31/99,2923509,12/31/99,9/27/11,5857,"$1,000.00",$12.63 ,$526.37,$0.00,$0.00
CI,743597,Surecash,15.15000%,1.26250%,5/23/01,12/31/99,2921431,12/31/99,6/27/12,4053,$500.00,$6.31 ,$500.00,$514.28,$0.00
CI,808375,Vehicles (Consumer) - IL,0.140000,0.0109788519502,5/21/90,2/21/91,276.00,2/21/91,3/18/91,301.00,1000.00,114.87,384.31,0.00,0
CI,847783,Vehicles (Consumer) - IL,0.140000,0.0109788519502,6/5/90,12/5/92,914.00,12/5/92,12/31/90,209.00,1450.96,56.29,1136.47,0.00,0
CI,719185,Vehicles (Consumer) - IL,0.140000,0.0109788519502,8/4/90,12/4/91,487.00,12/4/91,6/18/93,1049.00,1800.09,121.67,678.75,0.00,0
CI,506837,Vehicles (Consumer) - IL,0.140000,0.0109788519502,8/15/90,10/28/91,439.00,10/28/91,,-33100.00,1500.00,111.52,1500.00,0.00,0
CI,146204,Vehicles (Consumer) - IL,0.210000,0.0160118677734,12/1/82,12/1/84,731.00,12/1/84,3/6/13,11053.00,15.90,0.79,15.90,0.00,0
CI,217745,Vehicles (Consumer) - IL,0.140000,0.0109788519502,11/23/90,6/7/93,927.00,6/7/93,5/7/93,896.00,3697.00,141.73,1033.48,0.00,0
CI,366531,Vehicles (Consumer) - IL,0.180000,0.0138884303484,11/26/90,7/5/91,221.00,7/5/91,8/2/91,249.00,500.00,71.87,40.04,0.00,0
CI,770340,Vehicles (Consumer) - IL,0.140000,0.0109788519502,11/28/90,4/28/94,1247.00,4/28/94,7/1/92,581.00,6557.94,197.35,4846.18,0.00,0
CI,76072,Vehicles (Consumer) - IL,0.140000,0.0109788519502,11/28/90,10/28/91,334.00,10/28/91,,-33205.00,2000.00,191.83,2000.00,0.00,0
CI,805799,Vehicles (Consumer) - IL,0.180000,0.0138884303484,1/24/91,10/24/91,273.00,10/24/91,4/8/92,440.00,500.00,58.87,465.79,0.00,0
CI,259821,Vehicles (Consumer) - IL,0.150000,0.0117149169199,2/21/91,8/21/93,912.00,8/21/93,12/7/94,1385.00,3817.92,150.00,1461.33,0.00,0
CI,919501,Vehicles (Consumer) - IL,0.140000,0.0109788519502,3/12/91,3/12/95,1461.00,3/12/95,12/19/95,1743.00,11921.89,317.36,2130.56,0.00,0
CI,292081,Vehicles (Consumer) - IL,0.140000,0.0109788519502,3/28/91,10/28/91,214.00,10/28/91,,-33325.00,4000.00,586.06,4000.00,0.00,0
CI,906889,Vehicles (Consumer) - IL,0.140000,0.0109788519502,6/11/91,3/11/92,274.00,3/11/92,5/29/92,353.00,550.00,63.62,192.05,0.00,0
CI,595508,Vehicles (Consumer) - IL,0.140000,0.0109788519502,8/2/91,12/2/91,122.00,12/2/91,,-33452.00,300.00,75.83,300.00,0.00,0
CI,25942,Vehicles (Consumer) - IL,0.110000,0.0087345938236,10/30/91,6/24/94,968.00,6/24/94,12/15/95,1507.00,11261.21,402.00,7261.21,0.00,0
CI,637415,Vehicles (Consumer) - IL,0.180000,0.0138884303484,4/1/92,4/1/93,365.00,4/1/93,11/13/92,226.00,700.00,62.93,510.65,0.00,0
CI,443536,Vehicles (Consumer) - IL,0.140000,0.0109788519502,4/1/92,4/1/98,2191.00,4/1/98,5/25/95,1149.00,4009.19,80.10,1873.19,0.00,0
CI,65449,Vehicles (Consumer) - IL,0.125000,0.0098635805532,4/21/92,4/21/94,730.00,4/21/94,6/4/93,409.00,2000.00,92.85,2000.00,0.00,0
CI,869003,Vehicles (Consumer) - IL,0.140000,0.0109788519502,4/24/92,4/24/93,365.00,4/24/93,2/5/93,287.00,1000.00,88.25,299.32,0.00,0
CI,191960,Vehicles (Consumer) - IL,0.140000,0.0109788519502,4/27/92,7/27/94,821.00,7/27/94,5/7/93,375.00,2650.00,112.63,1813.54,0.00,0
CI,213558,Vehicles (Consumer) - IL,0.140000,0.0109788519502,6/24/92,12/24/94,913.00,12/24/94,4/18/01,3220.00,4300.49,167.00,1854.00,0.00,0
CI,355659,Vehicles (Consumer) - IL,0.130000,0.0102368443582,7/2/92,1/2/93,184.00,1/2/93,9/21/93,446.00,2000.00,338.10,1400.00,0.00,0
CI,932853,Vehicles (Consumer) - IL,0.140000,0.0109788519502,7/6/92,1/6/94,549.00,1/6/94,9/6/94,792.00,2200.00,133.36,1179.16,0.00,0
CI,378346,Vehicles (Consumer) - IL,0.140000,0.0109788519502,8/17/92,2/17/94,549.00,2/17/94,5/2/95,988.00,3097.69,187.77,774.39,0.00,0
CI,174413,Vehicles (Consumer) - IL,0.140000,0.0109788519502,8/24/92,12/24/94,852.00,12/24/94,8/13/93,354.00,3000.00,123.53,2191.08,0.00,0
CI,925602,Vehicles (Consumer) - IL,0.140000,0.0109788519502,11/17/92,3/17/93,120.00,3/17/93,,-33925.00,200.00,51.38,200.00,0.00,0
CI,506504,Vehicles (Consumer) - IL,0.140000,0.0109788519502,11/18/92,3/18/93,120.00,3/18/93,,-33926.00,200.00,51.38,200.00,0.00,0
CI,433855,Vehicles (Consumer) - IL,0.120000,0.0094887929346,12/9/92,12/9/93,365.00,12/9/93,,-33947.00,5800.00,507.01,5800.00,0.00,0
CI,721377,Vehicles (Consumer) - IL,0.150000,0.0117149169199,12/18/92,1/18/94,396.00,1/18/94,5/7/93,140.00,600.00,49.32,464.33,0.00,0
CI,992175,Vehicles (Consumer) - IL,0.120000,0.0094887929346,1/5/93,6/5/96,1247.00,6/5/96,4/8/94,458.00,5828.36,170.34,5165.50,0.00,0
CI,527715,Vehicles (Consumer) - IL,0.120000,0.0094887929346,6/9/93,2/9/96,975.00,2/9/96,4/20/95,680.00,2400.00,86.16,1180.99,0.00,0
CI,508144,Vehicles (Consumer) - IL,0.140000,0.0109788519502,6/21/93,6/21/94,365.00,6/21/94,9/30/93,101.00,1230.53,108.60,933.96,0.00,0
CI,781053,Vehicles (Consumer) - IL,0.120000,0.0094887929346,8/27/93,10/27/97,1522.00,10/27/97,2/29/96,916.00,8028.82,200.13,6198.50,0.00,0
CI,404728,Vehicles (Consumer) - IL,0.120000,0.0094887929346,9/22/93,3/22/94,181.00,3/22/94,5/6/05,4244.00,915.85,156.90,587.64,0.00,0
CI,833355,Vehicles (Consumer) - IL,0.140000,0.0109788519502,9/30/93,10/30/93,30.00,10/30/93,,-34242.00,1000.00,1010.98,1000.00,0.00,0
CI,902208,Vehicles (Consumer) - IL,0.120000,0.0094887929346,11/2/93,5/2/94,181.00,5/2/94,,-34275.00,1000.00,171.32,1000.00,0.00,0
CI,240516,Vehicles (Consumer) - IL,0.120000,0.0094887929346,5/11/94,5/11/96,731.00,5/11/96,,-34465.00,3000.00,138.48,3000.00,0.00,0
CI,692899,Vehicles (Consumer) - IL,0.120000,0.0094887929346,9/13/94,7/13/95,303.00,7/13/95,9/5/95,357.00,1800.00,187.74,174.57,0.00,0
CI,167265,Vehicles (Consumer) - IL,0.120000,0.0094887929346,9/19/94,9/19/95,365.00,9/19/95,,-34596.00,600.00,52.45,600.00,0.00,0
CI,827214,Vehicles (Consumer) - IL,0.110000,0.0087345938236,11/23/94,5/23/95,181.00,5/23/95,9/8/95,289.00,2625.51,448.63,2425.51,0.00,0
CI,609646,Vehicles (Consumer) - IL,0.140000,0.0109788519502,1/6/95,12/6/95,334.00,12/6/95,6/10/14,7095.00,1000.00,95.91,46.00,0.00,0
CI,920142,Vehicles (Consumer) - IL,0.125000,0.0098635805532,1/10/95,1/10/98,1096.00,1/10/98,7/10/02,2738.00,4568.54,149.54,3182.72,0.00,0
CI,396364,Vehicles (Consumer) - IL,0.120000,0.0094887929346,2/10/95,2/10/98,1096.00,2/10/98,10/24/95,256.00,9383.41,305.14,3146.59,0.00,0
CI,573555,Vehicles (Consumer) - IL,0.125000,0.0098635805532,2/13/95,2/13/96,365.00,2/13/96,5/31/96,473.00,1275.00,111.72,140.22,0.00,0
CI,956677,Vehicles (Consumer) - IL,0.125000,0.0098635805532,5/9/95,5/9/96,366.00,5/9/96,7/11/02,2620.00,1275.00,111.44,100.39,0.00,0
CI,846651,Vehicles (Consumer) - IL,0.120000,0.0094887929346,5/19/95,11/19/95,184.00,11/19/95,10/2/95,136.00,600.00,101.16,312.43,0.00,0
CI,614869,Vehicles (Consumer) - IL,0.120000,0.0094887929346,7/19/95,1/19/96,184.00,1/19/96,12/13/95,147.00,800.00,134.88,280.18,0.00,0
CI,283834,Vehicles (Consumer) - IL,0.110000,0.0087345938236,10/31/95,1/31/00,1553.00,1/31/00,6/22/99,1330.00,4653.18,112.12,4653.18,0.00,0
CI,108252,Vehicles (Consumer) - IL,0.120000,0.0094887929346,5/6/96,11/6/96,184.00,11/6/96,7/11/02,2257.00,251.69,42.44,251.69,0.00,0
CI,354012,Vehicles (Consumer) - IL,0.120000,0.0094887929346,5/2/96,11/2/97,549.00,11/2/97,1/31/97,274.00,1270.47,75.95,1270.47,0.00,0
CI,855378,Vehicles (Consumer) - IL,0.115000,0.0091124684369,6/3/96,6/3/99,1095.00,6/3/99,6/13/19,8410.00,150.56,4.87,150.56,0.00,0
CI,45381,Vehicles (Consumer) - IL,0.120000,0.0094887929346,10/16/96,10/16/97,365.00,10/16/97,4/30/97,196.00,780.17,68.20,780.17,0.00,0
CI,407559,Vehicles (Consumer) - IL,0.110000,0.0087345938236,10/17/96,10/17/00,1461.00,10/17/00,7/12/02,2094.00,11025.76,278.93,11025.76,0.00,0
CI,973549,Vehicles (Consumer) - IL,0.120000,0.0094887929346,12/30/96,6/30/98,547.00,6/30/98,4/30/97,121.00,1459.62,87.56,1459.62,0.00,0
CI,585581,Vehicles (Consumer) - IL,0.120000,0.0094887929346,1/21/97,7/21/00,1277.00,7/21/00,7/12/02,1998.00,6956.03,199.40,6956.03,0.00,0
CI,361772,Vehicles (Consumer) - IL,0.120000,0.0094887929346,2/3/97,2/3/98,365.00,2/3/98,7/16/02,1989.00,1358.85,118.79,1358.85,0.00,0
CI,803637,Vehicles (Consumer) - IL,0.120000,0.0094887929346,6/17/97,6/17/99,730.00,6/17/99,5/13/14,6174.00,727.21,33.61,727.21,0.00,0
CI,491732,Vehicles (Consumer) - IL,0.120000,0.0094887929346,6/15/97,12/15/98,548.00,12/15/98,7/11/02,1852.00,1306.45,78.24,1306.45,0.00,0
CI,1895,Vehicles (Consumer) - IL,0.110000,0.0087345938236,6/20/97,10/20/02,1948.00,10/20/02,2/20/02,1706.00,1728.02,34.98,1728.02,0.00,0
CI,743091,Vehicles (Consumer) - IL,0.110000,0.0087345938236,9/19/97,7/30/03,2140.00,7/30/03,8/24/00,1070.00,2084.32,39.38,2084.32,0.00,0
CI,90504,Vehicles (Consumer) - IL,0.110000,0.0087345938236,9/29/97,3/19/00,902.00,3/19/00,3/17/06,3091.00,3978.05,151.01,3978.05,0.00,0
CI,315377,Vehicles (Consumer) - IL,0.110000,0.0087345938236,10/24/97,10/24/00,1096.00,10/24/00,4/22/98,180.00,3832.11,122.97,3832.11,0.00,0
CI,302788,Vehicles (Consumer) - IL,0.110000,0.0087345938236,3/2/98,3/2/01,1096.00,3/2/01,9/24/99,571.00,148.70,4.77,148.70,0.00,0
CI,334454,Vehicles (Consumer) - IL,0.110000,0.0087345938236,3/27/98,3/27/00,731.00,3/27/00,11/5/98,223.00,2319.54,106.10,2319.54,0.00,0
CI,613535,Vehicles (Consumer) - IL,0.110000,0.0087345938236,6/4/98,12/4/00,914.00,12/4/00,9/17/99,470.00,2949.60,110.69,2949.60,0.00,0
CI,175375,Vehicles (Consumer) - IL,0.120000,0.0094887929346,7/8/98,7/8/04,2192.00,7/8/04,6/4/01,1062.00,455.05,8.66,455.05,0.00,0
CI,950912,Vehicles (Consumer) - IL,0.110000,0.0087345938236,7/17/98,7/17/01,1096.00,7/17/01,12/11/00,878.00,3787.41,121.54,3787.41,0.00,0
CI,598283,Vehicles (Consumer) - IL,0.120000,0.0094887929346,9/14/98,9/14/99,365.00,9/14/99,9/8/04,2186.00,3023.48,264.30,3023.48,0.00,0
CI,216460,Vehicles (Consumer) - IL,0.120000,0.0094887929346,10/2/98,12/2/02,1522.00,12/2/02,9/1/00,700.00,4462.28,111.23,4462.28,0.00,0
CI,732198,Vehicles (Consumer) - IL,0.105000,0.0083551556836,10/5/98,4/5/03,1643.00,4/5/03,6/28/01,997.00,3510.06,80.13,3510.06,0.00,0
CI,998265,Vehicles (Consumer) - IL,0.120000,0.0094887929346,11/3/98,12/11/98,38.00,12/11/98,4/13/05,2353.00,195.96,156.37,195.96,0.00,0
CI,399974,Vehicles (Consumer) - IL,0.110000,0.0087345938236,11/17/98,11/17/99,365.00,11/17/99,,-36116.00,1000.00,86.99,1000.00,0.00,0
CI,787394,Vehicles (Consumer) - IL,0.110000,0.0087345938236,11/27/98,11/27/00,731.00,11/27/00,3/22/00,481.00,2433.83,111.32,2433.83,0.00,0
CI,65733,Vehicles (Consumer) - IL,0.110000,0.0087345938236,12/10/98,12/10/02,1461.00,12/10/02,6/3/02,1271.00,3408.56,86.23,3408.56,0.00,0
CI,640826,Vehicles (Consumer) - IL,0.100000,0.0079741404289,3/18/99,3/18/01,731.00,3/18/01,8/4/00,505.00,1129.64,51.19,1129.64,0.00,0
CI,153931,Vehicles (Consumer) - IL,0.140000,0.0109788519502,3/29/99,12/29/99,275.00,12/29/99,,-36248.00,500.00,57.63,500.00,0.00,0
CI,972291,Vehicles (Consumer) - IL,0.120000,0.0094887929346,4/12/99,10/12/00,549.00,10/12/00,7/29/11,4491.00,1244.25,74.39,1244.25,0.00,0
CI,535975,Vehicles (Consumer) - IL,0.110000,0.0087345938236,6/2/99,6/2/01,731.00,6/2/01,10/15/99,135.00,2074.36,94.88,2074.36,0.00,0
CI,941003,Vehicles (Consumer) - IL,0.105000,0.0083551556836,6/2/99,10/15/03,1596.00,10/15/03,1/3/13,4964.00,84.83,1.98,84.83,0.00,0
CI,87759,Vehicles (Consumer) - IL,0.110000,0.0087345938236,7/14/99,9/14/03,1523.00,9/14/03,4/21/06,2473.00,10762.77,263.38,10762.77,0.00,0
CI,832988,Vehicles (Consumer) - IL,0.100000,0.0079741404289,7/16/99,7/16/01,731.00,7/16/01,3/31/00,259.00,1573.38,71.30,1573.38,0.00,0
CI,573013,Vehicles (Consumer) - IL,0.120000,0.0094887929346,7/21/99,2/21/01,581.00,2/21/01,7/15/02,1090.00,7776.50,441.46,7776.50,0.00,0
CI,113562,Vehicles (Consumer) - IL,0.100000,0.0079741404289,7/28/99,7/10/03,1443.00,7/10/03,3/31/00,247.00,4107.98,103.16,4107.98,0.00,0
CI,254411,Vehicles (Consumer) - IL,0.110000,0.0087345938236,8/4/99,8/4/02,1096.00,8/4/02,10/28/05,2277.00,500.00,16.04,500.00,0.00,0
CI,726900,Vehicles (Consumer) - IL,0.115000,0.0091124684369,8/25/99,5/25/02,1004.00,5/25/02,7/15/02,1055.00,4625.30,160.97,4625.30,0.00,0
CI,904492,Vehicles (Consumer) - IL,0.100000,0.0079741404289,9/14/99,5/14/05,2069.00,5/14/05,3/25/03,1288.00,2323.64,43.93,2323.64,0.00,0
CI,250852,Vehicles (Consumer) - IL,0.120000,0.0094887929346,10/7/99,4/7/01,548.00,4/7/01,6/1/00,238.00,1262.56,75.61,1262.56,0.00,0
CI,400128,Vehicles (Consumer) - IL,0.110000,0.0087345938236,11/5/99,10/3/00,333.00,10/3/00,8/3/00,272.00,2500.00,237.30,2500.00,0.00,0
CI,427399,Vehicles (Consumer) - IL,0.150000,0.0117149169199,11/19/99,5/19/00,182.00,5/19/00,7/5/00,229.00,1300.00,223.24,1300.00,0.00,0
CI,533591,Vehicles (Consumer) - IL,0.150000,0.0117149169199,11/8/99,5/8/00,182.00,5/8/00,8/3/00,269.00,2000.00,343.45,2000.00,0.00,0
CI,164798,Vehicles (Consumer) - IL,0.150000,0.0117149169199,11/8/99,5/8/00,182.00,5/8/00,12/1/00,389.00,1200.00,206.07,1200.00,0.00,0
CI,28521,Vehicles (Consumer) - IL,0.100000,0.0079741404289,12/14/99,6/25/05,2020.00,6/25/05,8/1/08,3153.00,16844.23,324.27,16844.23,0.00,0
CI,142280,Vehicles (Consumer) - IL,0.120000,0.0094887929346,12/20/99,5/20/01,517.00,5/20/01,4/26/00,128.00,1091.53,68.96,1091.53,0.00,0
CI,254743,Vehicles (Consumer) - IL,0.100000,0.0079741404289,1/11/00,1/11/02,731.00,1/11/02,9/15/00,248.00,2356.14,106.78,2356.14,0.00,0
CI,462708,Vehicles (Consumer) - IL,0.110000,0.0087345938236,1/26/00,10/3/00,251.00,10/3/00,8/3/00,190.00,2000.00,248.93,2000.00,0.00,0
CI,365287,Vehicles (Consumer) - IL,0.105000,0.0083551556836,2/1/00,8/1/05,2008.00,8/1/05,6/6/03,1221.00,4040.29,79.05,4040.29,0.00,0
CI,55741,Vehicles (Consumer) - IL,0.105000,0.0083551556836,2/4/00,2/15/05,1838.00,2/15/05,8/22/01,565.00,7079.77,148.12,7079.77,0.00,0
CI,719642,Vehicles (Consumer) - IL,0.110000,0.0087345938236,2/10/00,10/3/00,236.00,10/3/00,8/3/00,175.00,4428.56,584.97,4428.56,0.00,0
CI,74536,Vehicles (Consumer) - IL,0.120000,0.0094887929346,3/2/00,12/2/00,275.00,12/2/00,2/12/01,347.00,702.98,80.44,702.98,0.00,0
CI,570028,Vehicles (Consumer) - IL,0.110000,0.0087345938236,3/3/00,10/3/00,214.00,10/3/00,8/3/00,153.00,2000.00,290.42,2000.00,0.00,0
CI,662460,Vehicles (Consumer) - IL,0.110000,0.0087345938236,3/6/00,3/6/03,1095.00,3/6/03,6/28/07,2670.00,124.91,4.01,124.91,0.00,0
CI,156031,Vehicles (Consumer) - IL,0.120000,0.0094887929346,3/31/00,10/30/00,213.00,10/30/00,8/3/00,125.00,4000.00,585.24,4000.00,0.00,0
CI,597318,Vehicles (Consumer) - IL,0.105000,0.0083551556836,4/3/00,4/15/02,742.00,4/15/02,4/4/01,366.00,8000.00,359.37,8000.00,0.00,0
CI,544322,Vehicles (Consumer) - IL,0.110000,0.0087345938236,4/10/00,4/10/02,730.00,4/10/02,9/25/03,1263.00,833.57,38.17,833.57,0.00,0
CI,828654,Vehicles (Consumer) - IL,0.100000,0.0079741404289,4/21/00,4/21/04,1461.00,4/21/04,12/3/02,956.00,8346.96,207.50,8346.96,0.00,0
CI,963959,Vehicles (Consumer) - IL,0.110000,0.0087345938236,4/25/00,4/25/02,730.00,4/25/02,1/14/02,629.00,3002.58,137.51,3002.58,0.00,0
CI,229915,Vehicles (Consumer) - IL,0.105000,0.0083551556836,5/3/00,4/15/02,712.00,4/15/02,4/4/01,336.00,15237.50,710.46,15237.50,0.00,0
CI,645951,Vehicles (Consumer) - IL,0.120000,0.0094887929346,5/5/00,10/5/00,153.00,10/5/00,8/3/00,90.00,1800.00,363.22,1800.00,0.00,0
CI,470357,Vehicles (Consumer) - IL,0.105000,0.0083551556836,5/18/00,5/18/03,1095.00,5/18/03,11/19/04,1646.00,2129.33,67.93,2129.33,0.00,0
CI,604985,Vehicles (Consumer) - IL,0.120000,0.0094887929346,5/23/00,6/23/01,396.00,6/23/01,11/21/00,182.00,1600.00,129.54,1600.00,0.00,0
CI,258869,Vehicles (Consumer) - IL,0.120000,0.0094887929346,5/25/00,5/25/01,365.00,5/25/01,12/5/01,559.00,250.43,21.89,250.43,0.00,0
CI,363402,Vehicles (Consumer) - IL,0.100000,0.0079741404289,6/21/00,11/21/03,1248.00,11/21/03,10/3/02,834.00,6038.58,171.14,6038.58,0.00,0
CI,460737,Vehicles (Consumer) - IL,0.120000,0.0094887929346,6/23/00,10/23/04,1583.00,10/23/04,12/30/02,920.00,4289.07,103.70,4289.07,0.00,0
CI,567176,Vehicles (Consumer) - IL,0.120000,0.0094887929346,6/30/00,9/30/03,1187.00,9/30/03,4/13/05,1748.00,2583.79,78.63,2583.79,0.00,0
CI,351290,Vehicles (Consumer) - IL,0.110000,0.0087345938236,8/14/00,2/14/01,184.00,2/14/01,,-36752.00,14430.50,2426.64,14430.50,0.00,0
CI,163996,Vehicles (Consumer) - IL,0.120000,0.0094887929346,8/14/00,12/14/04,1583.00,12/14/04,4/25/01,254.00,2855.90,69.05,2855.90,0.00,0
CI,270462,Vehicles (Consumer) - IL,0.100000,0.0079741404289,8/9/00,8/9/01,365.00,8/9/01,2/10/12,4202.00,3753.26,324.92,3753.26,0.00,0
CI,747916,Vehicles (Consumer) - IL,0.120000,0.0094887929346,8/16/00,8/16/02,730.00,8/16/02,5/10/01,267.00,2780.22,128.49,2780.22,0.00,0
CI,579717,Vehicles (Consumer) - IL,0.130000,0.0102368443582,11/14/00,5/14/01,181.00,5/14/01,2/7/02,450.00,3309.42,568.44,3309.42,0.00,0
CI,619295,Vehicles (Consumer) - IL,0.180000,0.0138884303484,11/15/00,5/15/01,181.00,5/15/01,6/29/01,226.00,177.60,30.89,177.60,0.00,0
CI,63931,Vehicles (Consumer) - IL,12.00000%,1.00000%,11/28/00,11/10/50,18244,11/10/50,5/27/15,5293,"$3,771.75",$37.81 ,"$3,771.75",$0.00,$0.00
CI,165155,Vehicles (Consumer) - IL,0.140000,0.0109788519502,12/12/00,9/12/01,274.00,9/12/01,1/23/01,42.00,449.20,51.96,449.20,0.00,0
CI,904925,Vehicles (Consumer) - IL,0.110000,0.0087345938236,12/18/00,10/18/06,2130.00,10/18/06,11/18/03,1065.00,12049.61,228.46,12049.61,0.00,0
CI,319205,Vehicles (Consumer) - IL,0.120000,0.0094887929346,12/22/00,8/22/03,973.00,8/22/03,6/11/07,2362.00,9942.36,357.57,9942.36,0.00,0
CI,939886,Vehicles (Consumer) - IL,0.105000,0.0083551556836,1/2/01,2/2/06,1857.00,2/2/06,10/3/02,639.00,9755.32,202.49,9755.32,0.00,0
CI,824940,Vehicles (Consumer) - IL,0.105000,0.0083551556836,1/3/01,4/15/02,467.00,4/15/02,,-36894.00,81250.00,5588.01,81250.00,0.00,0
CI,870183,Vehicles (Consumer) - IL,0.105000,0.0083551556836,1/3/01,4/15/02,467.00,4/15/02,,-36894.00,81250.00,5588.01,81250.00,0.00,0
CI,906445,Vehicles (Consumer) - IL,0.120000,0.0094887929346,1/17/01,3/17/04,1155.00,3/17/04,9/27/02,618.00,2968.45,92.40,2968.45,0.00,0
CI,386190,Vehicles (Consumer) - IL,0.130000,0.0102368443582,1/24/01,1/24/04,1095.00,1/24/04,9/17/15,5349.00,10907.81,359.65,10907.81,0.00,0
CI,10802,Vehicles (Consumer) - IL,0.100000,0.0079741404289,2/5/01,6/10/06,1951.00,6/10/06,6/3/04,1214.00,10000.00,197.67,10000.00,0.00,0
CI,921383,Vehicles (Consumer) - IL,0.105000,0.0083551556836,2/16/01,2/16/05,1461.00,2/16/05,3/24/05,1497.00,4508.22,113.06,4508.22,0.00,0
CI,472827,Vehicles (Consumer) - IL,0.120000,0.0094887929346,3/7/01,3/7/04,1096.00,3/7/04,9/23/02,565.00,4373.61,142.22,4373.61,0.00,0
CI,260473,Vehicles (Consumer) - IL,0.110000,0.0087345938236,3/19/01,3/19/03,730.00,3/19/03,3/24/06,1831.00,406.45,18.61,406.45,0.00,0
CI,668309,Vehicles (Consumer) - IL,0.100000,0.0079741404289,3/23/01,3/23/06,1826.00,3/23/06,7/6/05,1566.00,4623.12,96.17,4623.12,0.00,0
CI,455723,Vehicles (Consumer) - IL,0.110000,0.0087345938236,3/30/01,9/30/01,184.00,9/30/01,6/11/08,2630.00,2611.60,439.17,2611.60,0.00,0
CI,38169,Vehicles (Consumer) - IL,0.110000,0.0087345938236,4/9/01,9/9/04,1249.00,9/9/04,8/27/04,1236.00,159.06,4.57,159.06,0.00,0
CI,276962,Vehicles (Consumer) - IL,0.120000,0.0094887929346,4/16/01,4/16/02,365.00,4/16/02,8/3/01,109.00,4117.08,359.90,4117.08,0.00,0
CI,198311,Vehicles (Consumer) - IL,0.110000,0.0087345938236,4/18/01,5/1/03,743.00,5/1/03,9/18/01,153.00,1672.83,75.41,1672.83,0.00,0
CI,249020,Vehicles (Consumer) - IL,0.110000,0.0087345938236,4/27/01,4/27/04,1096.00,4/27/04,4/24/06,1823.00,34.72,1.11,34.72,0.00,0
CI,569788,Vehicles (Consumer) - IL,0.110000,0.0087345938236,5/7/01,5/7/02,365.00,5/7/02,,-37018.00,2297.93,199.91,2297.93,0.00,0
CI,782506,Vehicles (Consumer) - IL,0.105000,0.0083551556836,5/25/01,12/15/02,569.00,12/15/02,,-37036.00,5187.50,296.89,5187.50,0.00,0
CI,853702,Vehicles (Consumer) - IL,0.105000,0.0083551556836,5/25/01,4/15/02,325.00,4/15/02,,-37036.00,5187.50,502.84,5187.50,0.00,0
CI,74432,Vehicles (Consumer) - IL,0.105000,0.0083551556836,5/25/01,4/15/02,325.00,4/15/02,,-37036.00,86312.50,8366.54,86312.50,0.00,0
CI,680773,Vehicles (Consumer) - IL,0.060000,0.0048675505653,5/30/01,8/15/05,1538.00,8/15/05,9/16/08,2666.00,17.75,0.39,17.75,0.00,0
CI,845081,Vehicles (Consumer) - IL,0.105000,0.0083551556836,6/11/01,8/11/06,1887.00,8/11/06,5/2/07,2151.00,2229.16,45.71,2229.16,0.00,0
CI,835370,Vehicles (Consumer) - IL,0.105000,0.0083551556836,6/18/01,7/18/07,2221.00,7/18/07,7/10/08,2579.00,8682.37,157.74,8682.37,0.00,0
CI,975850,Vehicles (Consumer) - IL,0.110000,0.0087345938236,6/25/01,9/25/03,822.00,9/25/03,9/30/15,5210.00,7767.18,319.98,7767.18,0.00,0
CI,979520,Vehicles (Consumer) - IL,0.105000,0.0083551556836,6/25/01,6/25/04,1096.00,6/25/04,,-37067.00,7926.60,252.66,7926.60,0.00,0
CI,101516,Vehicles (Consumer) - IL,0.100000,0.0079741404289,8/3/01,8/3/04,1096.00,8/3/04,12/21/04,1236.00,7545.41,238.89,7545.41,0.00,0
CI,443165,Vehicles (Consumer) - IL,0.105000,0.0083551556836,8/15/01,8/15/03,730.00,8/15/03,7/16/04,1066.00,38973.07,1776.62,38973.07,0.00,0
CI,290470,Vehicles (Consumer) - IL,0.110000,0.0087345938236,9/7/01,3/7/02,181.00,3/7/02,,-37141.00,1200.00,205.05,1200.00,0.00,0
CI,634179,Vehicles (Consumer) - IL,0.105000,0.0083551556836,9/10/01,9/10/03,730.00,9/10/03,6/21/02,284.00,7922.65,361.16,7922.65,0.00,0
CI,988685,Vehicles (Consumer) - IL,0.130000,0.0102368443582,9/13/01,12/13/02,456.00,12/13/02,2/1/02,141.00,581.35,41.49,581.35,0.00,0
CI,688737,Vehicles (Consumer) - IL,0.120000,0.0094887929346,9/28/01,5/28/06,1703.00,5/28/06,9/26/02,363.00,5754.13,131.57,5754.13,0.00,0
CI,970953,Vehicles (Consumer) - IL,0.100000,0.0079741404289,10/12/01,5/12/06,1673.00,5/12/06,10/3/02,356.00,4988.60,111.16,4988.60,0.00,0
CI,47197,Vehicles (Consumer) - IL,0.120000,0.0094887929346,10/15/01,4/15/03,547.00,4/15/03,4/19/02,186.00,931.11,55.85,931.11,0.00,0
CI,201625,Vehicles (Consumer) - IL,0.110000,0.0087345938236,10/25/01,4/25/03,547.00,4/25/03,,-37189.00,1300.00,77.44,1300.00,0.00,0
CI,748526,Vehicles (Consumer) - IL,0.110000,0.0087345938236,11/26/01,2/26/05,1188.00,2/26/05,1/15/04,780.00,3216.26,96.42,3216.26,0.00,0
CI,901587,Vehicles (Consumer) - IL,0.100000,0.0079741404289,11/28/01,3/28/09,2677.00,3/28/09,6/11/04,926.00,5307.10,83.35,5307.10,0.00,0
CI,705191,Vehicles (Consumer) - IL,0.110000,0.0087345938236,12/5/01,2/5/03,427.00,2/5/03,,-37230.00,1200.00,90.03,1200.00,0.00,0
CI,566565,Vehicles (Consumer) - IL,0.100000,0.0079741404289,12/6/01,3/6/06,1551.00,3/6/06,1/28/04,783.00,6243.73,147.84,6243.73,0.00,0
CI,679861,Vehicles (Consumer) - IL,0.130000,0.0102368443582,12/17/01,3/17/02,90.00,3/17/02,2/21/02,66.00,209.61,71.31,209.61,0.00,0
CI,399290,Vehicles (Consumer) - IL,0.105000,0.0083551556836,12/18/01,12/18/04,1096.00,12/18/04,9/6/05,1358.00,1000.00,31.88,1000.00,0.00,0
CI,989324,Vehicles (Consumer) - IL,0.120000,0.0094887929346,12/19/01,3/31/02,102.00,3/31/02,,-37244.00,1500.00,450.42,1500.00,0.00,0
CI,405294,Vehicles (Consumer) - IL,0.120000,0.0094887929346,1/8/02,1/8/03,365.00,1/8/03,3/17/06,1529.00,674.06,58.92,674.06,0.00,0
CI,161866,Vehicles (Consumer) - IL,0.120000,0.0094887929346,1/18/02,1/8/03,355.00,1/8/03,1/31/05,1109.00,2021.29,181.39,2021.29,0.00,0
CI,322656,Vehicles (Consumer) - IL,0.110000,0.0087345938236,1/30/02,7/31/02,182.00,7/31/02,3/27/02,56.00,2447.85,416.04,2447.85,0.00,0
CI,621764,Vehicles (Consumer) - IL,0.120000,0.0094887929346,2/25/02,1/25/03,334.00,1/25/03,5/20/02,84.00,1814.01,172.46,1814.01,0.00,0
CI,960764,Vehicles (Consumer) - IL,0.110000,0.0087345938236,3/20/02,4/20/07,1857.00,4/20/07,11/12/03,602.00,2123.87,44.56,2123.87,0.00,0
CI,507386,Vehicles (Consumer) - IL,0.100000,0.0079741404289,4/2/02,1/2/05,1006.00,1/2/05,2/24/05,1059.00,2965.63,101.14,2965.63,400.00,0
CI,437860,Vehicles (Consumer) - IL,0.110000,0.0087345938236,4/22/02,11/22/02,214.00,11/22/02,1/22/04,640.00,556.56,80.82,556.56,0.00,0
CI,808245,Vehicles (Consumer) - IL,0.120000,0.0094887929346,4/30/02,1/30/03,275.00,1/30/03,6/25/02,56.00,1172.15,134.12,1172.15,0.00,0
CI,631408,Vehicles (Consumer) - IL,0.105000,0.0083551556836,4/30/02,4/30/04,731.00,4/30/04,9/29/05,1248.00,28.57,1.30,28.57,0.00,0
CI,93958,Vehicles (Consumer) - IL,0.105000,0.0083551556836,5/2/02,5/2/07,1826.00,5/2/07,11/12/03,559.00,3763.15,79.13,3763.15,0.00,0
CI,130656,Vehicles (Consumer) - IL,0.100000,0.0079741404289,5/20/02,11/20/05,1280.00,11/20/05,4/5/05,1051.00,1559.02,43.25,1559.02,0.00,0
CI,512770,Vehicles (Consumer) - IL,0.095000,0.0075915342906,5/31/02,6/30/07,1856.00,6/30/07,1/2/04,581.00,11538.97,234.42,11538.97,0.00,0
CI,631572,Vehicles (Consumer) - IL,0.105000,0.0083551556836,6/6/02,11/6/06,1614.00,11/6/06,1/27/03,235.00,13895.91,321.73,8480.34,0.00,0
CI,249124,Vehicles (Consumer) - IL,0.100000,0.0079741404289,6/14/02,10/14/06,1583.00,10/14/06,5/23/05,1074.00,824.29,19.20,824.29,0.00,0
CI,930831,Vehicles (Consumer) - IL,0.100000,0.0079741404289,6/17/02,6/17/05,1096.00,6/17/05,7/8/15,4769.00,10533.65,333.50,10533.65,0.00,0
CI,408778,Vehicles (Consumer) - IL,0.100000,0.0079741404289,6/26/02,12/26/07,2009.00,12/26/07,9/9/05,1171.00,23069.70,445.96,23069.70,0.00,0
CI,588718,Vehicles (Consumer) - IL,0.105000,0.0083551556836,7/11/02,12/11/02,153.00,12/11/02,9/12/02,63.00,8093.00,1627.53,8093.00,0.00,0
CI,378052,Vehicles (Consumer) - IL,0.105000,0.0083551556836,7/11/02,12/11/02,153.00,12/11/02,10/19/04,831.00,10095.21,2030.18,10095.21,0.00,0
CI,717783,Vehicles (Consumer) - IL,0.105000,0.0083551556836,7/11/02,12/11/02,153.00,12/11/02,,-37448.00,10225.00,2056.28,10225.00,0.00,0
CI,119346,Vehicles (Consumer) - IL,0.100000,0.0079741404289,7/29/02,12/10/07,1960.00,12/10/07,3/26/07,1701.00,11299.11,222.56,11299.11,0.00,0
CI,371781,Vehicles (Consumer) - IL,0.100000,0.0079741404289,8/19/02,10/19/07,1887.00,10/19/07,5/29/03,283.00,9537.43,193.41,9537.43,0.00,0
CI,639455,Vehicles (Consumer) - IL,0.130000,0.0102368443582,9/6/02,2/6/03,153.00,2/6/03,,-37505.00,700.00,141.57,700.00,0.00,0
CI,362091,Vehicles (Consumer) - IL,0.060000,0.0048675505653,9/18/02,12/18/06,1552.00,12/18/06,10/20/09,2589.00,3653.36,80.05,3653.36,0.00,0
CI,312759,Vehicles (Consumer) - IL,0.120000,0.0094887929346,10/8/02,12/8/06,1522.00,12/8/06,8/1/08,2124.00,9030.47,225.09,9030.47,0.00,0
CI,219723,Vehicles (Consumer) - IL,0.105000,0.0083551556836,10/15/02,4/15/07,1643.00,4/15/07,1/9/12,3373.00,1722.77,39.33,1722.77,0.00,0
CI,192651,Vehicles (Consumer) - IL,0.100000,0.0079741404289,10/17/02,7/17/04,639.00,7/17/04,10/21/03,369.00,900.94,46.16,900.94,0.00,0
CI,309437,Vehicles (Consumer) - IL,0.100000,0.0079741404289,11/13/02,4/13/07,1612.00,4/13/07,4/5/05,874.00,4478.94,102.81,4478.94,0.00,0
CI,154518,Vehicles (Consumer) - IL,0.100000,0.0079741404289,11/21/02,11/21/04,731.00,11/21/04,2/9/04,445.00,3265.09,147.97,3265.09,0.00,0
CI,150377,Vehicles (Consumer) - IL,0.100000,0.0079741404289,12/11/02,9/11/04,640.00,9/11/04,5/7/15,4530.00,1540.41,78.81,1540.41,0.00,0
CI,105076,Vehicles (Consumer) - IL,0.120000,0.0094887929346,12/26/02,8/26/03,243.00,8/26/03,,-37616.00,1528.44,196.93,1528.44,0.00,0
CI,837530,Vehicles (Consumer) - IL,0.092500,0.0073996302872,12/30/02,6/28/06,1276.00,6/28/06,1/2/04,368.00,1201.19,33.02,1201.19,0.00,0
CI,59405,Vehicles (Consumer) - IL,0.100000,0.0079741404289,1/6/03,4/22/06,1202.00,4/22/06,7/8/08,2010.00,858.71,25.12,858.71,0.00,0
CI,119678,Vehicles (Consumer) - IL,0.100000,0.0079741404289,1/23/03,3/23/07,1520.00,3/23/07,9/21/18,5720.00,8221.26,197.88,8212.08,0.00,0
CI,588549,Vehicles (Consumer) - IL,0.100000,0.0079741404289,1/30/03,11/30/08,2131.00,11/30/08,8/24/04,572.00,6357.74,117.58,6357.74,0.00,0
CI,678306,Vehicles (Consumer) - IL,0.100000,0.0079741404289,2/7/03,10/7/04,608.00,10/7/04,10/28/04,629.00,3650.72,195.80,3650.72,0.00,0
CI,94507,Vehicles (Consumer) - IL,0.105000,0.0083551556836,2/20/03,8/20/06,1277.00,8/20/06,4/5/05,775.00,1205.35,33.77,1205.35,0.00,0
CI,647165,Vehicles (Consumer) - IL,0.095000,0.0075915342906,3/10/03,3/29/08,1846.00,3/29/08,8/10/09,2345.00,44.70,0.91,44.70,0.00,0
CI,687591,Vehicles (Consumer) - IL,0.097500,0.0077830370879,3/11/03,3/11/08,1827.00,3/11/08,12/22/03,286.00,4997.65,103.36,4997.65,0.00,0
CI,691194,Vehicles (Consumer) - IL,0.120000,0.0094887929346,3/11/03,3/11/04,366.00,3/11/04,10/3/03,206.00,864.41,75.37,864.41,0.00,0
CI,576702,Vehicles (Consumer) - IL,0.100000,0.0079741404289,3/13/03,5/13/16,4810.00,5/13/16,3/17/16,4753.00,4980.76,55.15,4980.76,0.00,1
CI,334482,Vehicles (Consumer) - IL,0.100000,0.0079741404289,3/21/03,3/21/08,1827.00,3/21/08,9/3/03,166.00,5251.85,109.20,5251.85,0.00,0
CI,950408,Vehicles (Consumer) - IL,0.100000,0.0079741404289,3/31/03,5/30/08,1887.00,5/30/08,10/24/07,1668.00,23563.94,477.86,23563.94,0.00,0
CI,788078,Vehicles (Consumer) - IL,0.100000,0.0079741404289,4/15/03,10/15/04,549.00,10/15/04,5/1/06,1112.00,2112.18,124.50,2112.18,0.00,0
CI,406769,Vehicles (Consumer) - IL,0.120000,0.0094887929346,4/16/03,6/16/05,792.00,6/16/05,12/11/09,2431.00,1273.49,54.76,1273.49,0.00,0
CI,896380,Vehicles (Consumer) - IL,0.120000,0.0094887929346,4/23/03,6/30/03,68.00,6/30/03,7/17/03,85.00,194.09,86.96,194.09,0.00,0
CI,9482,Vehicles (Consumer) - IL,0.110000,0.0087345938236,5/16/03,5/16/07,1461.00,5/16/07,12/30/03,228.00,12970.46,328.13,12970.46,0.00,0
CI,789805,Vehicles (Consumer) - IL,0.100000,0.0079741404289,5/21/03,5/21/08,1827.00,5/21/08,3/2/07,1381.00,16209.12,337.04,16209.12,0.00,0
CI,961962,Vehicles (Consumer) - IL,0.100000,0.0079741404289,6/4/03,2/4/06,976.00,2/4/06,7/13/11,2961.00,2031.01,71.12,2031.01,0.00,0
CI,989961,Vehicles (Consumer) - IL,0.100000,0.0079741404289,6/17/03,6/17/08,1827.00,6/17/08,5/26/05,709.00,4957.07,103.07,4957.07,0.00,0
CI,361769,Vehicles (Consumer) - IL,0.100000,0.0079741404289,6/19/03,10/19/07,1583.00,10/19/07,3/26/09,2107.00,2098.97,48.89,2098.97,0.00,0
CI,664400,Vehicles (Consumer) - IL,0.110000,0.0087345938236,6/30/03,12/30/05,914.00,12/30/05,8/6/04,403.00,1809.24,67.89,1809.24,0.00,0
CI,204351,Vehicles (Consumer) - IL,0.100000,0.0079741404289,7/10/03,7/10/05,731.00,7/10/05,11/10/03,123.00,1170.00,53.02,1170.00,0.00,0
CI,950900,Vehicles (Consumer) - IL,0.110000,0.0087345938236,7/14/03,10/14/03,92.00,10/14/03,8/12/04,395.00,5434.14,1803.57,5434.14,0.00,0
CI,776486,Vehicles (Consumer) - IL,0.100000,0.0079741404289,7/15/03,10/15/03,92.00,10/15/03,,-37817.00,2500.00,828.47,2500.00,0.00,0
CI,738068,Vehicles (Consumer) - IL,0.110000,0.0087345938236,7/16/03,7/16/05,731.00,7/16/05,3/10/05,603.00,530.32,24.26,530.32,0.00,0
CI,639151,Vehicles (Consumer) - IL,0.060000,0.0048675505653,7/17/03,10/17/05,823.00,10/17/05,6/10/05,694.00,1844.14,71.97,1844.14,0.00,0
CI,788412,Vehicles (Consumer) - IL,0.100000,0.0079741404289,7/18/03,1/18/10,2376.00,1/18/10,12/14/07,1610.00,20211.95,345.20,20211.95,0.00,0
CI,537995,Vehicles (Consumer) - IL,0.100000,0.0079741404289,7/28/03,7/28/04,366.00,7/28/04,9/16/09,2242.00,15.03,1.30,15.03,15.03,0
CI,451517,Vehicles (Consumer) - IL,0.100000,0.0079741404289,8/4/03,9/4/06,1127.00,9/4/06,2/22/05,568.00,2006.50,62.02,2006.50,0.00,0
CI,753375,Vehicles (Consumer) - IL,0.100000,0.0079741404289,8/7/03,4/7/06,974.00,4/7/06,6/6/05,669.00,847.46,29.73,847.46,0.00,0
CI,423552,Vehicles (Consumer) - IL,0.100000,0.0079741404289,9/2/03,6/2/06,1004.00,6/2/06,5/26/05,632.00,5428.17,185.44,5428.17,0.00,0
CI,661952,Vehicles (Consumer) - IL,0.100000,0.0079741404289,10/6/03,4/6/05,548.00,4/6/05,3/17/04,163.00,1466.99,86.62,1466.99,0.00,0
CI,392894,Vehicles (Consumer) - IL,0.100000,0.0079741404289,10/16/03,10/16/05,731.00,10/16/05,10/7/04,357.00,2000.00,90.64,2000.00,0.00,0
CI,590012,Vehicles (Consumer) - IL,0.095000,0.0075915342906,10/24/03,10/24/06,1096.00,10/24/06,7/15/05,630.00,1350.00,42.45,1350.00,0.00,0
CI,227406,Vehicles (Consumer) - IL,0.085000,0.0068214933660,11/17/03,12/17/08,1857.00,12/17/08,5/10/10,2366.00,14690.72,291.75,14690.72,0.00,0
CI,775261,Vehicles (Consumer) - IL,0.110000,0.0087345938236,11/20/03,4/20/07,1247.00,4/20/07,2/22/08,1555.00,3290.49,94.74,3290.49,0.00,0
CI,471671,Vehicles (Consumer) - IL,0.110000,0.0087345938236,11/24/03,5/24/05,547.00,5/24/05,2/11/04,79.00,2876.19,171.32,2876.19,0.00,0
CI,289320,Vehicles (Consumer) - IL,0.110000,0.0087345938236,11/26/03,5/26/07,1277.00,5/26/07,9/21/05,665.00,4480.42,126.49,4480.42,0.00,0
CI,473950,Vehicles (Consumer) - IL,0.130000,0.0102368443582,12/2/03,2/2/05,428.00,2/2/05,2/12/08,1533.00,353.75,26.78,353.75,0.00,0
CI,904630,Vehicles (Consumer) - IL,0.095000,0.0075915342906,12/3/03,4/3/09,1948.00,4/3/09,4/5/05,489.00,7484.14,146.42,7484.14,0.00,0
CI,439434,Vehicles (Consumer) - IL,0.090000,0.0072073233161,3/27/12,3/27/15,1095.00,3/27/15,6/27/14,822.00,10000.00,312.57,10000.00,0.00,1
CI,76779,Vehicles (Consumer) - IL,0.120000,0.0094887929346,12/23/03,6/23/07,1278.00,6/23/07,5/22/09,1977.00,5753.15,164.81,5753.15,0.00,0
CI,196414,Commercial/Ind.(not prime sec RE)CL,0.100000,0.0079741404289,12/31/03,3/31/20,5935.00,3/31/20,9/6/19,5728.00,33175.59,333.93,17068.92,0.00,1
CI,88515,Vehicles (Consumer) - IL,0.100000,0.0079741404289,12/31/03,1/30/04,30.00,1/30/04,2/18/04,49.00,867.73,874.65,867.73,0.00,0
CI,431698,Vehicles (Consumer) - IL,0.100000,0.0079741404289,12/31/03,12/31/04,366.00,12/31/04,5/26/05,512.00,2500.00,215.86,2500.00,0.00,0
CI,830065,Vehicles (Consumer) - IL,0.100000,0.0079741404289,1/15/04,1/15/07,1096.00,1/15/07,7/21/05,553.00,5508.27,174.40,5508.27,0.00,0
CI,626592,Vehicles (Consumer) - IL,0.100000,0.0079741404289,1/20/04,1/20/09,1827.00,1/20/09,7/18/11,2736.00,7600.83,158.04,7600.83,0.00,0
CI,480822,Vehicles (Consumer) - IL,0.100000,0.0079741404289,1/30/04,1/30/05,366.00,1/30/05,,-38016.00,21000.00,1813.25,21000.00,0.00,0
CI,757155,Vehicles (Consumer) - IL,0.105000,0.0083551556836,2/17/04,2/17/06,731.00,2/17/06,12/14/04,301.00,5389.78,245.39,5389.78,0.00,0
CI,62625,Vehicles (Consumer) - IL,0.100000,0.0079741404289,2/20/04,5/20/05,455.00,5/20/05,5/20/05,455.00,174.82,12.28,174.82,0.00,0
CI,350956,Vehicles (Consumer) - IL,0.100000,0.0079741404289,2/23/04,11/23/07,1369.00,11/23/07,7/13/12,3063.00,13809.62,362.20,13809.62,0.00,0
CI,819320,Vehicles (Consumer) - IL,0.095000,0.0075915342906,3/12/04,11/15/04,248.00,11/15/04,5/6/13,3342.00,6324.01,792.16,6324.01,0.00,0
CI,313994,Commercial/Ind.(not prime sec RE)CL,0.090000,0.0072073233161,3/22/04,3/22/05,365.00,3/31/20,6/29/20,5943.00,125000.00,10767.97,11700.00,0.00,0
CI,573129,Vehicles (Consumer) - IL,0.105000,0.0083551556836,3/29/04,9/12/05,532.00,9/12/05,3/1/10,2163.00,1733.86,105.60,1733.86,0.00,0
CI,109875,Vehicles (Consumer) - IL,0.090000,0.0072073233161,4/5/04,4/5/05,365.00,4/5/05,,-38082.00,14000.00,1206.01,14000.00,0.00,0
CI,195812,Vehicles (Consumer) - IL,0.100000,0.0079741404289,4/15/04,4/15/08,1461.00,4/15/08,8/8/05,480.00,4669.78,116.09,4669.78,0.00,0
CI,203262,Vehicles (Consumer) - IL,0.110000,0.0087345938236,4/22/04,4/22/05,365.00,4/22/05,12/6/12,3150.00,1000.00,86.99,1000.00,0.00,0
CI,641110,Vehicles (Consumer) - IL,0.100000,0.0079741404289,4/23/04,4/23/05,365.00,4/23/05,7/16/04,84.00,1489.45,128.94,1489.45,0.00,0
CI,669418,Vehicles (Consumer) - IL,0.095000,0.0075915342906,4/29/04,5/1/09,1828.00,5/1/09,9/1/05,490.00,15000.00,308.40,15000.00,0.00,0
CI,618421,Vehicles (Consumer) - IL,0.095000,0.0075915342906,5/6/04,11/15/04,193.00,11/15/04,5/26/05,385.00,5000.00,799.28,5000.00,0.00,0
CI,292874,Vehicles (Consumer) - IL,0.100000,0.0079741404289,5/6/04,5/6/07,1095.00,5/6/07,3/9/05,307.00,3633.02,115.12,3633.02,0.00,0
CI,535199,Vehicles (Consumer) - IL,0.120000,0.0094887929346,5/10/04,11/10/04,184.00,11/10/04,,-38117.00,475.00,80.09,475.00,170.00,0
CI,810416,Vehicles (Consumer) - IL,0.110000,0.0087345938236,5/10/04,3/10/05,304.00,3/10/05,1/11/05,246.00,482.91,50.00,482.91,0.00,0
CI,588599,Vehicles (Consumer) - IL,0.107500,0.0085450710395,5/7/04,9/7/09,1949.00,9/7/09,3/10/05,307.00,44.51,0.90,44.51,0.00,0
CI,51869,Vehicles (Consumer) - IL,0.100000,0.0079741404289,5/20/04,6/10/05,386.00,6/10/05,5/26/05,371.00,2109.63,173.17,2109.63,0.00,0
CI,938106,Vehicles (Consumer) - IL,0.110000,0.0087345938236,5/27/04,11/27/06,914.00,11/27/06,5/26/05,364.00,3360.96,126.12,3360.96,0.00,0
CI,793988,Vehicles (Consumer) - IL,0.105000,0.0083551556836,5/28/04,5/28/07,1095.00,5/28/07,5/24/06,726.00,1387.81,44.27,1387.81,0.00,0
CI,529378,Vehicles (Consumer) - IL,0.100000,0.0079741404289,6/11/04,6/11/05,365.00,6/11/05,,-38149.00,2000.00,173.14,2000.00,0.00,0
CI,656343,Vehicles (Consumer) - IL,0.100000,0.0079741404289,6/21/04,12/21/09,2009.00,12/21/09,11/1/05,498.00,19097.60,369.18,19097.60,0.00,0
CI,848075,Vehicles (Consumer) - IL,0.120000,0.0094887929346,7/2/04,5/2/07,1034.00,5/2/07,12/22/05,538.00,4280.48,146.19,4280.48,0.00,0
CI,977188,Vehicles (Consumer) - IL,0.110000,0.0087345938236,7/20/04,7/20/07,1095.00,7/20/07,3/8/05,231.00,12677.12,407.12,12677.12,0.00,0
CI,850422,Vehicles (Consumer) - IL,0.100000,0.0079741404289,8/2/04,8/5/09,1829.00,8/5/09,12/20/11,2696.00,5193.89,107.90,5193.89,0.00,0
CI,738495,Vehicles (Consumer) - IL,0.100000,0.0079741404289,8/6/04,11/6/05,457.00,11/6/05,1/4/05,151.00,2350.08,164.45,2350.08,0.00,0
CI,75932,Vehicles (Consumer) - IL,0.100000,0.0079741404289,9/2/04,3/15/09,1655.00,3/15/09,9/1/15,4016.00,691.00,15.53,691.00,0.00,0
CI,19677,Vehicles (Consumer) - IL,0.110000,0.0087345938236,10/13/04,4/13/08,1278.00,4/13/08,8/30/05,321.00,5952.21,167.93,5952.21,0.00,0
CI,493993,Vehicles (Consumer) - IL,0.100000,0.0079741404289,10/14/04,1/14/06,457.00,1/14/06,8/12/05,302.00,843.45,59.02,843.45,0.00,0
CI,344264,Vehicles (Consumer) - IL,0.097500,0.0077830370879,10/15/04,9/10/09,1791.00,9/10/09,11/25/14,3693.00,123897.00,2602.60,123897.00,80000.00,0
CI,355274,Vehicles (Consumer) - IL,0.100000,0.0079741404289,10/19/04,4/19/08,1278.00,4/19/08,3/30/07,892.00,3582.01,99.51,3582.01,0.00,0
CI,798444,Vehicles (Consumer) - IL,0.120000,0.0094887929346,10/26/04,5/26/07,942.00,5/26/07,7/21/05,268.00,6332.55,234.16,6332.55,0.00,0
CI,952954,Vehicles (Consumer) - IL,0.100000,0.0079741404289,11/2/04,12/2/09,1856.00,12/2/09,8/20/09,1752.00,11143.82,228.90,11143.82,0.00,0
CI,148735,Vehicles (Consumer) - IL,0.110000,0.0087345938236,11/23/04,11/23/06,730.00,11/23/06,4/26/06,519.00,16168.70,740.47,16168.70,0.00,0
CI,293541,Vehicles (Consumer) - IL,0.100000,0.0079741404289,12/2/04,12/2/06,730.00,12/2/06,9/9/13,3203.00,3224.51,146.31,3224.51,0.00,0
CI,846135,Vehicles (Consumer) - IL,0.100000,0.0079741404289,12/3/04,12/3/09,1826.00,12/3/09,10/29/08,1426.00,8395.93,174.65,8395.93,0.00,0
CI,763789,Vehicles (Consumer) - IL,0.100000,0.0079741404289,12/27/04,6/27/06,547.00,6/27/06,4/30/10,1950.00,810.25,47.92,810.25,0.00,0
CI,270291,Vehicles (Consumer) - IL,0.100000,0.0079741404289,12/30/04,12/30/05,365.00,12/30/05,1/10/05,11.00,21000.00,1817.98,21000.00,0.00,0
CI,589975,Vehicles (Consumer) - IL,0.100000,0.0079741404289,1/3/05,7/3/05,181.00,7/3/05,,-38355.00,2000.00,340.85,2000.00,0.00,0
CI,396699,Vehicles (Consumer) - IL,0.105000,0.0083551556836,1/6/05,1/6/09,1461.00,1/6/09,5/14/07,858.00,8167.35,204.82,8167.35,0.00,0
CI,986910,Vehicles (Consumer) - IL,0.100000,0.0079741404289,1/10/05,1/10/10,1826.00,1/10/10,12/14/07,1068.00,7360.75,153.12,7360.75,0.00,0
CI,985218,Vehicles (Consumer) - IL,0.095000,0.0075915342906,1/24/05,6/24/10,1977.00,6/24/10,8/4/10,2018.00,46894.59,907.03,46894.59,0.00,0
CI,225770,Vehicles (Consumer) - IL,0.120000,0.0094887929346,1/28/05,6/28/08,1247.00,6/28/08,8/10/07,924.00,2473.07,72.28,2473.07,0.00,0
CI,191032,Vehicles (Consumer) - IL,0.105000,0.0083551556836,2/11/05,2/11/10,1826.00,2/11/10,11/10/05,272.00,3293.94,69.26,3293.94,0.00,0
CI,879442,Vehicles (Consumer) - IL,0.110000,0.0087345938236,2/18/05,3/18/11,2219.00,3/18/11,2/28/07,740.00,13636.40,251.06,13636.40,0.00,0
CI,530301,Vehicles (Consumer) - IL,0.100000,0.0079741404289,3/22/05,3/22/09,1461.00,3/22/09,8/19/05,150.00,2095.97,52.10,2095.97,0.00,0
CI,706102,Vehicles (Consumer) - IL,0.100000,0.0079741404289,3/24/05,7/24/09,1583.00,7/24/09,8/3/06,497.00,17477.33,407.07,17477.33,0.00,0
CI,190465,Vehicles (Consumer) - IL,0.110000,0.0087345938236,3/30/05,3/30/06,365.00,3/30/06,4/26/06,392.00,10000.00,869.95,10000.00,0.00,0
CI,30810,Vehicles (Consumer) - IL,0.100000,0.0079741404289,4/5/05,8/5/05,122.00,8/5/05,,-38447.00,750.00,188.17,750.00,0.00,0
CI,690259,Vehicles (Consumer) - IL,0.100000,0.0079741404289,4/18/05,4/18/08,1096.00,4/18/08,8/18/05,122.00,1806.29,57.19,1806.29,0.00,0
CI,23474,Vehicles (Consumer) - IL,0.100000,0.0079741404289,4/19/05,5/19/11,2221.00,5/19/11,12/12/11,2428.00,412.97,7.41,412.97,0.00,0
CI,30300,Vehicles (Consumer) - IL,0.100000,0.0079741404289,4/26/05,4/26/11,2191.00,4/26/11,4/23/07,727.00,325.37,5.89,325.37,0.00,0
CI,105083,Vehicles (Consumer) - IL,0.110000,0.0087345938236,4/27/05,4/27/07,730.00,4/27/07,4/14/06,352.00,2419.37,110.80,2419.37,0.00,0
CI,108096,Vehicles (Consumer) - IL,0.100000,0.0079741404289,5/6/05,5/6/13,2922.00,5/6/13,8/13/14,3386.00,1369.48,20.27,1369.48,0.00,0
CI,47491,Vehicles (Consumer) - IL,0.130000,0.0102368443582,5/19/05,5/19/06,365.00,5/19/06,3/17/06,302.00,171.81,15.09,171.81,0.00,0
CI,291772,Vehicles (Consumer) - IL,0.110000,0.0087345938236,5/24/05,11/24/05,184.00,11/24/05,2/23/09,1371.00,5016.98,843.66,5016.98,0.00,0
CI,906545,Vehicles (Consumer) - IL,0.120000,0.0094887929346,5/25/05,5/25/07,730.00,5/25/07,6/21/10,1853.00,2184.78,100.97,2184.78,0.00,0
CI,469019,Vehicles (Consumer) - IL,0.100000,0.0079741404289,6/3/05,7/3/06,395.00,7/3/06,7/7/05,34.00,3316.51,266.34,3316.51,0.00,0
CI,308747,Vehicles (Consumer) - IL,0.097500,0.0077830370879,6/14/05,3/14/06,273.00,3/14/06,6/21/10,1833.00,167460.00,19133.05,167460.00,0.00,0
CI,81971,Commercial/Ind.(not prime sec RE)CL,0.060000,0.0048675505653,6/15/05,6/15/09,1461.00,12/15/18,9/26/19,5216.00,38000.00,878.31,2500.00,0.00,0
CI,519675,Vehicles (Consumer) - IL,0.100000,0.0079741404289,6/22/05,6/22/06,365.00,6/22/06,12/19/05,180.00,1083.67,93.81,1083.67,0.00,0
CI,481966,Vehicles (Consumer) - IL,0.120000,0.0094887929346,6/22/05,5/22/10,1795.00,5/22/10,6/10/11,2179.00,4.60,0.10,4.60,4.60,0
CI,590007,Vehicles (Consumer) - IL,0.100000,0.0079741404289,6/24/05,9/24/06,457.00,9/24/06,5/1/07,676.00,2278.28,159.42,2278.28,0.00,0
CI,121960,Vehicles (Consumer) - IL,0.120000,0.0094887929346,7/6/05,1/6/06,184.00,1/6/06,8/17/05,42.00,420.59,70.91,420.59,0.00,0
CI,590077,Vehicles (Consumer) - IL,0.100000,0.0079741404289,7/12/05,7/12/06,365.00,7/12/06,12/19/05,160.00,1138.97,98.60,1138.97,0.00,0
CI,34266,Vehicles (Consumer) - IL,0.100000,0.0079741404289,7/18/05,7/18/11,2191.00,7/18/11,12/10/10,1971.00,16330.39,295.86,16330.39,0.00,0
CI,825427,Vehicles (Consumer) - IL,0.100000,0.0079741404289,8/19/05,12/5/10,1934.00,12/5/10,5/17/11,2097.00,9023.74,179.57,9023.74,0.00,0
CI,520794,Vehicles (Consumer) - IL,0.100000,0.0079741404289,8/25/05,4/25/10,1704.00,4/25/10,4/8/11,2052.00,3613.12,79.35,3613.12,0.00,0
CI,841228,Vehicles (Consumer) - IL,0.130000,0.0102368443582,9/2/05,6/2/06,273.00,6/2/06,3/28/06,207.00,225.17,26.04,225.17,0.00,0
CI,324159,Vehicles (Consumer) - IL,0.100000,0.0079741404289,9/9/05,12/9/06,456.00,12/9/06,,-38604.00,4102.96,287.69,4102.96,0.00,0
CI,903512,Vehicles (Consumer) - IL,0.100000,0.0079741404289,9/13/05,9/13/11,2191.00,9/13/11,8/15/07,701.00,7300.00,132.26,7300.00,0.00,0
CI,208392,Vehicles (Consumer) - IL,0.100000,0.0079741404289,9/19/05,12/19/06,456.00,12/19/06,4/5/06,198.00,15000.00,1051.78,15000.00,0.00,0
CI,982433,Vehicles (Consumer) - IL,0.110000,0.0087345938236,9/19/05,1/19/07,487.00,1/19/07,3/27/06,189.00,3308.58,219.49,3308.58,0.00,0
CI,93968,Vehicles (Consumer) - IL,0.100000,0.0079741404289,9/27/05,9/27/08,1096.00,9/27/08,7/30/09,1402.00,1953.71,61.86,1953.71,0.00,0
CI,524364,Vehicles (Consumer) - IL,0.100000,0.0079741404289,9/30/05,11/30/07,791.00,11/30/07,10/19/06,384.00,2632.73,111.11,2632.73,0.00,0
CI,127994,Vehicles (Consumer) - IL,0.100000,0.0079741404289,9/30/05,3/28/07,544.00,3/28/07,3/18/16,3822.00,11008.57,654.45,11008.57,0.00,0
CI,973042,Vehicles (Consumer) - IL,0.110000,0.0087345938236,10/17/05,12/17/07,791.00,12/17/07,2/22/08,858.00,2137.89,91.13,2137.89,0.00,0
CI,859708,Vehicles (Consumer) - IL,0.100000,0.0079741404289,11/2/05,2/7/12,2288.00,2/7/12,8/20/08,1022.00,17144.84,300.91,17144.84,0.00,0
CI,860040,Vehicles (Consumer) - IL,0.120000,0.0094887929346,12/13/05,12/13/06,365.00,12/13/06,7/13/06,212.00,563.61,49.27,563.61,0.00,0
CI,751479,Vehicles (Consumer) - IL,0.115000,0.0091124684369,12/30/05,3/30/08,821.00,3/30/08,5/10/07,496.00,4691.28,194.46,4691.28,0.00,0
CI,639828,Vehicles (Consumer) - IL,0.100000,0.0079741404289,12/30/05,12/10/06,345.00,12/10/06,4/5/06,96.00,13500.00,1233.23,13500.00,0.00,0
CI,593339,Vehicles (Consumer) - IL,0.090000,0.0072073233161,12/30/05,12/30/06,365.00,12/30/06,12/27/07,727.00,42603.11,3669.99,42603.11,0.00,0
CI,692760,Vehicles (Consumer) - IL,0.095000,0.0075915342906,1/17/06,3/17/08,790.00,3/17/08,11/9/07,661.00,5406.40,227.29,5406.40,0.00,0
CI,450280,Vehicles (Consumer) - IL,0.120000,0.0094887929346,1/17/06,2/17/07,396.00,2/17/07,5/1/06,104.00,2007.31,162.51,2007.31,0.00,0
CI,797076,Vehicles (Consumer) - IL,0.100000,0.0079741404289,6/21/10,12/21/10,183.00,12/21/10,7/15/10,24.00,500.95,84.46,500.95,0.00,0
CI,426134,Vehicles (Consumer) - IL,0.095000,0.0075915342906,2/16/06,2/16/11,1826.00,2/16/11,1/25/10,1439.00,16007.99,329.41,16007.99,0.00,0
CI,508394,Commercial/Ind.(not prime sec RE)CL,0.060000,0.0048675505653,2/17/06,2/17/10,1461.00,2/27/19,9/26/19,4969.00,225000.00,5200.52,11956.89,0.00,0
CI,801454,Vehicles (Consumer) - IL,0.110000,0.0087345938236,2/21/06,1/21/07,334.00,1/21/07,5/10/06,78.00,1266.59,119.88,1266.59,0.00,0
CI,130443,Vehicles (Consumer) - IL,0.097500,0.0077830370879,2/22/06,12/22/06,303.00,12/22/06,11/4/10,1716.00,36718.00,3794.33,36718.00,0.00,0
CI,798580,Vehicles (Consumer) - IL,0.120000,0.0094887929346,2/24/06,10/24/06,242.00,10/24/06,4/3/06,38.00,1347.88,174.36,1347.88,0.00,0
CI,111130,Vehicles (Consumer) - IL,0.100000,0.0079741404289,2/24/06,4/24/08,790.00,4/24/08,4/24/08,790.00,8991.75,379.92,8991.75,0.00,0
CI,999310,Vehicles (Consumer) - IL,0.100000,0.0079741404289,3/15/06,1/20/10,1407.00,1/20/10,4/8/11,1850.00,3214.82,82.43,3214.82,0.00,0
CI,859342,Vehicles (Consumer) - IL,0.130000,0.0102368443582,3/21/06,4/21/08,762.00,4/21/08,11/17/06,241.00,4589.89,206.13,4589.89,0.00,0
CI,424939,Vehicles (Consumer) - IL,0.097500,0.0077830370879,3/24/06,9/10/09,1266.00,9/10/09,9/30/08,921.00,50456.00,1407.32,217456.00,0.00,0
CI,904454,Vehicles (Consumer) - IL,0.097500,0.0077830370879,3/24/06,9/10/09,1266.00,9/10/09,1/12/18,4312.00,126452.06,3527.02,126452.06,50000.00,0
CI,840844,Vehicles (Consumer) - IL,0.110000,0.0087345938236,3/29/06,3/29/08,731.00,3/29/08,3/30/07,366.00,2000.00,91.48,2000.00,0.00,0
CI,636185,Vehicles (Consumer) - IL,0.100000,0.0079741404289,3/30/06,9/30/06,184.00,9/30/06,6/29/17,4109.00,235.80,39.55,235.80,0.00,0
CI,232163,Vehicles (Consumer) - IL,0.105000,0.0083551556836,3/31/06,3/31/09,1096.00,3/31/09,11/30/09,1340.00,10.33,0.33,10.33,0.00,0
CI,423300,Vehicles (Consumer) - IL,0.110000,0.0087345938236,4/6/06,6/6/06,61.00,6/6/06,,-38813.00,300.00,149.50,300.00,0.00,0
CI,294551,Vehicles (Consumer) - IL,0.100000,0.0079741404289,4/14/06,11/14/08,945.00,11/14/08,12/14/12,2436.00,4.67,0.17,4.67,0.00,0
CI,402226,Vehicles (Consumer) - IL,0.100000,0.0079741404289,5/19/06,5/19/11,1826.00,5/19/11,6/11/13,2580.00,6001.45,124.84,6001.45,0.00,0
CI,74598,Vehicles (Consumer) - IL,0.100000,0.0079741404289,6/6/06,5/20/07,348.00,5/20/07,10/23/06,139.00,1921.21,174.06,1921.21,0.00,0
CI,851689,Vehicles (Consumer) - IL,0.100000,0.0079741404289,6/6/06,6/6/09,1096.00,6/6/09,,-38874.00,3172.51,100.44,3172.51,0.00,0
CI,824104,Commercial/Ind.(not prime sec RE)CL,0.060000,0.0048675505653,6/23/06,6/23/10,1461.00,11/23/18,9/26/19,4843.00,150000.00,3467.01,11700.00,0.00,0
CI,790185,Vehicles (Consumer) - IL,0.120000,0.0094887929346,6/29/06,6/29/09,1096.00,6/29/09,12/24/08,909.00,1138.41,37.02,1138.41,0.00,0
CI,219204,Vehicles (Consumer) - IL,0.105000,0.0083551556836,7/6/06,1/6/07,184.00,1/6/07,1/16/07,194.00,530.36,89.07,530.36,0.00,0
CI,726960,Vehicles (Consumer) - IL,0.097500,0.0077830370879,7/13/06,3/13/08,609.00,3/13/08,4/3/09,995.00,279782.96,14953.31,279782.96,0.00,0
CI,753792,Vehicles (Consumer) - IL,0.097500,0.0077830370879,7/14/06,7/17/08,734.00,7/17/08,,-38912.00,405210.00,18252.79,405210.00,0.00,0
CI,807476,Vehicles (Consumer) - IL,0.105000,0.0083551556836,7/17/06,2/17/12,2041.00,2/17/12,2/10/11,1669.00,4152.19,80.26,4152.19,0.00,0
CI,601068,Vehicles (Consumer) - IL,0.120000,0.0094887929346,7/27/06,1/27/07,184.00,1/27/07,,-38925.00,500.00,84.30,500.00,0.00,0
CI,345734,Vehicles (Consumer) - IL,0.100000,0.0079741404289,7/28/06,7/28/11,1826.00,7/28/11,6/8/10,1411.00,1139.31,23.70,1139.31,0.00,0
CI,7756,Vehicles (Consumer) - IL,0.090000,0.0072073233161,8/16/06,5/16/12,2100.00,5/16/12,8/21/09,1101.00,6078.06,110.87,6078.06,0.00,0
CI,154953,Vehicles (Consumer) - IL,0.097500,0.0077830370879,8/30/06,9/10/09,1107.00,9/10/09,9/30/08,762.00,50310.00,1573.82,50310.00,0.00,0
CI,303581,Vehicles (Consumer) - IL,0.120000,0.0094887929346,8/30/06,7/31/07,335.00,7/31/07,12/8/06,100.00,1514.36,143.57,1514.36,0.00,0
CI,688941,Vehicles (Consumer) - IL,0.110000,0.0087345938236,9/6/06,1/6/11,1583.00,1/6/11,6/6/08,639.00,156.83,3.72,156.83,0.00,0
CI,654715,Vehicles (Consumer) - IL,0.100000,0.0079741404289,9/15/06,6/15/10,1369.00,6/15/10,6/29/07,287.00,10617.36,278.48,10617.36,0.00,0
CI,269577,Surecash,15.15000%,1.26250%,9/14/95,12/31/99,2923509,12/31/99,8/28/24,10576,"$3,000.00",$37.88 ,$225.87,$0.00,$0.00
CI,979322,Vehicles (Consumer) - IL,0.095000,0.0075915342906,9/25/06,9/25/11,1826.00,9/25/11,1/15/13,2304.00,12382.54,254.80,12382.54,500.00,0
CI,219288,Vehicles (Consumer) - IL,0.100000,0.0079741404289,9/27/06,2/27/12,1979.00,2/27/12,9/10/09,1079.00,4546.10,88.89,4546.10,0.00,0
CI,965354,Vehicles (Consumer) - IL,0.100000,0.0079741404289,9/29/06,9/29/08,731.00,9/29/08,8/11/08,682.00,1869.40,84.72,1869.40,1600.00,0
CI,56681,Vehicles (Consumer) - IL,0.110000,0.0087345938236,10/2/06,12/2/11,1887.00,12/2/11,4/14/16,3482.00,6209.96,128.74,6209.96,0.00,0
CI,550794,Vehicles (Consumer) - IL,0.120000,0.0094887929346,10/5/06,10/5/07,365.00,10/5/07,12/8/06,64.00,1724.08,150.71,1724.08,0.00,0
CI,554473,Vehicles (Consumer) - IL,0.105000,0.0083551556836,10/23/06,5/1/11,1651.00,5/1/11,4/8/11,1628.00,11878.30,270.14,11878.30,0.00,0
CI,191785,Vehicles (Consumer) - IL,0.095000,0.0075915342906,11/7/06,8/7/10,1369.00,8/7/10,5/20/10,1290.00,4647.79,120.89,4647.79,0.00,0
CI,457715,Vehicles (Consumer) - IL,0.090000,0.0072073233161,11/8/06,6/8/18,4230.00,6/8/18,9/27/17,3976.00,18300.00,207.15,18300.00,0.00,1
CI,249876,Vehicles (Consumer) - IL,0.100000,0.0079741404289,11/21/06,12/6/10,1476.00,12/6/10,4/25/14,2712.00,2550.01,62.86,2550.01,0.00,0
CI,140964,Vehicles (Consumer) - IL,0.120000,0.0094887929346,11/29/06,2/28/07,91.00,2/28/07,,-39050.00,900.00,302.40,900.00,0.00,0
CI,148592,Vehicles (Consumer) - IL,0.110000,0.0087345938236,12/1/06,12/1/07,365.00,12/1/07,9/7/07,280.00,498.85,43.40,498.85,0.00,0
CI,982036,Vehicles (Consumer) - IL,0.105000,0.0083551556836,12/20/06,12/20/07,365.00,12/20/07,,-39071.00,40666.90,3529.18,40666.90,0.00,0
CI,836140,Surecash,13.90000%,1.15833%,7/12/04,12/31/99,2920285,12/31/99,4/22/19,5397,$400.00,$4.63 ,$400.00,$400.00,$0.00
CI,845247,Vehicles (Consumer) - IL,0.095000,0.0075915342906,1/12/07,1/12/10,1096.00,1/12/10,12/8/08,696.00,5114.86,160.84,5114.86,0.00,0
CI,490783,Agricultural/Other Lns to Farms -CL,0.060000,0.0048675505653,2/2/07,2/2/12,1826.00,8/2/18,9/26/19,4619.00,330180.00,6280.95,196103.86,0.00,0
CI,562721,Vehicles (Consumer) - IL,0.100000,0.0079741404289,2/16/07,5/16/12,1916.00,5/16/12,3/12/08,390.00,12223.27,244.99,12223.27,0.00,0
CI,81469,Vehicles (Consumer) - IL,0.097500,0.0077830370879,2/27/07,6/27/08,486.00,6/27/08,11/19/07,265.00,663350.00,43742.13,663350.00,0.00,0
CI,3138,Vehicles (Consumer) - IL,0.097500,0.0077830370879,2/27/07,6/27/08,486.00,6/27/08,11/19/07,265.00,449000.00,29607.63,449000.00,0.00,0
CI,320870,Vehicles (Consumer) - IL,0.100000,0.0079741404289,2/28/07,2/28/12,1826.00,2/28/12,6/18/10,1206.00,938.49,19.52,938.49,0.00,0
CI,549871,Vehicles (Consumer) - IL,0.097500,0.0077830370879,3/5/07,12/5/07,275.00,12/5/07,10/1/07,210.00,9189.51,1042.57,816.01,0.00,0
CI,224352,Vehicles (Consumer) - IL,0.120000,0.0094887929346,3/12/07,9/12/08,550.00,9/12/08,4/8/11,1488.00,2589.78,154.57,2589.78,0.00,0
CI,681053,Vehicles (Consumer) - IL,0.105000,0.0083551556836,3/13/07,7/13/10,1218.00,7/13/10,4/30/10,1144.00,4028.82,117.42,4028.82,40.00,0
CI,142155,Vehicles (Consumer) - IL,0.100000,0.0079741404289,2/13/15,2/13/21,2192.00,2/13/21,11/1/19,1722.00,6915.78,125.25,6915.78,6900.00,1
CI,425479,Surecash,13.40000%,1.11667%,2/22/08,12/31/99,2918965,12/31/99,4/25/16,2985,$800.00,$8.93 ,$186.72,$185.26,$0.00
CI,649116,Vehicles (Consumer) - IL,0.097500,0.0077830370879,3/20/07,6/20/08,458.00,6/20/08,5/12/08,419.00,619860.00,43219.75,619860.00,0.00,0
CI,956355,Vehicles (Consumer) - IL,0.100000,0.0079741404289,3/21/07,3/31/12,1837.00,3/31/12,10/29/07,222.00,2921.34,60.49,2921.34,0.00,0
CI,872088,Vehicles (Consumer) - IL,0.110000,0.0087345938236,3/30/07,3/31/12,1828.00,3/31/12,3/31/08,367.00,3576.73,75.95,3576.73,0.00,0
CI,184085,Vehicles (Consumer) - IL,0.120000,0.0094887929346,4/3/07,4/3/08,366.00,4/3/08,10/12/07,192.00,974.25,84.95,974.25,0.00,0
CI,216792,Vehicles (Consumer) - IL,0.100000,0.0079741404289,4/3/07,10/3/11,1644.00,10/3/11,4/14/16,3299.00,10491.98,237.08,10491.98,0.00,0
CI,137701,Vehicles (Consumer) - IL,0.100000,0.0079741404289,4/5/07,4/5/09,731.00,4/5/09,6/21/07,77.00,9273.75,420.27,9273.75,0.00,0
CI,8868,Surecash,15.15000%,1.26250%,4/7/99,12/31/99,2922208,12/31/99,3/25/11,4370,$300.00,$3.79 ,$300.00,$300.00,$0.00
CI,686747,Surecash,16.90000%,1.40833%,9/9/04,12/31/99,2920226,12/31/99,6/28/21,6136,$100.00,$1.41 ,$42.61,$42.61,$0.00
CI,149066,Vehicles (Consumer) - IL,0.097500,0.0077830370879,4/18/07,7/17/08,456.00,7/17/08,,-39190.00,136747.00,9574.08,136747.00,0.00,0
CI,169035,Vehicles (Consumer) - IL,0.097500,0.0077830370879,4/18/07,7/1/09,805.00,7/1/09,7/21/10,1190.00,983600.50,40758.70,983600.00,0.00,0
CI,795048,Surecash,15.15000%,1.26250%,11/7/08,12/31/99,2918706,12/31/99,3/23/20,4154,$500.00,$6.31 ,$500.00,$500.00,$0.00
CI,202047,Vehicles (Consumer) - IL,0.097500,0.0077830370879,4/24/07,6/24/08,427.00,6/24/08,9/5/12,1961.00,560302.71,41739.05,560302.71,0.00,0
CI,239130,Vehicles (Consumer) - IL,0.097500,0.0077830370879,4/24/07,3/24/08,335.00,3/24/08,6/17/19,4437.00,603660.00,56652.25,520043.85,0.00,0
CI,677421,Vehicles (Consumer) - IL,0.120000,0.0094887929346,4/25/07,1/25/11,1371.00,1/25/11,8/7/09,835.00,2189.07,59.26,2189.07,0.00,0
CI,420821,Vehicles (Consumer) - IL,0.097500,0.0077830370879,5/8/07,12/8/09,945.00,12/8/09,6/30/09,784.00,254000.00,9123.47,254000.00,0.00,0
CI,126028,Surecash,15.15000%,1.26250%,3/1/05,12/31/99,2920053,12/31/99,3/2/12,2558,$300.00,$3.79 ,$300.00,$50.00,$0.00
CI,291927,Vehicles (Consumer) - IL,0.097500,0.0077830370879,5/21/07,9/21/08,489.00,9/21/08,3/31/08,315.00,134710.00,8831.80,134710.00,0.00,0
CI,475269,Vehicles (Consumer) - IL,0.100000,0.0079741404289,5/29/07,5/29/11,1461.00,5/29/11,6/18/08,386.00,9138.00,227.16,9138.00,0.00,0
CI,575928,Vehicles (Consumer) - IL,0.120000,0.0094887929346,5/31/07,3/30/09,669.00,3/30/09,1/12/11,1322.00,442.61,22.12,442.61,0.00,0
CI,131817,Vehicles (Consumer) - IL,0.097500,0.0077830370879,6/8/07,3/8/08,274.00,3/8/08,,-39241.00,252710.00,28771.54,252710.00,0.00,0
CI,950291,Vehicles (Consumer) - IL,0.110000,0.0087345938236,6/13/07,6/13/08,366.00,6/13/08,,-39246.00,3500.00,303.69,3500.00,0.00,0
CI,951288,Vehicles (Consumer) - IL,0.097500,0.0077830370879,6/25/07,9/19/09,817.00,9/19/09,9/17/08,450.00,99290.00,4060.05,99290.00,0.00,0
CI,188636,Vehicles (Consumer) - IL,0.097500,0.0077830370879,6/25/07,6/25/09,731.00,6/25/09,1/2/09,557.00,132085.00,5971.98,132085.00,0.00,0
CI,503838,Vehicles (Consumer) - IL,0.120000,0.0094887929346,6/26/07,6/26/08,366.00,6/26/08,12/21/07,178.00,1034.13,90.17,1034.13,0.00,0
CI,399719,Vehicles (Consumer) - IL,0.100000,0.0079741404289,6/29/07,2/28/13,2071.00,2/28/13,10/10/07,103.00,17446.59,329.62,17446.59,0.00,0
CI,182323,Vehicles (Consumer) - IL,0.097500,0.0077830370879,7/5/07,7/17/08,378.00,7/17/08,3/6/13,2071.00,34914.01,2919.80,34914.01,0.00,0
CI,195980,Vehicles (Consumer) - IL,0.100000,0.0079741404289,7/6/07,7/6/12,1827.00,7/6/12,4/28/09,662.00,9784.21,203.44,9784.21,0.00,0
CI,957786,Vehicles (Consumer) - IL,0.110000,0.0087345938236,7/6/07,10/6/13,2284.00,10/6/13,7/1/10,1091.00,1160.07,20.93,1160.07,0.00,0
CI,777824,Vehicles (Consumer) - IL,0.100000,0.0079741404289,7/9/07,7/9/11,1461.00,7/9/11,4/8/11,1369.00,9019.81,224.22,9019.81,0.00,0
CI,225624,Vehicles (Consumer) - IL,0.097500,0.0077830370879,7/11/07,3/8/08,241.00,3/8/08,,-39274.00,50685.00,6533.15,50685.00,0.00,0
CI,694842,Vehicles (Consumer) - IL,0.120000,0.0094887929346,8/3/07,8/3/09,731.00,8/3/09,6/6/08,308.00,1849.13,85.36,1849.13,0.00,0
CI,582986,Vehicles (Consumer) - IL,0.100000,0.0079741404289,8/8/07,8/8/11,1461.00,8/8/11,5/27/08,293.00,12187.11,302.96,12187.11,0.00,0
CI,224971,Vehicles (Consumer) - IL,0.097500,0.0077830370879,8/9/07,10/9/08,427.00,10/9/08,5/1/08,266.00,240760.00,17935.11,240760.00,0.00,0
CI,680170,Vehicles (Consumer) - IL,0.120000,0.0094887929346,8/14/07,8/14/12,1827.00,8/14/12,6/23/08,314.00,6523.62,141.53,6523.62,0.00,0
CI,404368,Vehicles (Consumer) - IL,0.100000,0.0079741404289,8/23/07,8/23/10,1096.00,8/23/10,2/26/08,187.00,3836.34,121.46,3836.34,25.00,0
CI,145825,Vehicles (Consumer) - IL,0.110000,0.0087345938236,9/10/07,2/10/11,1249.00,2/10/11,9/15/08,371.00,6523.56,187.58,6523.56,0.00,0
CI,506644,Vehicles (Consumer) - IL,0.097500,0.0077830370879,9/20/07,3/8/08,170.00,3/8/08,,-39345.00,20816.25,3769.33,20816.25,0.00,0
CI,524914,Vehicles (Consumer) - IL,0.097500,0.0077830370879,10/3/07,10/3/08,366.00,10/3/08,,-39358.00,586447.00,50574.39,586447.00,0.00,0
CI,413313,Vehicles (Consumer) - IL,0.100000,0.0079741404289,10/3/07,1/3/12,1553.00,1/3/12,11/26/10,1150.00,5122.46,121.17,5122.46,0.00,0
CI,575470,Vehicles (Consumer) - IL,0.097500,0.0077830370879,10/4/07,1/4/09,458.00,1/4/09,7/12/16,3204.00,440281.93,30698.67,440281.93,0.00,0
CI,886733,Vehicles (Consumer) - IL,0.097500,0.0077830370879,10/4/07,1/4/09,458.00,1/4/09,10/18/10,1110.00,473245.08,32997.03,473245.08,0.00,0
CI,936355,Vehicles (Consumer) - IL,0.110000,0.0087345938236,10/10/07,7/10/08,274.00,7/10/08,2/11/08,124.00,2875.94,328.98,2875.94,0.00,0
CI,920834,Vehicles (Consumer) - IL,0.100000,0.0079741404289,10/10/07,10/10/13,2192.00,10/10/13,8/5/09,665.00,1955.57,35.42,1955.57,0.00,0
CI,889267,Vehicles (Consumer) - IL,0.097500,0.0077830370879,10/19/07,4/19/09,548.00,4/19/09,10/27/08,374.00,693000.00,40845.86,693000.00,0.00,0
CI,744639,Vehicles (Consumer) - IL,0.100000,0.0079741404289,10/24/07,10/24/12,1827.00,10/24/12,10/14/08,356.00,8069.63,167.79,8069.63,0.00,0
CI,841162,Vehicles (Consumer) - IL,0.100000,0.0079741404289,10/30/07,11/1/10,1098.00,11/1/10,3/7/08,129.00,3222.46,101.87,3222.46,0.00,0
CI,499656,Vehicles (Consumer) - IL,0.097500,0.0077830370879,11/15/07,11/15/08,366.00,11/15/08,9/30/08,320.00,758700.00,65429.25,648356.90,0.00,0
CI,834615,Vehicles (Consumer) - IL,0.120000,0.0094887929346,11/15/07,11/15/12,1827.00,11/15/12,9/10/08,300.00,6493.18,140.87,6493.18,0.00,0
CI,387177,Vehicles (Consumer) - IL,0.097500,0.0077830370879,11/16/07,6/16/08,213.00,6/16/08,3/31/08,136.00,19140.00,2781.42,19140.00,0.00,0
CI,772499,Vehicles (Consumer) - IL,0.097500,0.0077830370879,11/19/07,9/19/08,305.00,9/19/08,12/1/10,1108.00,141224.78,14501.75,141224.78,0.00,0
CI,842650,Vehicles (Consumer) - IL,0.097500,0.0077830370879,11/19/07,9/19/08,305.00,9/19/08,,-39405.00,144420.97,14829.95,142200.00,0.00,0
CI,523847,Vehicles (Consumer) - IL,0.097500,0.0077830370879,11/20/07,9/30/09,680.00,9/30/09,11/23/09,734.00,10906.25,526.71,10906.25,0.00,0
CI,198626,Vehicles (Consumer) - IL,0.100000,0.0079741404289,11/21/07,3/21/08,121.00,3/21/08,,-39407.00,1200.00,303.52,1200.00,0.00,0
CI,38140,Vehicles (Consumer) - IL,0.100000,0.0079741404289,11/26/07,12/26/12,1857.00,12/26/12,3/12/10,837.00,6409.41,131.60,6409.41,0.00,0
CI,229005,Vehicles (Consumer) - IL,0.100000,0.0079741404289,11/24/07,1/24/14,2253.00,1/24/14,3/19/10,846.00,13169.55,233.76,13169.55,0.00,0
CI,207741,Vehicles (Consumer) - IL,0.100000,0.0079741404289,12/6/07,1/6/12,1492.00,1/6/12,4/27/11,1238.00,18500.00,452.07,18500.00,0.00,0
CI,372719,Vehicles (Consumer) - IL,0.097500,0.0077830370879,12/11/07,9/11/08,275.00,9/11/08,,-39427.00,170375.00,19329.47,170276.81,0.00,0
CI,490530,Vehicles (Consumer) - IL,0.095000,0.0075915342906,12/11/07,9/20/13,2110.00,9/20/13,11/14/08,339.00,12936.26,238.06,12936.26,0.00,0
CI,302940,Vehicles (Consumer) - IL,0.100000,0.0079741404289,12/17/07,12/25/13,2200.00,12/25/13,2/5/09,416.00,2971.08,53.67,2971.08,0.00,0
CI,144953,Vehicles (Consumer) - IL,0.100000,0.0079741404289,1/3/08,3/3/12,1521.00,3/3/12,8/15/16,3147.00,40658.00,978.08,40658.00,0.00,0
CI,531090,Vehicles (Consumer) - IL,0.110000,0.0087345938236,1/4/08,12/4/09,700.00,12/4/09,6/13/08,161.00,2492.07,118.52,2492.07,0.00,0
CI,34608,Vehicles (Consumer) - IL,0.110000,0.0087345938236,1/9/08,7/9/10,912.00,7/9/10,4/23/09,470.00,5222.82,196.37,5222.82,0.00,0
CI,662600,Vehicles (Consumer) - IL,0.082500,0.0066279668044,1/4/08,4/3/09,455.00,4/3/09,1/30/09,392.00,981723.88,68251.06,943099.13,0.00,0
CI,305622,Vehicles (Consumer) - IL,0.120000,0.0094887929346,1/25/08,11/25/08,305.00,11/25/08,8/8/08,196.00,774.34,80.26,774.34,0.00,0
CI,34348,Vehicles (Consumer) - IL,0.097500,0.0077830370879,1/28/08,7/1/09,520.00,7/1/09,7/15/08,169.00,500000.00,30947.59,500000.00,0.00,0
CI,148342,Vehicles (Consumer) - IL,0.110000,0.0087345938236,1/30/08,3/31/11,1156.00,3/31/11,3/31/10,791.00,5189.89,159.20,5189.89,0.00,0
CI,41286,Vehicles (Consumer) - IL,0.140000,0.0109788519502,1/30/08,12/31/08,336.00,12/31/08,8/11/08,194.00,1708.70,162.97,1708.70,0.00,0
CI,637590,Vehicles (Consumer) - IL,0.100000,0.0079741404289,1/31/08,8/31/14,2404.00,8/31/14,5/10/16,3022.00,8.00,0.14,8.00,0.00,0
CI,135849,Vehicles (Consumer) - IL,0.110000,0.0087345938236,2/15/08,10/15/08,243.00,10/15/08,8/27/08,194.00,1213.00,155.77,1213.00,0.00,0
CI,187587,Vehicles (Consumer) - IL,0.100000,0.0079741404289,2/19/08,5/19/08,90.00,5/19/08,,-39497.00,1500.00,508.00,1500.00,0.00,0
CI,416359,Vehicles (Consumer) - IL,0.110000,0.0087345938236,2/20/08,3/20/08,29.00,3/20/08,,-39498.00,3500.00,3651.79,3500.00,0.00,0
CI,271116,Vehicles (Consumer) - IL,0.120000,0.0094887929346,2/25/08,2/25/11,1096.00,2/25/11,5/5/08,70.00,3858.70,125.48,3858.70,0.00,0
CI,486916,Vehicles (Consumer) - IL,0.110000,0.0087345938236,2/27/08,2/27/10,731.00,2/27/10,4/25/08,58.00,2875.60,131.53,2875.60,0.00,0
CI,37282,Vehicles (Consumer) - IL,0.105000,0.0083551556836,2/28/08,2/28/13,1827.00,2/28/13,1/9/12,1411.00,3775.75,79.36,3775.75,0.00,0
CI,786439,Vehicles (Consumer) - IL,0.097500,0.0077830370879,3/6/08,5/6/09,426.00,5/6/09,4/1/09,391.00,184461.75,13771.76,184461.75,0.00,0
CI,468534,Vehicles (Consumer) - IL,0.097500,0.0077830370879,3/7/08,9/10/09,552.00,9/10/09,9/30/08,207.00,80000.00,4683.44,80000.00,0.00,0
CI,294652,Vehicles (Consumer) - IL,0.100000,0.0079741404289,3/7/08,6/7/13,1918.00,6/7/13,1/2/13,1762.00,4864.36,97.42,4864.36,0.00,0
CI,203555,Vehicles (Consumer) - IL,0.100000,0.0079741404289,3/11/08,3/11/13,1826.00,3/11/13,9/17/10,920.00,7889.26,164.11,7889.26,0.00,0
CI,439670,Vehicles (Consumer) - IL,0.100000,0.0079741404289,3/14/08,4/14/13,1857.00,4/14/13,10/27/10,957.00,3298.37,67.72,3298.37,0.00,0
CI,45464,Vehicles (Consumer) - IL,0.097500,0.0077830370879,3/19/08,9/19/09,549.00,9/19/09,11/19/08,245.00,110437.50,6498.22,110437.50,0.00,0
CI,593905,Vehicles (Consumer) - IL,0.110000,0.0087345938236,3/24/08,3/24/12,1461.00,3/24/12,5/4/12,1502.00,658.48,16.66,658.48,0.00,0
CI,416638,Vehicles (Consumer) - IL,0.097500,0.0077830370879,3/28/08,9/28/08,184.00,9/28/08,,-39535.00,89339.63,14973.28,89339.63,0.00,0
CI,840606,Vehicles (Consumer) - IL,0.100000,0.0079741404289,4/1/08,11/1/14,2405.00,11/1/14,3/16/15,2540.00,5.28,0.09,5.28,0.00,0
CI,359271,Vehicles (Consumer) - IL,0.040000,0.0032737397822,4/1/08,12/30/12,1734.00,12/30/12,7/5/19,4112.00,52668.08,1001.63,50168.08,34250.00,0
CI,501411,Vehicles (Consumer) - IL,0.100000,0.0079741404289,4/2/08,12/2/09,609.00,12/2/09,4/8/11,1101.00,2460.34,131.75,2460.34,0.00,0
CI,688768,Vehicles (Consumer) - IL,0.110000,0.0087345938236,5/4/08,5/4/13,1826.00,5/4/13,7/29/10,816.00,6762.89,143.72,6762.89,0.00,0
CI,385960,Vehicles (Consumer) - IL,0.110000,0.0087345938236,4/21/08,1/21/14,2101.00,1/21/14,3/14/11,1057.00,8752.95,167.61,8752.95,0.00,0
CI,775775,Vehicles (Consumer) - IL,0.097500,0.0077830370879,4/29/08,3/29/10,699.00,3/29/10,6/30/10,792.00,5577.30,262.66,5577.30,0.00,0
CI,323272,Vehicles (Consumer) - IL,0.145000,0.0113476210381,4/29/08,5/29/09,395.00,5/29/09,10/1/09,520.00,2124.59,174.63,2124.59,0.00,0
CI,121972,Vehicles (Consumer) - IL,0.095000,0.0075915342906,5/16/08,5/16/13,1826.00,5/16/13,9/24/14,2322.00,3218.77,66.23,3218.77,0.00,0
CI,279990,Vehicles (Consumer) - IL,0.100000,0.0079741404289,5/19/08,5/7/15,2544.00,5/7/15,11/12/15,2733.00,6245.44,101.62,6245.44,0.00,1
CI,778130,Vehicles (Consumer) - IL,0.100000,0.0079741404289,5/19/08,6/1/11,1108.00,6/1/11,,-39587.00,8526.69,267.44,8526.69,0.00,0
CI,46878,Vehicles (Consumer) - IL,0.110000,0.0087345938236,5/20/08,5/20/13,1826.00,5/20/13,12/24/09,583.00,5571.27,118.40,5571.27,0.00,0
CI,247104,Vehicles (Consumer) - IL,0.097500,0.0077830370879,5/29/08,6/28/11,1125.00,6/28/11,9/16/13,1936.00,162437.50,5011.22,162437.50,0.00,0
CI,288976,Vehicles (Consumer) - IL,0.097500,0.0077830370879,6/4/08,3/4/10,638.00,3/4/10,3/18/13,1748.00,31474.27,1611.58,31474.27,0.00,0
CI,958667,Vehicles (Consumer) - IL,0.097500,0.0077830370879,6/5/08,7/5/09,395.00,7/5/09,3/16/11,1014.00,246705.00,19786.30,246705.00,0.00,0
CI,602893,Vehicles (Consumer) - IL,0.115000,0.0091124684369,6/6/08,12/6/10,913.00,12/6/10,1/30/09,238.00,4416.29,166.82,4416.29,0.00,0
CI,334710,Vehicles (Consumer) - IL,0.097500,0.0077830370879,6/10/08,12/10/09,548.00,12/10/09,3/11/16,2831.00,115091.15,6783.54,115091.15,115091.15,0
CI,813840,Vehicles (Consumer) - IL,0.100000,0.0079741404289,6/12/08,8/12/11,1156.00,8/12/11,12/29/09,565.00,7247.17,219.19,7247.17,0.00,0
CI,405033,Vehicles (Consumer) - IL,0.110000,0.0087345938236,6/13/08,5/13/09,334.00,5/13/09,,-39612.00,1000.00,94.65,1000.00,0.00,0
CI,771661,Vehicles (Consumer) - IL,0.100000,0.0079741404289,6/16/08,1/16/17,3136.00,1/16/17,9/21/11,1192.00,12477.28,176.39,12477.28,0.00,1
CI,492537,Vehicles (Consumer) - IL,0.100000,0.0079741404289,6/17/08,12/17/12,1644.00,12/17/12,11/22/11,1253.00,3477.76,78.58,3477.76,0.00,0
CI,311661,Vehicles (Consumer) - IL,0.110000,0.0087345938236,6/26/08,6/26/09,365.00,6/26/09,12/15/08,172.00,1799.12,156.51,1799.12,0.00,0
CI,27625,Vehicles (Consumer) - IL,0.100000,0.0079741404289,6/26/08,1/20/11,938.00,1/20/11,4/22/10,665.00,1351.97,49.03,1351.97,0.00,0
CI,332203,Vehicles (Consumer) - IL,0.140000,0.0109788519502,7/10/08,10/10/08,92.00,10/10/08,8/6/08,27.00,468.38,156.15,468.38,0.00,0
CI,955111,Vehicles (Consumer) - IL,0.110000,0.0087345938236,7/28/08,7/28/09,365.00,7/28/09,7/5/17,3264.00,235.90,20.52,235.90,0.00,0
CI,561162,Vehicles (Consumer) - IL,0.120000,0.0094887929346,7/30/08,9/30/12,1523.00,9/30/12,7/5/12,1436.00,1507.71,37.56,1507.71,0.00,0
CI,867865,Vehicles (Consumer) - IL,0.110000,0.0087345938236,7/30/08,1/30/12,1279.00,1/30/12,10/22/09,449.00,907.48,25.59,907.48,0.00,0
CI,161931,Vehicles (Consumer) - IL,0.100000,0.0079741404289,8/21/08,9/1/13,1837.00,9/1/13,4/8/11,960.00,744.54,15.42,744.54,0.00,0
CI,477804,Vehicles (Consumer) - IL,0.120000,0.0094887929346,8/21/08,4/21/09,243.00,4/21/09,1/28/11,890.00,293.01,37.75,293.01,0.00,0
CI,67933,Vehicles (Consumer) - IL,0.100000,0.0079741404289,8/22/08,12/22/15,2678.00,12/22/15,6/5/15,2478.00,16704.22,262.28,16704.22,0.00,1
CI,551200,Vehicles (Consumer) - IL,0.120000,0.0094887929346,8/26/08,2/26/12,1279.00,2/26/12,1/15/19,3794.00,2135.76,61.14,2044.83,0.00,0
CI,23358,Vehicles (Consumer) - IL,0.095000,0.0075915342906,8/27/08,9/10/13,1840.00,9/10/13,8/10/10,713.00,33055.61,676.13,33055.61,0.00,0
CI,336546,Vehicles (Consumer) - IL,0.100000,0.0079741404289,9/4/08,12/4/15,2647.00,12/4/15,3/6/13,1644.00,2216.07,35.08,2216.07,0.00,1
CI,414442,Vehicles (Consumer) - IL,0.085000,0.0068214933660,9/5/08,9/11/09,371.00,9/11/09,3/27/09,203.00,27485.00,2325.14,27485.00,0.00,0
CI,952566,Vehicles (Consumer) - IL,0.130000,0.0102368443582,9/8/08,9/8/09,365.00,9/8/09,,-39699.00,3069.06,269.57,3069.06,0.00,0
CI,956017,Vehicles (Consumer) - IL,0.120000,0.0094887929346,9/15/08,11/15/08,61.00,11/15/08,8/24/09,343.00,655.53,327.04,655.53,0.00,0
CI,624239,Vehicles (Consumer) - IL,0.100000,0.0079741404289,9/25/08,9/25/13,1826.00,9/25/13,5/25/12,1338.00,9053.28,188.32,9053.28,0.00,0
CI,145953,Vehicles (Consumer) - IL,0.097500,0.0077830370879,9/25/08,1/25/09,122.00,1/25/09,,-39716.00,102489.00,25701.09,102489.00,0.00,0
CI,656778,Vehicles (Consumer) - IL,0.077500,0.0062396814613,9/29/08,12/29/10,821.00,12/29/10,6/30/10,639.00,415593.75,16566.81,413327.06,0.00,0
CI,260461,Vehicles (Consumer) - IL,0.100000,0.0079741404289,9/29/08,9/29/11,1095.00,9/29/11,5/19/11,962.00,4862.13,154.06,4862.13,0.00,0
CI,936881,Vehicles (Consumer) - IL,0.097500,0.0077830370879,9/30/08,9/30/09,365.00,9/30/09,6/20/16,2820.00,87000.00,7522.36,87000.00,0.00,0
CI,140491,Vehicles (Consumer) - IL,0.090000,0.0072073233161,11/7/08,12/5/13,1854.00,12/5/13,8/6/10,637.00,3700.14,74.41,3700.14,0.00,0
CI,843319,Vehicles (Consumer) - IL,0.090000,0.0072073233161,11/7/08,11/7/12,1461.00,11/7/12,10/22/10,714.00,2395.19,58.49,2395.19,0.00,0
CI,945123,Vehicles (Consumer) - IL,0.100000,0.0079741404289,11/17/08,12/1/14,2205.00,12/1/14,3/6/13,1570.00,13532.18,244.02,13532.18,0.00,0
CI,165527,Vehicles (Consumer) - IL,0.097500,0.0077830370879,11/18/08,9/19/09,305.00,9/19/09,,-39770.00,81225.00,8340.64,81225.00,0.00,0
CI,886796,Commercial/Ind.(not prime sec RE)CL,0.100000,0.0079741404289,11/26/08,5/26/13,1642.00,2/26/19,9/17/19,3947.00,51399.72,1162.57,8124.67,2040.62,0
CI,320025,Vehicles (Consumer) - IL,0.110000,0.0087345938236,12/4/08,10/4/09,304.00,10/4/09,2/9/09,67.00,1322.16,136.90,1322.16,0.00,0
CI,100536,Vehicles (Consumer) - IL,0.090000,0.0072073233161,12/5/08,12/5/15,2556.00,12/5/15,3/1/19,3738.00,17500.00,275.59,17150.00,0.00,1
CI,580823,Vehicles (Consumer) - IL,0.097500,0.0077830370879,12/10/08,5/10/09,151.00,5/10/09,1/27/09,48.00,54787.50,11141.83,45038.26,0.00,0
CI,804084,Vehicles (Consumer) - IL,0.110000,0.0087345938236,12/12/08,3/12/14,1916.00,3/12/14,6/24/11,924.00,7183.08,147.22,7183.08,0.00,0
CI,918007,Vehicles (Consumer) - IL,0.100000,0.0079741404289,12/30/08,3/30/12,1186.00,3/30/12,1/3/13,1465.00,9013.99,266.73,9013.99,0.00,0
CI,144001,Vehicles (Consumer) - IL,0.100000,0.0079741404289,1/5/09,1/20/14,1841.00,1/20/14,4/30/10,480.00,12587.50,260.18,12587.50,0.00,0
CI,603504,Vehicles (Consumer) - IL,0.100000,0.0079741404289,1/5/09,1/15/16,2566.00,1/15/16,7/28/14,2030.00,326.76,5.28,326.76,0.00,1
CI,185407,Vehicles (Consumer) - IL,0.100000,0.0079741404289,1/9/09,1/9/14,1826.00,1/9/14,6/21/10,528.00,14893.94,309.82,14893.94,0.00,0
CI,430976,Vehicles (Consumer) - IL,0.140000,0.0109788519502,1/16/09,9/16/09,243.00,9/16/09,12/8/14,2152.00,923.70,119.81,923.70,0.00,0
CI,299402,Vehicles (Consumer) - IL,0.105000,0.0083551556836,2/22/09,2/22/15,2191.00,2/22/15,10/23/13,1704.00,1868.08,34.27,1868.08,0.00,1
CI,92583,Vehicles (Consumer) - IL,0.095000,0.0075915342906,2/23/09,2/23/14,1826.00,2/23/14,1/6/15,2143.00,28.64,0.59,28.64,0.00,0
CI,414202,Vehicles (Consumer) - IL,0.120000,0.0094887929346,2/25/09,2/25/15,2191.00,2/25/15,11/26/10,639.00,8948.89,170.41,8948.89,0.00,1
CI,9989,Vehicles (Consumer) - IL,0.105000,0.0083551556836,3/9/09,10/9/15,2405.00,10/9/15,12/14/10,645.00,14687.81,252.11,14687.81,0.00,1
CI,189372,Vehicles (Consumer) - IL,0.100000,0.0079741404289,3/19/09,3/19/14,1826.00,3/19/14,11/2/09,228.00,6347.62,132.04,6347.62,0.00,0
CI,310793,Vehicles (Consumer) - IL,0.100000,0.0079741404289,4/7/09,6/24/12,1174.00,6/24/12,8/19/11,864.00,20000.00,596.97,20000.00,0.00,0
CI,963503,Vehicles (Consumer) - IL,0.097500,0.0077830370879,3/24/09,6/28/11,826.00,6/28/11,9/28/09,188.00,44500.00,1801.83,44500.00,0.00,0
CI,555924,Vehicles (Consumer) - IL,0.085000,0.0068214933660,3/26/09,9/11/09,169.00,9/11/09,,-39898.00,10856.25,1970.97,10856.25,0.00,0
CI,301614,Vehicles (Consumer) - IL,0.095000,0.0075915342906,4/1/09,10/1/14,2009.00,10/1/14,5/27/11,786.00,3980.42,76.04,3980.42,3980.42,0
CI,66586,Vehicles (Consumer) - IL,0.100000,0.0079741404289,7/29/13,9/29/19,2253.00,9/29/19,7/17/17,1449.00,11497.91,204.08,11497.91,0.00,1
CI,173528,Vehicles (Consumer) - IL,0.100000,0.0079741404289,4/16/09,9/16/15,2344.00,9/16/15,8/30/11,866.00,17628.62,304.03,17628.62,0.00,1
CI,126946,Commercial/Ind.(not prime sec RE)CL,0.090000,0.0072073233161,4/21/09,6/21/09,61.00,6/21/18,9/26/19,3810.00,17000.00,8452.16,5850.00,0.00,0
CI,75056,Commercial/Ind.(not prime sec RE)CL,0.097500,0.0077830370879,4/21/09,7/21/09,91.00,3/31/20,6/29/20,4087.00,45000.00,15068.63,3000.00,2500.00,0
CI,272223,Vehicles (Consumer) - IL,0.105000,0.0083551556836,5/6/09,11/6/14,2010.00,11/6/14,5/11/17,2927.00,7421.75,145.11,7421.75,3313.79,0
CI,395263,Vehicles (Consumer) - IL,0.110000,0.0087345938236,5/8/09,5/8/13,1461.00,5/8/13,7/29/10,447.00,2714.46,68.67,2714.46,0.00,0
CI,581738,Vehicles (Consumer) - IL,0.102500,0.0081648460519,5/14/09,1/25/16,2447.00,1/25/16,8/8/12,1182.00,24756.60,416.91,24756.60,0.00,1
CI,987233,Vehicles (Consumer) - IL,0.085000,0.0068214933660,6/10/09,10/10/15,2313.00,10/10/15,7/9/19,3681.00,15422.37,257.89,15038.83,6788.41,1
CI,647511,Vehicles (Consumer) - IL,0.100000,0.0079741404289,6/15/09,10/15/13,1583.00,10/15/13,2/12/13,1338.00,4896.33,114.04,4896.33,4896.33,0
CI,866220,Vehicles (Consumer) - IL,0.100000,0.0079741404289,6/17/09,1/17/10,214.00,1/17/10,,-39981.00,10032.00,1452.33,10032.00,0.00,0
CI,786168,Vehicles (Consumer) - IL,0.100000,0.0079741404289,6/19/09,6/19/15,2191.00,6/19/15,9/29/14,1928.00,1725.66,31.26,1725.66,0.00,1
CI,619784,Vehicles (Consumer) - IL,0.100000,0.0079741404289,6/17/09,8/17/15,2252.00,8/17/15,2/5/15,2059.00,49800.00,884.22,49800.00,0.00,1
CI,147359,Vehicles (Consumer) - IL,0.100000,0.0079741404289,7/6/09,4/6/14,1735.00,4/6/14,2/14/13,1319.00,5658.82,122.52,5658.82,0.00,0
CI,530694,Vehicles (Consumer) - IL,0.105000,0.0083551556836,7/17/09,8/17/11,761.00,8/17/11,5/29/12,1047.00,1351.15,59.33,1351.15,0.00,0
CI,119432,Vehicles (Consumer) - IL,0.110000,0.0087345938236,8/13/09,5/13/10,273.00,5/13/10,10/9/09,57.00,431.78,49.57,431.78,0.00,0
CI,231013,Vehicles (Consumer) - IL,0.100000,0.0079741404289,8/18/09,8/18/15,2191.00,8/18/15,11/25/09,99.00,11690.91,211.81,11690.91,0.00,1
CI,342321,Vehicles (Consumer) - IL,0.105000,0.0083551556836,8/25/09,3/25/12,943.00,3/25/12,4/18/12,967.00,3395.53,123.28,3395.53,0.00,0
CI,52759,Vehicles (Consumer) - IL,0.100000,0.0079741404289,9/15/09,9/15/11,730.00,9/15/11,5/24/11,616.00,11355.92,515.27,11355.92,0.00,0
CI,749323,Vehicles (Consumer) - IL,0.110000,0.0087345938236,9/18/09,1/18/14,1583.00,1/18/14,11/22/10,430.00,2287.99,54.30,2287.99,0.00,0
CI,950672,Vehicles (Consumer) - IL,0.100000,0.0079741404289,9/28/09,9/28/11,730.00,9/28/11,9/2/10,339.00,13600.00,617.10,13600.00,0.00,0
CI,32776,Vehicles (Consumer) - IL,0.100000,0.0079741404289,9/30/09,9/30/11,730.00,9/30/11,3/31/11,547.00,16299.87,739.61,16299.87,16299.87,0
CI,705211,Vehicles (Consumer) - IL,0.100000,0.0079741404289,10/7/09,2/7/14,1584.00,2/7/14,11/10/11,764.00,2823.91,65.74,2823.91,0.00,0
CI,841987,Vehicles (Consumer) - IL,0.100000,0.0079741404289,10/7/09,10/7/13,1461.00,10/7/13,10/26/12,1115.00,2117.09,52.63,2117.09,0.00,0
CI,973379,Vehicles (Consumer) - IL,0.110000,0.0087345938236,10/9/09,4/1/12,905.00,4/1/12,2/21/12,865.00,2816.48,106.61,2816.48,0.00,0
CI,598244,Vehicles (Consumer) - IL,0.100000,0.0079741404289,10/20/09,10/20/13,1461.00,10/20/13,7/8/15,2087.00,3481.79,86.55,3481.79,0.00,0
CI,241246,Vehicles (Consumer) - IL,0.100000,0.0079741404289,10/22/09,4/22/13,1278.00,4/22/13,4/4/12,895.00,6100.00,169.45,6100.00,0.00,0
CI,989703,Vehicles (Consumer) - IL,0.090000,0.0072073233161,10/28/09,10/28/15,2191.00,10/28/15,9/27/13,1430.00,36828.08,650.34,36828.08,0.00,1
CI,198025,Vehicles (Consumer) - IL,0.110000,0.0087345938236,11/5/09,10/13/12,1073.00,10/13/12,6/29/11,601.00,3130.71,102.29,3130.71,0.00,0
CI,69525,Vehicles (Consumer) - IL,0.100000,0.0079741404289,11/9/09,7/9/13,1338.00,7/9/13,3/25/19,3423.00,6221.14,166.31,6205.27,0.00,0
CI,145239,Vehicles (Consumer) - IL,0.100000,0.0079741404289,11/16/09,5/16/15,2007.00,5/16/15,8/20/10,277.00,5833.10,112.85,5833.10,0.00,1
CI,996244,Vehicles (Consumer) - IL,0.100000,0.0079741404289,11/20/09,11/20/11,730.00,11/20/11,2/1/10,73.00,4811.41,218.32,4811.41,0.00,0
CI,539203,Vehicles (Consumer) - IL,0.095000,0.0075915342906,12/7/09,1/7/10,31.00,1/7/10,,-40154.00,1500.00,1462.82,1500.00,0.00,0
CI,961387,Vehicles (Consumer) - IL,0.115000,0.0091124684369,12/11/09,12/11/10,365.00,12/11/10,10/12/10,305.00,1984.70,173.08,1984.70,0.00,0
CI,94771,Vehicles (Consumer) - IL,0.060000,0.0048675505653,12/22/09,4/22/13,1217.00,4/22/13,3/6/13,1170.00,4192.13,114.13,4192.13,0.00,0
CI,635239,Vehicles (Consumer) - IL,0.110000,0.0087345938236,12/18/09,12/18/10,365.00,12/18/10,3/9/10,81.00,1293.62,112.54,1293.62,0.00,0
CI,408653,Vehicles (Consumer) - IL,0.097500,0.0077830370879,12/22/09,12/22/15,2191.00,12/22/15,5/12/14,1602.00,3500.00,63.01,3500.00,0.00,1
CI,655399,Vehicles (Consumer) - IL,0.100000,0.0079741404289,12/28/09,2/10/16,2235.00,2/10/16,8/3/12,949.00,9492.41,169.48,9492.41,0.00,1
CI,792778,Vehicles (Consumer) - IL,0.080000,0.0064340301100,12/31/09,12/31/10,365.00,12/31/10,6/23/15,2000.00,2500.00,214.29,2500.00,0.00,0
CI,577948,Vehicles (Consumer) - IL,0.100000,0.0079741404289,1/8/10,7/8/14,1642.00,7/8/14,3/16/10,67.00,9363.15,211.78,9363.15,2120.00,0
CI,312512,Vehicles (Consumer) - IL,0.120000,0.0094887929346,2/9/10,6/9/11,485.00,6/9/11,4/20/10,70.00,2752.90,184.48,2752.90,0.00,0
CI,496019,Vehicles (Consumer) - IL,0.110000,0.0087345938236,2/9/10,2/9/11,365.00,2/9/11,2/14/11,370.00,970.00,84.38,970.00,0.00,0
CI,713114,Vehicles (Consumer) - IL,0.100000,0.0079741404289,2/10/10,9/10/11,577.00,9/10/11,10/21/10,253.00,299.95,16.88,299.95,0.00,0
CI,387676,Vehicles (Consumer) - IL,0.100000,0.0079741404289,3/9/10,7/9/11,487.00,7/9/11,11/25/11,626.00,22814.22,1503.91,22814.22,0.00,0
CI,742441,Vehicles (Consumer) - IL,0.100000,0.0079741404289,3/12/10,3/12/15,1826.00,3/12/15,8/3/11,509.00,1954.58,40.66,1954.58,0.00,1
CI,170354,Vehicles (Consumer) - IL,0.095000,0.0075915342906,3/18/10,4/18/12,762.00,4/18/12,4/27/11,405.00,10500.00,456.08,10500.00,0.00,0
CI,238071,Vehicles (Consumer) - IL,0.110000,0.0087345938236,3/23/10,4/23/15,1857.00,4/23/15,3/18/16,2187.00,6878.56,144.33,6878.56,0.00,1
CI,115645,Vehicles (Consumer) - IL,0.100000,0.0079741404289,3/31/10,10/31/12,945.00,10/31/12,6/27/12,819.00,2129.96,76.73,2129.96,0.00,0
CI,981259,Vehicles (Consumer) - IL,0.100000,0.0079741404289,3/31/10,5/31/13,1157.00,5/31/13,9/24/14,1638.00,3927.57,118.70,3927.57,0.00,0
CI,581052,Vehicles (Consumer) - IL,0.105000,0.0083551556836,4/26/10,11/26/11,579.00,11/26/11,8/17/11,478.00,1307.95,73.66,1307.95,0.00,0
CI,983585,Vehicles (Consumer) - IL,0.120000,0.0094887929346,5/10/10,11/10/10,184.00,11/10/10,5/24/10,14.00,249.60,42.08,249.60,0.00,0
CI,352968,Vehicles (Consumer) - IL,0.095000,0.0075915342906,5/12/10,5/12/17,2557.00,5/12/17,2/18/11,282.00,15051.78,240.49,15051.78,0.00,1
CI,681059,Consumer Loan - Other - IL,0.100000,0.0079741404289,5/19/10,6/30/18,2964.00,6/30/18,1/31/19,3179.00,5925.75,86.90,5925.75,0.00,1
CI,656399,Vehicles (Consumer) - IL,0.100000,0.0079741404289,5/20/10,2/20/15,1737.00,2/20/15,5/9/13,1085.00,11990.75,259.38,11990.75,0.00,1
CI,986170,Vehicles (Consumer) - IL,0.105000,0.0083551556836,8/5/10,9/25/15,1877.00,9/25/15,10/27/14,1544.00,9923.00,204.30,9923.00,0.00,1
CI,855144,Vehicles (Consumer) - IL,0.080000,0.0064340301100,6/11/10,8/11/15,1887.00,8/11/15,9/11/14,1553.00,20000.00,387.64,20000.00,0.00,1
CI,997261,Vehicles (Consumer) - IL,0.095000,0.0075915342906,6/17/10,6/17/14,1461.00,6/17/14,4/9/12,662.00,2563.33,63.16,2563.33,0.00,0
CI,317669,Vehicles (Consumer) - IL,0.100000,0.0079741404289,6/23/10,6/23/15,1826.00,6/23/15,3/17/11,267.00,3206.08,66.69,3206.08,0.00,1
CI,91836,Vehicles (Consumer) - IL,0.100000,0.0079741404289,6/24/10,6/24/11,365.00,6/24/11,5/18/11,328.00,20500.00,1774.69,20500.00,0.00,0
CI,617245,Vehicles (Consumer) - IL,0.100000,0.0079741404289,7/1/10,7/1/13,1096.00,7/1/13,3/7/11,249.00,1980.72,62.71,1980.72,0.00,0
CI,519536,Vehicles (Consumer) - IL,0.097500,0.0077830370879,7/1/10,4/22/12,661.00,4/22/12,4/27/11,300.00,29500.00,1462.15,29500.00,0.00,0
CI,51155,Vehicles (Consumer) - IL,0.140000,0.0109788519502,7/8/10,10/8/10,92.00,10/8/10,,-40367.00,1000.00,333.39,1000.00,0.00,0
CI,17844,Vehicles (Consumer) - IL,0.100000,0.0079741404289,7/16/10,5/16/12,670.00,5/16/12,3/25/19,3174.00,4743.71,232.72,4738.03,0.00,0
CI,905484,Vehicles (Consumer) - IL,0.100000,0.0079741404289,7/22/10,9/22/15,1888.00,9/22/15,12/26/12,888.00,11495.00,233.01,11495.00,0.00,1
CI,660281,Vehicles (Consumer) - IL,0.100000,0.0079741404289,8/3/10,2/3/11,184.00,2/3/11,12/14/11,498.00,2500.00,419.28,2500.00,0.00,0
CI,195486,Vehicles (Consumer) - IL,0.100000,0.0079741404289,8/3/10,8/3/14,1461.00,8/3/14,9/9/13,1133.00,11595.36,288.25,11595.36,0.00,0
CI,574891,Recreational Vehicles (Consumer) IL,0.100000,0.0079741404289,8/31/10,9/15/12,746.00,9/15/20,9/28/20,3681.00,36947.69,1643.91,26307.00,8000.00,0
CI,539376,Vehicles (Consumer) - IL,0.100000,0.0079741404289,9/7/10,10/7/13,1126.00,10/7/13,9/17/15,1836.00,643.82,19.92,643.82,0.00,0
CI,644677,Vehicles (Consumer) - IL,0.100000,0.0079741404289,9/10/10,10/10/15,1856.00,10/10/15,8/3/12,693.00,16861.51,346.34,16861.51,0.00,1
CI,965716,Vehicles (Consumer) - IL,0.090000,0.0072073233161,9/14/10,12/14/13,1187.00,12/14/13,6/28/13,1018.00,44775.35,1304.70,44775.35,0.00,0
CI,869733,Vehicles (Consumer) - IL,0.100000,0.0079741404289,9/23/10,10/23/13,1126.00,10/23/13,1/2/13,832.00,2203.89,68.18,2203.89,0.00,0
CI,669154,Consumer Loan - Other - IL,0.100000,0.0079741404289,9/24/10,9/24/18,2922.00,9/24/18,6/28/19,3199.00,1043.04,15.44,1043.04,459.38,1
CI,933024,Vehicles (Consumer) - IL,0.100000,0.0079741404289,10/4/10,8/4/16,2131.00,8/4/16,7/25/12,660.00,14858.50,274.79,14858.50,0.00,1
CI,181054,Vehicles (Consumer) - IL,0.105000,0.0083551556836,10/4/10,11/4/16,2223.00,11/4/16,6/30/14,1365.00,5945.60,107.95,5945.60,0.00,1
CI,921218,Vehicles (Consumer) - IL,0.100000,0.0079741404289,10/5/10,1/5/13,823.00,1/5/13,2/24/12,507.00,2479.98,101.01,2479.98,0.00,0
CI,607805,Vehicles (Consumer) - IL,0.100000,0.0079741404289,10/13/10,10/13/15,1826.00,10/13/15,4/4/14,1269.00,15925.00,331.27,15925.00,0.00,1
CI,600524,Vehicles (Consumer) - IL,0.100000,0.0079741404289,11/3/10,11/3/12,731.00,11/3/12,9/5/12,672.00,291.69,13.22,291.69,0.00,0
CI,281664,Vehicles (Consumer) - IL,0.100000,0.0079741404289,11/26/10,8/10/16,2084.00,8/10/16,11/17/17,2548.00,9133.96,171.76,9133.96,0.00,1
CI,918149,Vehicles (Consumer) - IL,0.090000,0.0072073233161,12/31/10,3/31/13,821.00,3/31/13,3/21/12,446.00,5000.00,201.97,5000.00,0.00,0
CI,566867,Vehicles (Consumer) - IL,0.095000,0.0075915342906,1/3/11,1/3/14,1096.00,1/3/14,6/14/12,528.00,5237.39,164.70,5237.39,0.00,0
CI,339215,Vehicles (Consumer) - IL,0.095000,0.0075915342906,1/11/11,7/11/11,181.00,7/11/11,8/3/12,570.00,20000.00,3403.98,20000.00,0.00,0
CI,108314,Vehicles (Consumer) - IL,0.100000,0.0079741404289,1/24/11,9/24/17,2435.00,9/24/17,6/9/14,1232.00,6066.56,101.81,6066.56,0.00,1
CI,282922,Vehicles (Consumer) - IL,0.100000,0.0079741404289,2/16/11,11/16/14,1369.00,11/16/14,3/12/13,755.00,4878.29,127.95,4878.29,0.00,0
CI,313541,Vehicles (Consumer) - IL,0.100000,0.0079741404289,2/25/11,8/25/15,1642.00,8/25/15,4/16/15,1511.00,3406.82,77.06,3406.82,0.00,1
CI,546329,Vehicles (Consumer) - IL,0.100000,0.0079741404289,3/2/11,5/2/15,1522.00,5/2/15,1/2/13,672.00,4819.99,115.89,4819.99,0.00,1
CI,999441,Vehicles (Consumer) - IL,0.105000,0.0083551556836,3/15/11,3/15/13,731.00,3/15/13,5/30/12,442.00,7799.33,355.10,7799.33,0.00,0
CI,138249,Vehicles (Consumer) - IL,0.110000,0.0087345938236,3/23/11,7/23/14,1218.00,7/23/14,3/1/19,2900.00,922.65,27.09,871.83,0.00,0
CI,616835,Vehicles (Consumer) - IL,0.095000,0.0075915342906,4/6/11,6/6/18,2618.00,6/6/18,8/7/17,2315.00,3408.71,53.56,3408.71,0.00,1
CI,497284,Vehicles (Consumer) - IL,0.100000,0.0079741404289,4/27/11,10/27/14,1279.00,10/27/14,3/5/12,313.00,9038.52,250.92,9038.52,0.00,0
CI,52204,Vehicles (Consumer) - IL,0.100000,0.0079741404289,5/5/11,5/5/17,2192.00,5/5/17,9/30/16,1975.00,5000.00,90.56,5000.00,0.00,1
CI,868069,Vehicles (Consumer) - IL,0.120000,0.0094887929346,5/13/11,5/13/17,2192.00,5/13/17,10/14/15,1615.00,2149.87,40.93,2149.87,0.00,1
CI,348821,Vehicles (Consumer) - IL,0.090000,0.0072073233161,5/26/11,12/26/16,2041.00,12/26/16,5/9/14,1079.00,11373.90,212.10,11373.90,0.00,1
CI,960034,Vehicles (Consumer) - IL,0.090000,0.0072073233161,5/31/11,5/31/13,731.00,5/31/13,6/22/12,388.00,15000.00,673.44,15000.00,0.00,0
CI,354032,Vehicles (Consumer) - IL,0.100000,0.0079741404289,6/6/11,12/20/15,1658.00,12/20/15,4/14/15,1408.00,6597.21,148.07,6597.21,0.00,1
CI,172363,Vehicles (Consumer) - IL,0.100000,0.0079741404289,6/6/11,7/17/12,407.00,7/17/12,8/15/12,436.00,3281.49,256.16,3281.49,0.00,0
CI,960908,Vehicles (Consumer) - IL,0.100000,0.0079741404289,6/6/11,9/6/14,1188.00,9/6/14,1/2/13,576.00,1604.22,47.40,1604.22,0.00,0
CI,621894,Vehicles (Consumer) - IL,0.100000,0.0079741404289,6/7/11,6/15/15,1469.00,6/15/15,8/3/12,423.00,6632.40,164.14,6632.40,0.00,1
CI,488275,Vehicles (Consumer) - IL,0.100000,0.0079741404289,6/8/11,6/8/16,1827.00,6/8/16,2/10/14,978.00,8439.80,175.49,8439.80,0.00,1
CI,880581,Vehicles (Consumer) - IL,0.110000,0.0087345938236,6/20/11,6/20/13,731.00,6/20/13,5/10/19,2881.00,1897.12,86.77,1768.62,0.00,0
CI,905914,Vehicles (Consumer) - IL,0.100000,0.0079741404289,7/22/11,12/22/17,2345.00,12/22/17,5/5/14,1018.00,862.27,14.87,862.27,0.00,1
CI,816468,Vehicles (Consumer) - IL,0.100000,0.0079741404289,8/25/11,11/25/16,1919.00,11/25/16,5/26/16,1736.00,2259.24,45.23,2259.24,0.00,1
CI,966984,Vehicles (Consumer) - IL,0.100000,0.0079741404289,8/31/11,3/31/14,943.00,3/31/14,12/30/13,852.00,10000.00,360.93,10000.00,0.00,0
CI,409770,Vehicles (Consumer) - IL,0.100000,0.0079741404289,9/1/11,10/1/14,1126.00,10/1/14,8/2/17,2162.00,7579.94,234.48,7579.94,0.00,0
CI,548212,Vehicles (Consumer) - IL,0.095000,0.0075915342906,9/7/11,4/7/18,2404.00,4/7/18,1/31/19,2703.00,15718.07,262.54,15718.07,0.00,1
CI,813670,Vehicles (Consumer) - IL,0.100000,0.0079741404289,9/20/11,3/20/16,1643.00,3/20/16,12/30/13,832.00,19201.82,434.10,19201.82,0.00,1
CI,418192,Vehicles (Consumer) - IL,0.100000,0.0079741404289,9/30/11,3/30/18,2373.00,3/30/18,6/22/17,2092.00,5922.47,101.24,5922.47,0.00,1
CI,372547,Vehicles (Consumer) - IL,0.100000,0.0079741404289,11/1/11,12/1/12,396.00,12/1/12,3/11/13,496.00,678.97,54.40,678.97,0.00,0
CI,760712,Vehicles (Consumer) - IL,0.110000,0.0087345938236,11/3/11,9/3/12,305.00,9/3/12,3/9/12,127.00,507.13,52.35,507.13,0.00,0
CI,75849,Vehicles (Consumer) - IL,0.090000,0.0072073233161,11/18/11,12/18/12,396.00,12/18/12,,-40865.00,9000.00,717.22,9000.00,0.00,0
CI,906567,Vehicles (Consumer) - IL,0.100000,0.0079741404289,11/22/11,11/22/13,731.00,11/22/13,5/2/12,162.00,2429.27,110.09,2429.27,0.00,0
CI,229587,Vehicles (Consumer) - IL,0.100000,0.0079741404289,11/22/11,11/22/14,1096.00,11/22/14,8/25/15,1372.00,2377.49,75.27,2377.49,0.00,0
CI,166176,Vehicles (Consumer) - IL,0.120000,0.0094887929346,11/28/11,11/28/15,1461.00,11/28/15,8/10/15,1351.00,3601.23,92.69,3601.23,0.00,1
CI,742933,Vehicles (Consumer) - IL,0.100000,0.0079741404289,12/1/11,10/1/13,670.00,10/1/13,4/16/12,137.00,2544.71,124.84,2544.71,0.00,0
CI,811451,Vehicles (Consumer) - IL,0.110000,0.0087345938236,12/5/11,9/15/12,285.00,9/15/12,7/9/12,217.00,845.51,93.13,845.51,0.00,0
CI,247575,Vehicles (Consumer) - IL,0.110000,0.0087345938236,12/6/11,12/6/15,1461.00,12/6/15,3/30/12,115.00,126.04,3.19,126.04,0.00,1
CI,848179,Vehicles (Consumer) - IL,0.097500,0.0077830370879,11/26/97,5/6/00,892.00,7/6/00,12/29/99,763.00,5786.50,218.75,4703.03,394.00,0
CI,110321,Vehicles (Consumer) - IL,0.110000,0.0087345938236,2/24/98,3/5/00,740.00,4/5/00,12/29/99,673.00,4550.00,205.84,2425.46,490.40,0
CI,100500,Vehicles (Consumer) - IL,0.100000,0.0079741404289,1/4/12,1/4/18,2192.00,1/4/18,9/15/15,1350.00,11026.00,199.69,11026.00,0.00,1
CI,678257,Vehicles (Consumer) - IL,0.120000,0.0094887929346,1/6/12,7/20/15,1291.00,7/20/15,11/9/15,1403.00,555.44,15.78,555.44,0.00,1
CI,393695,Vehicles (Consumer) - IL,0.090000,0.0072073233161,2/2/12,2/2/18,2192.00,2/2/18,12/13/12,315.00,9479.33,167.34,9479.33,0.00,1
CI,688313,Vehicles (Consumer) - IL,0.120000,0.0094887929346,2/8/12,6/20/15,1228.00,6/20/15,1/16/14,708.00,3346.18,99.03,3346.18,0.00,1
CI,677163,Vehicles (Consumer) - IL,0.100000,0.0079741404289,2/14/12,10/14/14,973.00,10/14/14,11/15/12,275.00,1115.67,39.17,1115.67,0.00,0
CI,197750,Vehicles (Consumer) - IL,0.100000,0.0079741404289,2/21/12,7/21/16,1612.00,7/21/16,3/18/16,1487.00,3830.90,87.94,3830.90,0.00,1
CI,231075,Vehicles (Consumer) - IL,0.105000,0.0083551556836,2/29/12,2/28/13,365.00,2/28/13,11/26/12,271.00,4300.00,373.17,4300.00,0.00,0
CI,102008,Vehicles (Consumer) - IL,0.100000,0.0079741404289,3/1/12,12/8/13,647.00,12/8/13,12/27/16,1762.00,2869.43,145.35,2869.43,0.00,0
CI,958509,Vehicles (Consumer) - IL,0.085000,0.0068214933660,3/8/12,3/8/16,1461.00,3/8/16,3/12/15,1099.00,7874.87,190.59,7874.87,7874.87,1
CI,230034,Vehicles (Consumer) - IL,0.100000,0.0079741404289,3/12/12,9/12/15,1279.00,9/12/15,9/24/14,926.00,5034.13,139.75,5034.13,0.00,1
CI,86004,Statement/Unsecured (Consumer) -IL,0.165000,0.0128080870820,8/18/99,4/25/00,251.00,10/25/01,9/26/00,405.00,1020.99,129.46,515.28,550.08,0
CI,294566,Vehicles (Consumer) - IL,0.100000,0.0079741404289,3/19/12,11/19/17,2071.00,11/19/17,6/1/15,1169.00,3161.30,59.73,3161.30,0.00,1
CI,301769,Vehicles (Consumer) - IL,0.120000,0.0094887929346,3/23/12,6/23/18,2283.00,6/23/18,6/3/14,802.00,10000.00,185.11,10000.00,0.00,1
CI,695771,Vehicles (Consumer) - IL,0.110000,0.0087345938236,3/28/12,3/28/18,2191.00,3/28/18,2/11/13,320.00,1312.48,24.38,1312.48,0.00,1
CI,628214,Vehicles (Consumer) - IL,0.130000,0.0102368443582,3/28/12,3/28/14,730.00,3/28/14,12/4/15,1346.00,989.40,46.14,989.40,0.00,0
CI,232367,Vehicles (Consumer) - IL,0.135000,0.0106085972466,9/27/00,9/25/03,1093.00,9/25/03,12/31/01,460.00,7544.62,250.75,6166.42,2320.00,0
CI,249384,Mobile Home (Prmry Res)(Consumer)IL,0.080000,0.0064340301100,1/26/01,2/4/04,1104.00,12/20/07,12/31/01,339.00,10089.30,308.78,9417.99,8268.09,0
CI,431163,1st Mort(1-4 Fmly Res/Non Disclose),0.070000,0.0056541453874,5/14/12,7/21/23,4085.00,7/21/23,9/9/19,2674.00,44284.86,467.20,26243.73,0.00,1
CI,444015,Vehicles (Consumer) - IL,0.090000,0.0072073233161,5/14/12,5/14/17,1826.00,5/14/17,5/30/17,1842.00,17998.26,366.33,17998.26,0.00,1
CI,156798,Vehicles (Consumer) - IL,0.090000,0.0072073233161,5/18/12,5/18/15,1095.00,5/18/15,1/6/16,1328.00,4036.74,126.18,4036.74,0.00,1
CI,699434,Vehicles (Consumer) - IL,0.140000,0.0109788519502,5/15/12,8/15/16,1553.00,8/15/16,8/11/15,1183.00,639.90,16.27,639.90,0.00,1
CI,111540,Vehicles (Consumer) - IL,0.100000,0.0079741404289,6/1/12,6/1/16,1461.00,6/1/16,6/27/13,391.00,53.94,1.34,53.94,0.00,1
CI,641330,Vehicles (Consumer) - IL,0.100000,0.0079741404289,6/5/12,6/5/17,1826.00,6/5/17,12/17/15,1290.00,4303.16,89.51,4303.16,0.00,1
CI,60769,Vehicles (Consumer) - IL,0.100000,0.0079741404289,6/21/12,8/21/12,61.00,8/21/12,,-41081.00,8121.91,4042.76,8121.91,0.00,0
CI,996053,Vehicles (Consumer) - IL,0.100000,0.0079741404289,6/28/12,12/28/12,183.00,12/28/12,,-41088.00,4400.00,741.87,4400.00,0.00,0
CI,685216,Vehicles (Consumer) - IL,0.110000,0.0087345938236,7/3/12,7/3/15,1095.00,7/3/15,,-41093.00,4000.00,128.46,4000.00,0.00,1
CI,576986,Commercial/Ind.(not prime sec RE)CL,0.080000,0.0064340301100,7/5/12,7/5/17,1826.00,9/5/18,9/26/19,2639.00,230000.00,4578.83,9104.84,0.00,1
CI,656023,Vehicles (Consumer) - IL,0.120000,0.0094887929346,7/9/12,7/9/13,365.00,7/9/13,8/15/12,37.00,597.91,52.27,597.91,0.00,0
CI,384262,Vehicles (Consumer) - IL,0.100000,0.0079741404289,7/9/12,11/9/18,2314.00,11/9/18,12/16/16,1621.00,13574.77,236.31,13574.77,0.00,1
CI,661596,Vehicles (Consumer) - IL,0.100000,0.0079741404289,7/12/12,7/12/15,1095.00,7/12/15,8/22/12,41.00,3000.00,95.06,3000.00,0.00,1
CI,653293,Vehicles (Consumer) - IL,0.110000,0.0087345938236,7/20/12,6/20/18,2161.00,6/20/18,7/10/15,1085.00,4716.91,88.50,4716.91,0.00,1
CI,963324,Vehicles (Consumer) - IL,0.100000,0.0079741404289,8/16/12,8/16/18,2191.00,8/16/18,2/5/16,1268.00,7873.78,142.65,7873.78,0.00,1
CI,146663,Vehicles (Consumer) - IL,0.100000,0.0079741404289,8/16/12,2/16/14,549.00,2/16/14,7/21/14,704.00,739.72,43.60,739.72,0.00,0
CI,578444,Vehicles (Consumer) - IL,0.100000,0.0079741404289,8/21/12,3/21/17,1673.00,3/21/17,3/27/15,948.00,5020.76,111.88,5020.76,0.00,1
CI,867790,Vehicles (Consumer) - IL,0.100000,0.0079741404289,8/23/12,3/23/18,2038.00,3/23/18,4/6/18,2052.00,4777.45,91.36,4777.45,350.00,1
CI,776300,Vehicles (Consumer) - IL,0.120000,0.0094887929346,8/31/12,12/30/18,2312.00,12/30/18,5/12/15,984.00,16990.15,311.81,16990.15,0.00,1
CI,337304,Vehicles (Consumer) - IL,0.100000,0.0079741404289,9/5/12,3/5/14,546.00,3/5/14,12/27/16,1574.00,1425.50,84.46,1425.50,0.00,0
CI,131301,Vehicles (Consumer) - IL,0.100000,0.0079741404289,9/18/12,1/18/18,1948.00,1/18/18,2/19/16,1249.00,5089.28,100.72,5089.28,0.00,1
CI,376025,Vehicles (Consumer) - IL,0.100000,0.0079741404289,9/19/12,9/19/18,2191.00,9/19/18,9/19/17,1826.00,14427.66,261.39,14427.66,0.00,1
CI,394090,Vehicles (Consumer) - IL,0.100000,0.0079741404289,9/20/12,9/22/15,1097.00,9/22/15,1/22/13,124.00,4104.09,129.84,4104.09,0.00,1
CI,366621,Vehicles (Consumer) - IL,0.100000,0.0079741404289,9/26/12,11/26/14,791.00,11/26/14,10/23/14,757.00,742.75,31.35,742.75,0.00,0
CI,493340,Vehicles (Consumer) - IL,0.140000,0.0109788519502,10/1/12,10/1/14,730.00,10/1/14,4/20/15,931.00,1495.20,70.35,1495.20,1495.20,0
CI,374479,Vehicles (Consumer) - IL,0.100000,0.0079741404289,10/3/12,7/3/14,638.00,7/3/14,,-41185.00,3000.00,153.93,3000.00,0.00,0
CI,587140,Vehicles (Consumer) - IL,0.100000,0.0079741404289,10/9/12,11/9/17,1857.00,11/9/17,12/3/15,1150.00,2437.98,50.06,2437.98,0.00,1
CI,473715,Vehicles (Consumer) - IL,0.095000,0.0075915342906,10/12/12,12/12/19,2617.00,12/12/19,4/8/19,2369.00,22690.25,356.62,22540.51,0.00,1
CI,987203,Statement/Unsecured (Consumer) -IL,0.100000,0.0079741404289,11/16/07,12/20/09,765.00,12/20/09,8/24/09,647.00,3060.00,133.09,1096.55,0.00,0
CI,845374,Vehicles (Consumer) - IL,0.100000,0.0079741404289,10/29/12,11/29/17,1857.00,11/29/17,7/28/14,637.00,7130.26,146.40,7130.26,0.00,1
CI,845562,Vehicles (Consumer) - IL,0.110000,0.0087345938236,10/30/12,2/28/18,1947.00,2/28/18,1/5/15,797.00,1975.38,40.00,1975.38,0.00,1
CI,404888,Vehicles (Consumer) - IL,0.100000,0.0079741404289,10/30/12,10/31/17,1827.00,10/31/17,2/11/14,469.00,13000.00,270.31,13000.00,0.00,1
CI,594116,Vehicles (Consumer) - IL,0.090000,0.0072073233161,11/7/12,8/20/19,2477.00,8/20/19,4/30/15,904.00,18326.01,295.28,18326.01,0.00,1
CI,573997,Vehicles (Consumer) - IL,0.120000,0.0094887929346,11/13/12,11/13/16,1461.00,11/13/16,6/1/15,930.00,2507.64,64.54,2507.64,0.00,1
CI,448957,Vehicles (Consumer) - IL,0.100000,0.0079741404289,11/30/12,3/30/15,850.00,3/30/15,7/3/13,215.00,3960.34,156.72,3960.34,0.00,1
CI,148868,Vehicles (Consumer) - IL,0.120000,0.0094887929346,12/5/12,12/5/14,730.00,12/5/14,6/12/13,189.00,2263.34,104.60,2263.34,0.00,0
CI,332286,Vehicles (Consumer) - IL,0.090000,0.0072073233161,2/8/13,1/31/22,3279.00,1/31/22,,-41313.00,15000.00,198.79,15000.00,0.00,1
CI,874853,Statement/Unsecured (Consumer) -IL,0.095000,0.0075915342906,6/7/16,6/7/18,730.00,7/7/18,3/23/18,654.00,5075.00,229.21,1956.80,0.00,1
CI,396634,Statement/Unsecured (Consumer) -IL,0.085000,0.0068214933660,6/9/17,6/9/20,1096.00,6/9/20,3/23/18,287.00,3075.00,95.38,2678.32,0.00,1
CI,235374,Vehicles (Consumer) - IL,0.076770,0.0061828536841,7/12/17,7/11/22,1825.00,9/11/22,2/12/20,945.00,27581.00,545.37,12605.25,150.00,1
CI,460044,Vehicles (Consumer) - IL,0.130000,0.0102368443582,3/21/13,4/21/17,1492.00,4/21/17,1/6/16,1021.00,4885.27,125.84,4885.27,0.00,1
CI,137749,Vehicles (Consumer) - IL,0.100000,0.0079741404289,3/29/13,3/29/14,365.00,3/29/14,,-41362.00,5536.86,479.33,5536.86,0.00,0
CI,757648,Vehicles (Consumer) - IL,0.100000,0.0079741404289,4/3/13,3/25/20,2548.00,3/25/20,4/8/19,2196.00,10885.58,176.92,10206.68,0.00,1
CI,695409,Vehicles (Consumer) - IL,0.140000,0.0109788519502,4/8/13,4/8/16,1096.00,4/8/16,4/29/14,386.00,7584.41,253.13,7584.41,0.00,1
CI,516380,Vehicles (Consumer) - IL,0.140000,0.0109788519502,4/11/13,5/11/18,1856.00,5/11/18,7/16/15,826.00,7446.41,166.47,7446.41,0.00,1
CI,35393,Vehicles (Consumer) - IL,0.140000,0.0109788519502,4/16/13,4/16/16,1096.00,4/16/16,7/31/13,106.00,8184.26,273.16,8184.26,0.00,1
CI,55410,Vehicles (Consumer) - IL,0.100000,0.0079741404289,4/17/13,6/22/19,2257.00,6/22/19,11/24/14,586.00,40010.82,709.26,40010.82,0.00,1
CI,798287,Vehicles (Consumer) - IL,0.100000,0.0079741404289,5/3/13,11/20/16,1297.00,11/20/16,11/17/15,928.00,7066.51,193.89,7066.51,0.00,1
CI,616718,Vehicles (Consumer) - IL,0.100000,0.0079741404289,5/7/13,5/7/17,1461.00,5/7/17,1/28/14,266.00,3177.32,78.99,3177.32,0.00,1
CI,511827,Vehicles (Consumer) - IL,0.120000,0.0094887929346,5/10/13,8/10/13,92.00,8/10/13,,-41404.00,2077.80,690.66,2077.80,50.00,0
CI,821597,Vehicles (Consumer) - IL,0.120000,0.0094887929346,5/28/13,5/28/19,2191.00,5/28/19,5/8/14,345.00,4146.49,78.96,4146.49,0.00,1
CI,518820,Vehicles (Consumer) - IL,0.100000,0.0079741404289,5/30/13,11/30/19,2375.00,11/30/19,6/28/19,2220.00,3182.12,54.36,3182.12,0.00,1
CI,842289,Vehicles (Consumer) - IL,0.110000,0.0087345938236,6/3/13,6/3/16,1096.00,6/3/16,5/5/14,336.00,2365.09,75.90,2365.09,0.00,1
CI,900605,Vehicles (Consumer) - IL,0.110000,0.0087345938236,6/10/13,6/10/15,730.00,6/10/15,3/9/15,637.00,1082.69,49.58,1082.69,0.00,1
CI,981052,Vehicles (Consumer) - IL,0.090000,0.0072073233161,6/20/13,12/20/17,1644.00,12/20/17,3/13/17,1362.00,7936.73,175.82,7936.73,0.00,1
CI,437936,Vehicles (Consumer) - IL,0.120000,0.0094887929346,6/21/13,10/21/18,1948.00,10/21/18,9/5/17,1537.00,3965.56,82.09,3965.56,0.00,1
CI,502160,Vehicles (Consumer) - IL,0.110000,0.0087345938236,6/27/13,6/27/19,2191.00,6/27/19,8/5/15,769.00,11805.51,219.33,11805.51,0.00,1
CI,47385,Vehicles (Consumer) - IL,0.100000,0.0079741404289,6/28/13,12/28/13,183.00,12/28/13,,-41453.00,3550.00,598.55,3550.00,0.00,0
CI,846149,Vehicles (Consumer) - IL,0.100000,0.0079741404289,7/3/13,7/3/19,2191.00,7/3/19,12/17/15,897.00,7965.32,144.31,7965.32,0.00,1
CI,248680,Vehicles (Consumer) - IL,0.100000,0.0079741404289,7/8/13,3/8/17,1339.00,3/8/17,3/25/16,991.00,3224.87,86.16,3224.87,0.00,1
CI,71894,Vehicles (Consumer) - IL,0.090000,0.0072073233161,7/9/13,7/9/19,2191.00,7/9/19,5/16/14,311.00,62050.85,1095.75,62050.85,0.00,1
CI,276178,Vehicles (Consumer) - IL,0.095000,0.0075915342906,7/10/13,10/10/18,1918.00,10/10/18,3/4/16,968.00,1789.69,35.44,1789.69,0.00,1
CI,713822,Vehicles (Consumer) - IL,0.100000,0.0079741404289,7/10/13,7/10/19,2191.00,7/10/19,2/20/15,590.00,28177.10,510.49,28177.10,0.00,1
CI,164391,Vehicles (Consumer) - IL,0.100000,0.0079741404289,7/12/13,9/12/19,2253.00,9/12/19,6/19/19,2168.00,15640.00,277.61,15010.00,0.00,1
CI,372935,Vehicles (Consumer) - IL,0.110000,0.0087345938236,7/16/13,8/16/19,2222.00,8/16/19,6/24/19,2169.00,11944.65,219.70,10831.90,10831.90,1
CI,708245,Vehicles (Consumer) - IL,0.120000,0.0094887929346,7/22/13,4/1/19,2079.00,4/1/19,3/30/16,982.00,5932.08,117.20,5932.08,0.00,1
CI,527589,Vehicles (Consumer) - IL,0.100000,0.0079741404289,7/26/13,7/26/17,1461.00,7/26/17,12/16/15,873.00,13050.62,324.43,13050.62,0.00,1
CI,694333,Vehicles (Consumer) - IL,0.140000,0.0109788519502,7/26/13,8/26/17,1492.00,8/26/17,10/5/15,801.00,1783.38,46.73,1783.38,0.00,1
CI,668364,Vehicles (Consumer) - IL,0.090000,0.0072073233161,7/31/13,10/30/16,1187.00,10/30/16,11/13/15,835.00,1745.14,50.85,1745.14,0.00,1
CI,445877,Vehicles (Consumer) - IL,0.120000,0.0094887929346,8/1/13,2/1/16,914.00,2/1/16,7/29/14,362.00,9417.75,357.40,9417.75,0.00,1
CI,745802,Vehicles (Consumer) - IL,0.140000,0.0109788519502,8/2/13,11/2/17,1553.00,11/2/17,3/18/16,959.00,5147.82,130.89,5147.82,0.00,1
CI,730593,Vehicles (Consumer) - IL,0.140000,0.0109788519502,8/5/13,8/5/18,1826.00,8/5/18,12/3/15,850.00,3884.19,87.83,3884.19,0.00,1
CI,555669,Consumer Loan - Other - IL,0.100000,0.0079741404289,8/7/13,8/7/19,2191.00,8/7/19,9/28/18,1878.00,3739.51,67.75,3739.51,0.00,1
CI,43241,Vehicles (Consumer) - IL,0.100000,0.0079741404289,8/9/13,8/9/18,1826.00,8/9/18,7/14/14,339.00,3305.68,68.76,3305.68,0.00,1
CI,440394,Vehicles (Consumer) - IL,0.100000,0.0079741404289,8/12/13,6/12/20,2496.00,6/12/20,3/13/17,1309.00,10825.18,178.51,10825.18,0.00,1
CI,691865,Vehicles (Consumer) - IL,0.120000,0.0094887929346,8/13/13,4/13/16,974.00,4/13/16,12/3/15,842.00,8095.17,290.89,8095.17,300.00,1
CI,866691,Vehicles (Consumer) - IL,0.120000,0.0094887929346,8/14/13,11/20/18,1924.00,11/20/18,5/18/15,642.00,5337.82,111.49,5337.82,500.00,1
CI,595492,Vehicles (Consumer) - IL,0.100000,0.0079741404289,8/15/13,2/15/14,184.00,2/15/14,9/24/14,405.00,1734.00,290.81,1734.00,0.00,0
CI,658613,Vehicles (Consumer) - IL,0.100000,0.0079741404289,8/19/13,7/19/22,3256.00,7/19/22,2/13/18,1639.00,1854.43,25.60,1854.43,0.00,1
CI,429491,Vehicles (Consumer) - IL,0.120000,0.0094887929346,8/22/13,9/22/13,31.00,9/22/13,10/27/14,431.00,3000.00,2931.23,3000.00,0.00,0
CI,444348,Vehicles (Consumer) - IL,0.100000,0.0079741404289,8/23/13,3/23/18,1673.00,3/23/18,10/12/16,1146.00,5733.64,127.77,5733.64,0.00,1
CI,442828,Vehicles (Consumer) - IL,0.080000,0.0064340301100,8/26/13,8/26/18,1826.00,8/26/18,9/28/18,1859.00,1406.43,28.00,1406.43,0.00,1
CI,496465,Vehicles (Consumer) - IL,0.100000,0.0079741404289,8/27/13,8/27/15,730.00,8/27/15,7/15/14,322.00,3901.91,177.05,3901.91,3901.91,1
CI,996104,Vehicles (Consumer) - IL,0.100000,0.0079741404289,9/3/13,10/20/19,2238.00,10/20/19,6/5/18,1736.00,2439.18,43.51,2439.18,0.00,1
CI,58201,Vehicles (Consumer) - IL,0.100000,0.0079741404289,9/9/13,12/20/14,467.00,12/20/14,8/20/14,345.00,1113.68,76.36,1113.68,0.00,0
CI,882396,Vehicles (Consumer) - IL,0.120000,0.0094887929346,9/12/13,7/20/15,676.00,7/20/15,,-41529.00,3087.77,152.85,3087.77,0.00,1
CI,642535,Vehicles (Consumer) - IL,0.120000,0.0094887929346,9/24/13,3/24/20,2373.00,3/24/20,2/6/17,1231.00,3836.89,69.19,3836.89,0.00,1
CI,590467,Vehicles (Consumer) - IL,0.100000,0.0079741404289,9/25/13,9/25/18,1826.00,9/25/18,12/26/14,457.00,5535.00,115.14,5535.00,0.00,1
CI,784232,Vehicles (Consumer) - IL,0.085000,0.0068214933660,9/30/13,9/30/14,365.00,9/30/14,12/20/13,81.00,47349.64,4068.73,47349.64,0.00,0
CI,559416,Vehicles (Consumer) - IL,0.140000,0.0109788519502,10/4/13,8/4/15,669.00,8/4/15,7/14/14,283.00,2190.02,111.25,2190.02,0.00,1
CI,714956,Vehicles (Consumer) - IL,0.140000,0.0109788519502,10/3/13,10/3/17,1461.00,10/3/17,1/16/15,470.00,8744.94,232.79,8744.94,0.00,1
CI,739697,Vehicles (Consumer) - IL,0.080000,0.0064340301100,10/4/13,10/4/18,1826.00,10/4/18,12/28/16,1181.00,10434.84,207.74,10434.84,0.00,1
CI,321930,Vehicles (Consumer) - IL,0.100000,0.0079741404289,10/7/13,7/7/16,1004.00,7/7/16,10/13/15,736.00,1521.32,51.97,1521.32,0.00,1
CI,23167,Vehicles (Consumer) - IL,0.080000,0.0064340301100,10/8/13,11/25/20,2605.00,11/25/20,9/30/15,722.00,13186.56,198.69,13186.56,0.00,1
CI,987061,Vehicles (Consumer) - IL,0.080000,0.0064340301100,10/23/13,12/23/19,2252.00,12/23/19,6/16/16,967.00,2500.00,42.10,2500.00,0.00,1
CI,695263,Vehicles (Consumer) - IL,0.140000,0.0109788519502,10/31/13,4/30/15,546.00,4/30/15,8/2/17,1371.00,2986.12,181.91,2986.12,0.00,1
CI,35615,Vehicles (Consumer) - IL,0.140000,0.0109788519502,11/13/13,3/20/18,1588.00,3/20/18,10/1/15,687.00,9145.27,228.73,9145.27,0.00,1
CI,30748,Vehicles (Consumer) - IL,0.100000,0.0079741404289,11/18/13,11/18/19,2191.00,11/18/19,12/8/15,750.00,9657.03,174.96,9657.03,0.00,1
CI,160471,Vehicles (Consumer) - IL,0.110000,0.0087345938236,11/18/13,11/18/18,1826.00,11/18/18,1/13/15,421.00,3600.00,76.51,3600.00,3600.00,1
CI,117241,Vehicles (Consumer) - IL,0.100000,0.0079741404289,11/22/13,11/22/15,730.00,11/22/15,7/28/14,248.00,2135.61,96.90,2135.61,0.00,1
CI,700017,Vehicles (Consumer) - IL,0.120000,0.0094887929346,11/29/13,12/29/20,2587.00,12/29/20,8/24/15,633.00,7998.30,136.23,7998.30,0.00,1
CI,529838,Vehicles (Consumer) - IL,0.110000,0.0087345938236,12/2/13,12/2/19,2191.00,12/2/19,8/24/15,630.00,3293.17,61.18,3293.17,0.00,1
CI,348028,Vehicles (Consumer) - IL,0.100000,0.0079741404289,12/2/13,12/2/17,1461.00,12/2/17,1/12/17,1137.00,3583.81,89.09,3583.81,3583.81,1
CI,332187,Vehicles (Consumer) - IL,0.140000,0.0109788519502,1/22/14,1/22/16,730.00,1/22/16,1/16/15,359.00,2625.77,123.55,2625.77,0.00,1
CI,440097,Vehicles (Consumer) - IL,0.110000,0.0087345938236,12/11/13,6/11/15,547.00,6/11/15,12/12/13,1.00,2900.00,172.74,2900.00,0.00,1
CI,303393,Vehicles (Consumer) - IL,0.095000,0.0075915342906,12/13/13,2/13/21,2619.00,2/13/21,3/29/18,1567.00,22458.57,352.79,22458.57,0.00,1
CI,158184,Vehicles (Consumer) - IL,0.140000,0.0109788519502,12/16/13,12/16/18,1826.00,12/16/18,11/3/15,687.00,15173.28,343.10,15173.28,0.00,1
CI,232424,Vehicles (Consumer) - IL,0.080000,0.0064340301100,12/16/13,12/16/19,2191.00,12/16/19,12/28/16,1108.00,7524.33,129.45,7524.33,0.00,1
CI,965702,Vehicles (Consumer) - IL,0.095000,0.0075915342906,12/23/13,12/23/18,1826.00,12/23/18,4/4/19,1928.00,2082.86,42.86,1783.31,0.00,1
CI,547570,Vehicles (Consumer) - IL,0.140000,0.0109788519502,12/27/13,2/27/17,1158.00,2/27/17,1/20/15,389.00,8687.58,277.33,8687.58,0.00,1
CI,154275,Vehicles (Consumer) - IL,0.100000,0.0079741404289,12/27/13,12/27/19,2191.00,12/27/19,1/12/18,1477.00,19855.55,359.73,19855.55,0.00,1
CI,491023,Vehicles (Consumer) - IL,0.095000,0.0075915342906,12/30/13,6/30/18,1643.00,6/30/18,8/30/17,1339.00,9280.14,207.74,9280.14,0.00,1
CI,171287,Vehicles (Consumer) - IL,0.100000,0.0079741404289,12/30/13,3/30/14,90.00,3/30/14,,-41638.00,9000.00,3047.97,9000.00,0.00,0
CI,28687,Commercial/Ind.(not prime sec RE)CL,0.090000,0.0072073233161,1/3/14,7/3/14,181.00,3/31/20,6/29/20,2369.00,50000.00,8498.61,44500.00,1000.00,0
CI,253501,Vehicles (Consumer) - IL,0.100000,0.0079741404289,1/14/14,7/26/20,2385.00,7/26/20,3/16/16,792.00,9667.54,164.66,9667.54,0.00,1
CI,97193,Vehicles (Consumer) - IL,0.130000,0.0102368443582,1/8/14,7/8/17,1277.00,7/8/17,11/4/16,1031.00,4255.29,123.83,4255.29,0.00,1
CI,45629,Vehicles (Consumer) - IL,0.100000,0.0079741404289,1/13/14,1/25/21,2569.00,1/25/21,9/28/15,623.00,16431.81,265.53,16431.81,0.00,1
CI,63940,Vehicles (Consumer) - IL,0.100000,0.0079741404289,1/14/14,9/30/18,1720.00,9/30/18,6/28/19,1991.00,12000.00,261.60,12000.00,0.00,1
CI,942880,Vehicles (Consumer) - IL,0.090000,0.0072073233161,1/14/14,4/14/14,90.00,4/14/14,,-41653.00,1900.00,642.48,1900.00,0.00,0
CI,759355,Vehicles (Consumer) - IL,0.110000,0.0087345938236,1/23/14,1/23/16,730.00,1/23/16,8/5/15,559.00,2141.47,98.07,2141.47,0.00,1
CI,887341,Vehicles (Consumer) - IL,0.110000,0.0087345938236,1/24/14,12/24/15,699.00,12/24/15,11/25/14,305.00,2841.57,135.32,2841.57,0.00,1
CI,749128,Vehicles (Consumer) - IL,0.080000,0.0064340301100,1/29/14,1/29/15,365.00,1/29/15,11/3/14,278.00,3243.56,278.02,3243.56,0.00,1
CI,320562,Vehicles (Consumer) - IL,0.100000,0.0079741404289,1/31/14,11/2/18,1736.00,11/2/18,1/25/16,724.00,19268.26,416.99,19268.26,0.00,1
CI,385272,Vehicles (Consumer) - IL,0.085000,0.0068214933660,2/10/14,10/30/14,262.00,10/30/14,5/18/16,828.00,34932.48,4133.85,34932.48,1000.00,0
CI,12200,Vehicles (Consumer) - IL,0.080000,0.0064340301100,2/11/14,4/20/20,2260.00,4/20/20,7/25/18,1625.00,59000.00,990.73,59000.00,0.00,1
CI,641505,Vehicles (Consumer) - IL,0.100000,0.0079741404289,2/12/14,4/12/16,790.00,4/12/16,7/8/15,511.00,4503.50,190.28,4503.50,0.00,1
CI,879541,Vehicles (Consumer) - IL,0.100000,0.0079741404289,2/26/14,2/26/17,1096.00,2/26/17,10/7/16,954.00,193.42,6.12,193.42,0.00,1
CI,153746,Vehicles (Consumer) - IL,0.140000,0.0109788519502,2/24/14,2/24/18,1461.00,2/24/18,3/9/16,744.00,8144.59,216.81,8144.59,0.00,1
CI,973856,Vehicles (Consumer) - IL,0.120000,0.0094887929346,2/24/14,4/5/15,405.00,4/5/15,6/8/15,469.00,973.14,77.14,973.14,0.00,1
CI,790182,Vehicles (Consumer) - IL,0.080000,0.0064340301100,2/24/14,3/24/20,2220.00,3/24/20,11/7/16,987.00,9000.98,153.26,9000.98,0.00,1
CI,194945,Vehicles (Consumer) - IL,0.100000,0.0079741404289,2/26/14,2/26/20,2191.00,2/26/20,8/5/15,525.00,12757.06,231.12,12757.06,0.00,1
CI,860124,Vehicles (Consumer) - IL,0.100000,0.0079741404289,2/27/14,5/27/18,1550.00,5/27/18,1/20/16,692.00,4135.85,97.98,4135.85,0.00,1
CI,745513,Vehicles (Consumer) - IL,0.140000,0.0109788519502,3/3/14,3/3/18,1461.00,3/3/18,5/12/15,435.00,1294.41,34.46,1294.41,0.00,1
CI,260414,Vehicles (Consumer) - IL,0.090000,0.0072073233161,3/13/14,6/17/18,1557.00,6/17/18,9/28/17,1295.00,30000.00,694.93,30000.00,0.00,1
CI,770281,Vehicles (Consumer) - IL,0.100000,0.0079741404289,3/17/14,3/17/19,1826.00,3/17/19,9/4/14,171.00,13304.19,276.75,13304.19,0.00,1
CI,383001,Vehicles (Consumer) - IL,0.100000,0.0079741404289,3/19/14,3/28/17,1105.00,3/28/17,2/16/16,699.00,2823.88,88.78,2823.88,0.00,1
CI,980066,Vehicles (Consumer) - IL,0.100000,0.0079741404289,3/20/14,8/20/17,1249.00,8/20/17,2/2/16,684.00,580.00,16.43,580.00,0.00,1
CI,543678,Vehicles (Consumer) - IL,0.100000,0.0079741404289,3/21/14,3/21/21,2557.00,3/21/21,6/28/19,1925.00,1738.19,28.18,1738.19,0.00,1
CI,631907,Vehicles (Consumer) - IL,0.140000,0.0109788519502,3/24/14,5/24/18,1522.00,5/24/18,1/6/16,653.00,6563.12,169.41,6563.12,0.00,1
CI,911314,Vehicles (Consumer) - IL,0.100000,0.0079741404289,3/25/14,6/25/22,3014.00,6/25/22,9/11/15,535.00,13500.00,195.82,13500.00,0.00,1
CI,81223,Vehicles (Consumer) - IL,0.095000,0.0075915342906,3/28/14,9/28/14,184.00,2/2/23,12/30/19,2103.00,30000.00,5024.60,27295.51,3044.44,0
CI,85734,Vehicles (Consumer) - IL,0.095000,0.0075915342906,4/1/14,12/1/19,2070.00,12/1/19,4/5/17,1100.00,25733.61,480.50,25733.61,0.00,1
CI,33809,Vehicles (Consumer) - IL,0.100000,0.0079741404289,4/1/14,4/1/18,1461.00,4/1/18,9/8/15,525.00,258.04,6.41,258.04,0.00,1
CI,392810,Vehicles (Consumer) - IL,0.100000,0.0079741404289,4/8/14,11/20/21,2783.00,11/20/21,3/23/18,1445.00,20575.11,314.70,20575.11,0.00,1
CI,493133,Vehicles (Consumer) - IL,0.140000,0.0109788519502,4/10/14,4/10/19,1826.00,4/10/19,1/11/18,1372.00,8171.33,184.77,8171.33,5300.00,1
CI,542095,Vehicles (Consumer) - IL,0.140000,0.0109788519502,4/15/14,4/15/18,1461.00,4/15/18,10/23/15,556.00,8981.68,239.09,8981.68,0.00,1
CI,376085,Vehicles (Consumer) - IL,0.100000,0.0079741404289,4/17/14,4/17/19,1826.00,4/17/19,9/18/15,519.00,303.50,6.31,303.50,0.00,1
CI,416254,Vehicles (Consumer) - IL,0.090000,0.0072073233161,4/17/14,12/17/18,1705.00,12/17/18,5/7/19,1846.00,45000.00,967.80,44900.00,0.00,1
CI,506046,Vehicles (Consumer) - IL,0.095000,0.0075915342906,6/13/14,6/13/18,1461.00,6/13/18,6/22/17,1105.00,9598.11,236.50,9598.11,0.00,1
CI,262730,Vehicles (Consumer) - IL,0.100000,0.0079741404289,4/18/14,5/3/15,380.00,5/3/15,10/3/14,168.00,770.89,64.23,770.89,0.00,1
CI,277676,Vehicles (Consumer) - IL,0.095000,0.0075915342906,4/25/14,4/16/21,2548.00,4/16/21,6/28/16,795.00,90037.92,1442.22,90037.92,0.00,1
CI,739894,Vehicles (Consumer) - IL,0.100000,0.0079741404289,4/28/14,7/28/20,2283.00,7/28/20,9/21/15,511.00,4837.53,85.04,4837.53,0.00,1
CI,744571,Vehicles (Consumer) - IL,0.100000,0.0079741404289,4/28/14,8/28/15,487.00,8/28/15,10/6/15,526.00,842.38,55.53,842.38,0.00,1
CI,94307,Vehicles (Consumer) - IL,0.100000,0.0079741404289,4/30/14,4/30/19,1826.00,7/30/19,12/11/19,2051.00,12000.00,249.62,1305.89,400.00,1
CI,666459,Vehicles (Consumer) - IL,0.100000,0.0079741404289,5/5/14,5/5/18,1461.00,5/5/18,4/21/17,1082.00,4183.62,104.00,4183.62,0.00,1
CI,895476,Vehicles (Consumer) - IL,0.100000,0.0079741404289,5/6/14,5/6/20,2192.00,12/6/20,12/17/19,2051.00,25841.44,468.02,11432.29,11432.29,1
CI,601764,Vehicles (Consumer) - IL,0.100000,0.0079741404289,5/7/14,5/25/20,2210.00,5/25/20,1/6/16,609.00,10365.45,186.60,10365.45,0.00,1
CI,745851,Commercial/Ind.(not prime sec RE)CL,0.090000,0.0072073233161,5/13/14,5/13/20,2192.00,3/31/20,6/29/20,2239.00,75000.00,1323.96,8180.00,0.00,1
CI,112714,Vehicles (Consumer) - IL,0.100000,0.0079741404289,5/15/14,5/15/16,731.00,5/15/16,4/21/17,1072.00,756.26,34.27,756.26,0.00,1
CI,572745,Vehicles (Consumer) - IL,0.100000,0.0079741404289,5/15/14,1/15/20,2071.00,1/15/20,9/28/18,1597.00,19475.00,367.94,19475.00,0.00,1
CI,287979,Vehicles (Consumer) - IL,0.095000,0.0075915342906,5/19/14,5/19/18,1461.00,5/19/18,5/14/18,1456.00,925.00,22.79,925.00,0.00,1
CI,825111,Vehicles (Consumer) - IL,0.100000,0.0079741404289,6/2/14,6/17/20,2207.00,6/17/20,8/24/15,448.00,25848.63,465.80,25848.63,0.00,1
CI,982982,Vehicles (Consumer) - IL,0.140000,0.0109788519502,5/28/14,5/28/19,1826.00,5/28/19,9/12/17,1203.00,7312.90,165.36,7312.90,0.00,1
CI,838947,Vehicles (Consumer) - IL,0.090000,0.0072073233161,6/2/14,6/2/20,2192.00,6/2/20,5/13/15,345.00,5100.00,90.03,5100.00,0.00,1
CI,707567,Vehicles (Consumer) - IL,0.140000,0.0109788519502,6/5/14,6/17/17,1108.00,6/17/17,2/3/17,974.00,5532.22,183.01,5532.22,120.00,1
CI,207683,Vehicles (Consumer) - IL,0.100000,0.0079741404289,6/5/14,6/5/15,365.00,6/5/15,,-41795.00,2000.00,173.14,2000.00,0.00,1
CI,573072,Vehicles (Consumer) - IL,0.100000,0.0079741404289,6/5/14,6/5/16,731.00,6/5/16,1/11/16,585.00,881.77,39.96,881.77,0.00,1
CI,772422,Vehicles (Consumer) - IL,0.100000,0.0079741404289,6/12/14,12/12/15,548.00,12/12/15,3/27/15,288.00,1693.50,99.99,1693.50,0.00,1
CI,970751,Vehicles (Consumer) - IL,0.120000,0.0094887929346,6/17/14,6/17/19,1826.00,6/17/19,11/3/15,504.00,4517.28,98.04,4517.28,0.00,1
CI,849306,Vehicles (Consumer) - IL,0.100000,0.0079741404289,6/19/14,6/19/18,1461.00,6/19/18,11/6/18,1601.00,4670.68,116.11,4540.00,0.00,1
CI,68496,Vehicles (Consumer) - IL,0.120000,0.0094887929346,6/23/14,6/23/18,1461.00,6/23/18,10/6/14,105.00,9688.19,249.35,9688.19,45.13,1
CI,272262,Vehicles (Consumer) - IL,0.100000,0.0079741404289,6/23/14,6/23/15,365.00,6/23/15,12/15/14,175.00,2144.66,185.66,2144.66,0.00,1
CI,992167,Vehicles (Consumer) - IL,0.090000,0.0072073233161,6/25/14,7/25/16,761.00,7/25/16,11/13/15,506.00,1188.72,51.44,1188.72,1045.62,1
CI,241252,Vehicles (Consumer) - IL,0.100000,0.0079741404289,6/23/14,6/23/21,2557.00,6/23/21,2/5/15,227.00,8335.23,135.14,8335.23,0.00,1
CI,769559,Vehicles (Consumer) - IL,0.140000,0.0109788519502,6/26/14,12/26/14,183.00,12/26/14,10/10/14,106.00,986.07,168.01,986.07,0.00,0
CI,64016,Vehicles (Consumer) - IL,0.100000,0.0079741404289,6/26/14,3/20/20,2094.00,3/20/20,3/1/17,979.00,4951.24,92.77,4951.24,0.00,1
CI,161489,Vehicles (Consumer) - IL,0.100000,0.0079741404289,7/1/14,7/1/19,1826.00,7/1/19,2/3/16,582.00,7699.43,160.16,7699.43,0.00,1
CI,772241,Vehicles (Consumer) - IL,0.090000,0.0072073233161,7/3/14,7/3/22,2922.00,12/3/27,6/24/24,3644.00,69664.29,997.89,37845.00,0.00,1
CI,764285,Vehicles (Consumer) - IL,0.140000,0.0109788519502,7/7/14,7/7/19,1826.00,7/7/19,10/2/15,452.00,3737.61,84.52,3737.61,0.00,1
CI,352076,Vehicles (Consumer) - IL,0.100000,0.0079741404289,7/11/14,8/11/18,1492.00,8/11/18,3/29/19,1722.00,3064.22,74.88,2889.57,0.00,1
CI,484805,Vehicles (Consumer) - IL,0.100000,0.0079741404289,7/8/14,7/8/19,1826.00,7/8/19,3/13/18,1344.00,5435.24,113.06,5435.24,0.00,1
CI,957256,Vehicles (Consumer) - IL,0.100000,0.0079741404289,7/8/14,7/8/19,1826.00,7/8/19,5/26/16,688.00,8821.00,183.49,8821.00,0.00,1
CI,290713,Vehicles (Consumer) - IL,0.140000,0.0109788519502,7/11/14,7/11/18,1461.00,7/11/18,10/4/21,2642.00,6209.54,165.30,6209.54,2800.00,1
CI,500022,Vehicles (Consumer) - IL,0.140000,0.0109788519502,7/18/14,9/5/19,1875.00,9/5/19,8/3/16,747.00,16925.84,375.70,16925.84,0.00,1
CI,193730,Vehicles (Consumer) - IL,0.100000,0.0079741404289,7/21/14,9/21/21,2619.00,9/21/21,3/6/17,959.00,11701.54,186.58,11701.54,11701.54,1
CI,971024,Vehicles (Consumer) - IL,0.100000,0.0079741404289,7/29/14,8/12/20,2206.00,8/12/20,6/7/16,679.00,2071.45,37.34,2071.45,0.00,1
CI,253728,Vehicles (Consumer) - IL,0.100000,0.0079741404289,8/4/14,8/4/15,365.00,8/4/15,7/22/15,352.00,1091.13,94.46,1091.13,0.00,1
CI,261210,Vehicles (Consumer) - IL,0.120000,0.0094887929346,8/7/14,8/7/15,365.00,8/7/15,12/19/14,134.00,1159.36,101.35,1159.36,0.00,1
CI,883963,Vehicles (Consumer) - IL,0.100000,0.0079741404289,8/8/14,10/8/15,426.00,10/8/15,7/12/16,704.00,343.98,25.72,343.98,0.00,1
CI,836464,Vehicles (Consumer) - IL,0.100000,0.0079741404289,8/12/14,8/12/15,365.00,8/12/15,8/2/17,1086.00,292.91,25.36,292.91,0.00,1
CI,406464,Vehicles (Consumer) - IL,0.100000,0.0079741404289,8/13/14,8/13/16,731.00,8/13/16,12/14/15,488.00,5450.82,247.02,5450.82,0.00,1
CI,840260,Commercial/Ind.(not prime sec RE)CL,0.080000,0.0064340301100,8/14/14,8/14/19,1826.00,8/14/19,9/26/19,1869.00,300000.00,5972.38,72634.30,0.00,1
CI,107406,Vehicles (Consumer) - IL,0.140000,0.0109788519502,8/14/14,11/14/16,823.00,11/14/16,2/10/16,545.00,3747.31,158.94,3747.31,0.00,1
CI,40631,Vehicles (Consumer) - IL,0.100000,0.0079741404289,8/15/14,8/15/19,1826.00,8/15/19,10/22/15,433.00,11083.48,230.56,11083.48,0.00,1
CI,372647,Vehicles (Consumer) - IL,0.100000,0.0079741404289,8/25/14,8/25/20,2192.00,8/25/20,6/14/16,659.00,11762.74,213.04,11762.74,0.00,1
CI,249615,Vehicles (Consumer) - IL,0.100000,0.0079741404289,8/29/14,8/29/17,1096.00,8/29/17,11/27/17,1186.00,4446.50,140.78,4446.50,0.00,1
CI,21201,Vehicles (Consumer) - IL,0.075000,0.0060449190243,8/29/14,12/29/18,1583.00,12/29/18,12/29/17,1218.00,36644.66,813.18,36644.66,0.00,1
CI,711790,Vehicles (Consumer) - IL,0.100000,0.0079741404289,9/2/14,9/15/20,2205.00,9/15/20,11/19/14,78.00,19400.00,349.83,19400.00,1000.00,1
CI,69002,Vehicles (Consumer) - IL,0.080000,0.0064340301100,9/4/14,5/4/15,242.00,5/4/15,6/8/15,277.00,2500.00,319.03,2500.00,0.00,1
CI,962189,Vehicles (Consumer) - IL,0.140000,0.0109788519502,9/5/14,9/5/19,1826.00,9/5/19,12/22/16,839.00,3269.59,73.93,3269.59,0.00,1
CI,73255,Vehicles (Consumer) - IL,0.100000,0.0079741404289,9/10/14,9/10/17,1096.00,9/10/17,12/3/18,1545.00,53.90,1.71,49.02,0.00,1
CI,744241,Commercial/Ind.(not prime sec RE)CL,0.090000,0.0072073233161,9/16/14,12/16/23,3378.00,12/16/23,5/5/20,2058.00,27712.32,360.18,26962.32,6000.00,1
CI,215073,Vehicles (Consumer) - IL,0.100000,0.0079741404289,9/18/14,7/18/20,2130.00,7/18/20,7/5/16,656.00,4840.42,89.55,4840.42,0.00,1
CI,672849,Vehicles (Consumer) - IL,0.100000,0.0079741404289,9/19/14,9/19/17,1096.00,9/19/17,11/2/16,775.00,4145.28,131.24,4145.28,0.00,1
CI,35816,Vehicles (Consumer) - IL,0.100000,0.0079741404289,9/30/14,12/15/15,441.00,12/15/15,,-41912.00,15000.00,1085.44,15000.00,0.00,1
CI,126497,Vehicles (Consumer) - IL,0.085000,0.0068214933660,10/1/14,10/1/21,2557.00,10/27/22,9/28/20,2189.00,48005.59,744.60,31746.53,31746.53,1
CI,673355,Vehicles (Consumer) - IL,0.120000,0.0094887929346,10/3/14,12/20/18,1539.00,12/20/18,8/24/18,1421.00,3173.38,78.42,3173.38,0.00,1
CI,947701,Vehicles (Consumer) - IL,0.140000,0.0109788519502,10/14/14,4/14/18,1278.00,4/14/18,3/18/19,1616.00,10755.00,317.45,10155.00,0.00,1
CI,18972,Consumer Loan - Other - IL,0.075000,0.0060449190243,10/15/14,10/15/16,731.00,10/15/16,9/28/18,1444.00,11905.00,526.92,11905.00,6000.00,1
CI,439007,Vehicles (Consumer) - IL,0.120000,0.0094887929346,10/16/14,10/17/15,366.00,10/17/15,7/26/16,649.00,910.58,79.39,910.58,0.00,1
CI,966268,Vehicles (Consumer) - IL,0.100000,0.0079741404289,10/20/14,4/20/20,2009.00,4/20/20,5/9/19,1662.00,2897.54,56.01,2695.86,2695.86,1
CI,665606,Vehicles (Consumer) - IL,0.100000,0.0079741404289,10/20/14,10/20/20,2192.00,10/20/20,5/30/18,1318.00,36186.60,655.38,36186.60,0.00,1
CI,454734,Vehicles (Consumer) - IL,0.100000,0.0079741404289,10/27/14,12/27/20,2253.00,12/27/20,4/9/19,1625.00,11555.62,205.11,11555.62,0.00,1
CI,857624,Vehicles (Consumer) - IL,0.120000,0.0094887929346,10/29/14,1/29/19,1553.00,1/29/19,3/1/19,1584.00,11523.98,282.78,11323.98,0.00,1
CI,99424,Agricultural/Other Lns to Farms -CL,0.080000,0.0064340301100,10/31/14,8/4/17,1008.00,8/4/18,9/10/19,1775.00,6500.00,215.74,4692.55,0.00,1
CI,688197,Vehicles (Consumer) - IL,0.120000,0.0094887929346,11/3/14,5/20/20,2025.00,5/20/20,6/4/15,213.00,12440.23,250.42,12440.23,0.00,1
CI,823839,Vehicles (Consumer) - IL,0.100000,0.0079741404289,11/6/14,11/6/20,2192.00,11/6/20,6/12/17,949.00,20901.97,378.56,20901.97,0.00,1
CI,810012,Vehicles (Consumer) - IL,0.100000,0.0079741404289,11/12/14,11/12/20,2192.00,11/12/20,8/20/15,281.00,6000.00,108.67,6000.00,0.00,1
CI,973196,Vehicles (Consumer) - IL,0.120000,0.0094887929346,11/14/14,11/10/15,361.00,11/10/15,8/27/15,286.00,748.72,66.13,748.72,0.00,1
CI,133549,Vehicles (Consumer) - IL,0.140000,0.0109788519502,11/13/14,11/13/19,1826.00,11/13/19,11/3/15,355.00,7161.99,161.95,7161.99,0.00,1
CI,395700,Vehicles (Consumer) - IL,0.100000,0.0079741404289,11/14/14,11/14/20,2192.00,11/14/20,2/9/15,87.00,2424.99,43.92,2424.99,0.00,1
CI,303935,Vehicles (Consumer) - IL,0.100000,0.0079741404289,11/14/14,5/14/19,1642.00,5/14/19,9/6/16,662.00,1275.44,28.85,1275.44,0.00,1
CI,940572,Vehicles (Consumer) - IL,0.120000,0.0094887929346,11/17/14,11/17/18,1461.00,11/17/18,11/3/15,351.00,2109.64,54.30,2109.64,0.00,1
CI,105713,Vehicles (Consumer) - IL,0.100000,0.0079741404289,11/18/14,12/20/19,1858.00,12/20/19,12/8/15,385.00,9328.04,191.44,9328.04,0.00,1
CI,774438,Vehicles (Consumer) - IL,0.100000,0.0079741404289,11/18/14,4/18/15,151.00,4/18/15,,-41961.00,2000.00,406.96,2000.00,0.00,1
CI,361668,Vehicles (Consumer) - IL,0.140000,0.0109788519502,11/18/14,11/18/18,1461.00,11/18/18,8/18/16,639.00,4225.28,112.48,4225.28,0.00,1
CI,86701,Vehicles (Consumer) - IL,0.100000,0.0079741404289,11/20/14,5/20/19,1642.00,5/20/19,10/5/15,319.00,12331.94,278.93,12331.94,0.00,1
CI,75102,Vehicles (Consumer) - IL,0.100000,0.0079741404289,11/20/14,11/20/15,365.00,4/15/21,6/18/19,1671.00,6135.91,531.19,3155.48,3036.33,1
CI,574384,Vehicles (Consumer) - IL,0.080000,0.0064340301100,11/24/14,11/24/18,1461.00,11/24/18,9/28/18,1404.00,2442.81,58.59,2442.81,0.00,1
CI,954277,Vehicles (Consumer) - IL,0.080000,0.0064340301100,11/25/14,5/25/17,912.00,5/25/17,9/22/17,1032.00,9014.39,327.42,9014.39,0.00,1
CI,483069,Vehicles (Consumer) - IL,0.095000,0.0075915342906,11/25/14,9/25/20,2131.00,9/25/20,9/28/18,1403.00,13527.82,247.09,13527.82,0.00,1
CI,906283,Vehicles (Consumer) - IL,0.110000,0.0087345938236,11/25/14,11/25/15,365.00,11/25/15,1/4/17,771.00,826.05,71.86,826.05,0.00,1
CI,971366,Vehicles (Consumer) - IL,0.120000,0.0094887929346,12/1/14,6/15/15,196.00,6/15/15,2/26/15,87.00,339.71,53.87,339.71,0.00,1
CI,120750,Vehicles (Consumer) - IL,0.090000,0.0072073233161,12/3/14,1/3/22,2588.00,1/3/22,7/3/19,1673.00,10130.64,158.11,9312.20,9312.20,1
CI,28253,Vehicles (Consumer) - IL,0.140000,0.0109788519502,12/8/14,6/8/16,548.00,6/8/16,7/7/16,577.00,1388.74,84.32,1388.74,0.00,1
CI,193093,Vehicles (Consumer) - IL,0.100000,0.0079741404289,12/9/14,12/9/21,2557.00,12/9/21,6/17/19,1651.00,12709.52,206.06,11522.46,10889.69,1
CI,155013,Vehicles (Consumer) - IL,0.140000,0.0109788519502,12/12/14,12/12/15,365.00,12/12/15,6/26/15,196.00,569.86,50.29,569.86,0.00,1
CI,602511,Vehicles (Consumer) - IL,0.100000,0.0079741404289,12/12/14,12/12/20,2192.00,12/12/20,3/14/18,1188.00,12323.30,223.19,12323.30,0.00,1
CI,506889,Vehicles (Consumer) - IL,0.140000,0.0109788519502,12/16/14,4/23/19,1589.00,4/23/19,4/4/16,475.00,3116.48,77.91,3116.48,0.00,1
CI,27674,Vehicles (Consumer) - IL,0.120000,0.0094887929346,12/17/14,2/17/19,1523.00,2/17/19,4/20/18,1220.00,4660.65,116.11,4660.65,0.00,1
CI,946925,Vehicles (Consumer) - IL,0.100000,0.0079741404289,12/18/14,10/18/20,2131.00,10/18/20,7/20/18,1310.00,1675.66,30.99,1675.66,0.00,1
CI,447234,Vehicles (Consumer) - IL,0.100000,0.0079741404289,12/19/14,12/19/15,365.00,12/19/15,,-41992.00,2318.38,200.70,2318.38,0.00,1
CI,305583,Vehicles (Consumer) - IL,0.100000,0.0079741404289,12/19/14,12/19/15,365.00,12/19/15,,-41992.00,7060.58,611.24,7060.58,0.00,1
CI,962823,Vehicles (Consumer) - IL,0.090000,0.0072073233161,12/29/14,12/29/18,1461.00,12/29/18,4/20/18,1208.00,17252.54,421.33,17252.54,0.00,1
CI,99016,Vehicles (Consumer) - IL,0.090000,0.0072073233161,12/30/14,9/22/18,1362.00,9/22/18,12/29/17,1095.00,20000.00,518.10,20000.00,0.00,1
CI,577698,Vehicles (Consumer) - IL,0.140000,0.0109788519502,12/30/14,6/30/17,913.00,6/30/17,9/13/17,988.00,9761.12,379.04,9761.12,0.00,1
CI,342248,Vehicles (Consumer) - IL,0.00001%,0.00000%,1/12/15,10/12/26,4291,10/12/26,3/16/17,794,$850.00,$5.94 ,$850.00,$850.00,"$8,600.00"
CI,516815,Vehicles (Consumer) - IL,0.100000,0.0079741404289,1/13/15,7/13/19,1642.00,7/13/19,12/3/15,324.00,5497.78,124.35,5497.78,0.00,1
CI,812751,Vehicles (Consumer) - IL,0.100000,0.0079741404289,1/26/15,1/26/21,2192.00,1/26/21,9/13/17,961.00,3060.00,55.42,3060.00,0.00,1
CI,809906,Vehicles (Consumer) - IL,0.100000,0.0079741404289,2/4/15,7/4/21,2342.00,7/4/21,7/7/16,519.00,42185.88,728.00,42185.88,3000.00,1
CI,796632,Vehicles (Consumer) - IL,0.140000,0.0109788519502,2/12/15,8/12/16,547.00,8/12/16,2/4/16,357.00,1824.22,110.94,1824.22,0.00,1
CI,853172,Vehicles (Consumer) - IL,0.100000,0.0079741404289,2/23/15,2/23/17,731.00,2/23/17,3/21/16,392.00,1566.33,70.98,1566.33,0.00,1
CI,576095,Vehicles (Consumer) - IL,0.100000,0.0079741404289,2/26/15,7/26/22,2707.00,7/26/22,6/28/19,1583.00,8134.78,126.79,8134.78,0.00,1
CI,530851,Vehicles (Consumer) - IL,0.090000,0.0072073233161,2/27/15,3/8/22,2566.00,3/8/22,7/8/19,1592.00,9185.01,144.24,8426.55,8426.55,1
CI,22899,Vehicles (Consumer) - IL,0.140000,0.0109788519502,2/27/15,8/27/20,2008.00,8/27/20,10/27/16,608.00,7917.88,167.66,7917.88,0.00,1
CI,7719,Vehicles (Consumer) - IL,0.100000,0.0079741404289,3/2/15,9/30/16,578.00,9/30/16,6/8/16,464.00,1281.16,72.00,1281.16,0.00,1
CI,420428,Vehicles (Consumer) - IL,0.100000,0.0079741404289,3/2/15,3/2/17,731.00,3/2/17,10/5/15,217.00,2391.51,108.38,2391.51,0.00,1
CI,791929,Vehicles (Consumer) - IL,0.110000,0.0087345938236,3/2/15,3/2/20,1827.00,3/2/20,5/2/17,792.00,6372.18,135.36,6372.18,0.00,1
CI,251947,Vehicles (Consumer) - IL,0.140000,0.0109788519502,3/4/15,8/4/20,1980.00,8/4/20,3/11/19,1468.00,11219.97,239.86,10916.14,0.00,1
CI,138185,Vehicles (Consumer) - IL,0.110000,0.0087345938236,3/6/15,3/6/20,1827.00,3/6/20,10/19/16,593.00,8000.00,169.94,8000.00,0.00,1
CI,584535,Vehicles (Consumer) - IL,0.120000,0.0094887929346,3/9/15,3/9/17,731.00,3/9/17,5/26/16,444.00,4666.90,215.43,4666.90,0.00,1
CI,46921,Vehicles (Consumer) - IL,0.140000,0.0109788519502,3/10/15,3/10/19,1461.00,3/10/19,3/28/16,384.00,8578.78,228.37,8578.78,0.00,1
CI,477751,Vehicles (Consumer) - IL,0.105000,0.0083551556836,3/11/15,12/11/16,641.00,12/11/16,5/24/16,440.00,2087.93,107.11,2087.93,0.00,1
CI,575269,Vehicles (Consumer) - IL,0.100000,0.0079741404289,3/12/15,9/12/19,1645.00,9/12/19,2/3/17,694.00,3195.04,72.16,3195.04,0.00,1
CI,940464,Consumer Loan - Other - IL,0.100000,0.0079741404289,3/12/15,12/15/19,1739.00,12/15/19,9/17/19,1650.00,2220.78,48.00,2220.27,2220.27,1
CI,607951,Vehicles (Consumer) - IL,0.080000,0.0064340301100,3/13/15,3/13/20,1827.00,3/13/20,10/4/17,936.00,9352.07,186.10,9352.07,0.00,1
CI,586502,Vehicles (Consumer) - IL,0.100000,0.0079741404289,3/16/15,3/16/20,1827.00,3/16/20,11/7/16,602.00,12513.37,260.19,12513.37,0.00,1
CI,815137,Vehicles (Consumer) - IL,0.120000,0.0094887929346,3/17/15,3/17/21,2192.00,3/17/21,3/19/19,1463.00,9060.97,172.49,8652.01,3000.00,1
CI,224823,Vehicles (Consumer) - IL,0.100000,0.0079741404289,3/24/15,3/24/20,1827.00,3/24/20,6/21/19,1550.00,4663.67,96.97,4275.39,0.00,1
CI,530054,Vehicles (Consumer) - IL,0.140000,0.0109788519502,3/24/15,3/24/20,1827.00,3/24/20,11/13/15,234.00,16661.86,376.62,16661.86,0.00,1
CI,993330,Vehicles (Consumer) - IL,0.100000,0.0079741404289,3/30/15,3/31/21,2193.00,3/31/21,12/14/16,625.00,16948.43,306.85,16948.43,0.00,1
CI,285610,Vehicles (Consumer) - IL,0.110000,0.0087345938236,3/31/15,6/30/15,91.00,6/30/15,,-42094.00,5500.00,1845.22,5500.00,0.00,1
CI,697652,Vehicles (Consumer) - IL,0.140000,0.0109788519502,3/31/15,3/31/19,1461.00,3/31/19,9/22/16,541.00,9363.66,249.26,9363.66,0.00,1
CI,919845,Vehicles (Consumer) - IL,0.140000,0.0109788519502,4/1/15,11/1/18,1310.00,11/1/18,1/31/19,1401.00,1472.90,42.64,1377.19,0.00,1
CI,176905,Vehicles (Consumer) - IL,0.100000,0.0079741404289,4/3/15,4/3/20,1827.00,4/3/20,12/3/15,244.00,1542.93,32.08,1542.93,0.00,1
CI,978424,Vehicles (Consumer) - IL,0.100000,0.0079741404289,4/9/15,4/20/20,1838.00,4/20/20,4/5/17,727.00,4344.97,89.92,4344.97,0.00,1
CI,751890,Vehicles (Consumer) - IL,0.090000,0.0072073233161,4/10/15,4/10/21,2192.00,4/10/21,7/26/16,473.00,26877.75,474.47,26877.75,0.00,1
CI,227251,Vehicles (Consumer) - IL,0.100000,0.0079741404289,4/13/15,4/13/22,2557.00,4/13/22,9/30/19,1631.00,36165.71,586.35,12000.00,0.00,1
CI,437944,Vehicles (Consumer) - IL,0.100000,0.0079741404289,4/20/15,4/20/21,2192.00,4/20/21,3/1/17,681.00,8138.29,147.39,8138.29,0.00,1
CI,60567,Vehicles (Consumer) - IL,0.100000,0.0079741404289,4/20/15,4/20/21,2192.00,4/20/21,6/28/19,1530.00,5095.73,92.29,5095.73,0.00,1
CI,677687,Vehicles (Consumer) - IL,0.095000,0.0075915342906,4/21/15,4/21/20,1827.00,4/21/20,8/14/15,115.00,8661.52,178.16,8661.52,500.00,1
CI,355762,Vehicles (Consumer) - IL,0.100000,0.0079741404289,4/29/15,10/29/20,2010.00,10/29/20,4/10/19,1442.00,6169.53,119.22,6169.53,0.00,1
CI,27529,Vehicles (Consumer) - IL,0.140000,0.0109788519502,4/30/15,4/30/19,1461.00,4/30/19,6/11/15,42.00,5106.74,135.94,5106.74,0.00,1
CI,2214,Consumer Loan - Other - IL,0.100000,0.0079741404289,5/1/15,5/1/20,1827.00,5/1/20,9/28/18,1246.00,12638.71,262.80,12638.71,0.00,1
CI,165078,Vehicles (Consumer) - IL,0.120000,0.0094887929346,5/6/15,9/6/20,1950.00,9/6/20,6/28/19,1514.00,9536.87,197.26,9536.87,0.00,1
CI,886388,Vehicles (Consumer) - IL,0.100000,0.0079741404289,5/12/15,5/12/21,2192.00,5/12/21,3/13/17,671.00,12328.99,223.29,12328.99,0.00,1
CI,388072,Vehicles (Consumer) - IL,0.120000,0.0094887929346,5/13/15,5/13/21,2192.00,5/13/24,2/9/21,2099.00,28031.94,533.64,8197.07,0.00,1
CI,276136,Vehicles (Consumer) - IL,0.090000,0.0072073233161,4/23/15,12/23/18,1340.00,12/23/18,5/7/19,1475.00,25000.00,656.62,24900.00,0.00,1
CI,92068,Vehicles (Consumer) - IL,0.100000,0.0079741404289,5/18/15,5/18/22,2557.00,5/18/22,4/14/17,697.00,2039.38,33.06,2039.38,0.00,1
CI,376165,Vehicles (Consumer) - IL,0.100000,0.0079741404289,5/21/15,5/21/21,2192.00,5/21/21,4/18/16,333.00,27579.15,499.49,27579.15,0.00,1
CI,925751,Vehicles (Consumer) - IL,0.100000,0.0079741404289,5/22/15,10/6/25,3790.00,10/6/25,4/5/19,1414.00,12532.51,157.78,12532.51,0.00,1
CI,756790,Vehicles (Consumer) - IL,0.100000,0.0079741404289,5/22/15,6/22/20,1858.00,6/22/20,5/18/16,362.00,21400.39,439.21,21400.39,0.00,1
CI,507773,Vehicles (Consumer) - IL,0.140000,0.0109788519502,5/22/15,5/22/19,1461.00,5/22/19,6/17/19,1487.00,4665.79,124.20,4110.34,4110.34,1
CI,256788,Recreational Vehicles (Consumer) IL,0.100000,0.0079741404289,5/22/15,5/22/20,1827.00,10/22/20,6/29/20,1865.00,13924.09,289.52,3655.30,0.00,1
CI,342947,Vehicles (Consumer) - IL,0.100000,0.0079741404289,6/4/15,6/4/18,1096.00,6/4/18,8/2/17,790.00,4484.81,141.99,4484.81,0.00,1
CI,168844,Vehicles (Consumer) - IL,0.090000,0.0072073233161,5/29/15,1/15/23,2788.00,1/15/23,6/7/19,1470.00,12613.58,186.69,12113.58,0.00,1
CI,299307,Vehicles (Consumer) - IL,0.120000,0.0094887929346,5/29/15,5/29/20,1827.00,5/29/20,1/31/19,1343.00,2487.06,53.96,2487.06,0.00,1
CI,816857,Vehicles (Consumer) - IL,0.140000,0.0109788519502,5/29/15,7/29/18,1157.00,7/29/18,11/15/16,536.00,2927.51,93.52,2927.51,0.00,1
CI,705629,Vehicles (Consumer) - IL,0.100000,0.0079741404289,6/4/15,6/4/18,1096.00,6/4/18,3/21/18,1021.00,2640.64,83.60,2640.64,0.00,1
CI,188744,Vehicles (Consumer) - IL,0.110000,0.0087345938236,6/5/15,2/5/17,611.00,2/5/17,11/20/15,168.00,4099.93,220.62,4099.93,0.00,1
CI,357594,Vehicles (Consumer) - IL,0.140000,0.0109788519502,6/5/15,12/5/17,914.00,12/5/17,12/22/16,566.00,3670.06,142.38,3670.06,0.00,1
CI,8762,Vehicles (Consumer) - IL,0.100000,0.0079741404289,6/15/15,1/15/17,580.00,1/15/17,12/13/17,912.00,3400.95,190.52,3400.95,0.00,1
CI,897191,Vehicles (Consumer) - IL,0.100000,0.0079741404289,6/16/15,6/16/20,1827.00,7/16/20,6/29/20,1840.00,16000.00,332.69,813.89,0.00,1
CI,368163,Vehicles (Consumer) - IL,0.140000,0.0109788519502,6/19/15,6/19/17,731.00,6/19/17,9/6/16,445.00,642.65,30.20,642.65,0.00,1
CI,499034,Commercial/Ind.(not prime sec RE)CL,0.090000,0.0072073233161,6/25/15,9/25/21,2284.00,3/31/20,6/29/20,1831.00,99490.19,1702.53,39850.00,0.00,1
CI,212255,Vehicles (Consumer) - IL,0.120000,0.0094887929346,6/26/15,6/26/18,1096.00,6/26/18,10/29/15,125.00,6107.27,198.60,6107.27,0.00,1
CI,950663,Vehicles (Consumer) - IL,0.100000,0.0079741404289,6/26/15,6/26/17,731.00,6/26/17,,-42181.00,2500.00,113.30,2500.00,0.00,1
CI,919617,Vehicles (Consumer) - IL,0.100000,0.0079741404289,6/29/15,12/29/19,1644.00,12/29/19,5/18/16,324.00,10033.14,226.71,10033.14,0.00,1
CI,722723,Vehicles (Consumer) - IL,0.100000,0.0079741404289,7/2/15,7/2/21,2192.00,7/2/21,10/22/15,112.00,15687.60,284.12,15687.60,253.44,1
CI,823185,Vehicles (Consumer) - IL,0.140000,0.0109788519502,7/6/15,7/6/19,1461.00,7/6/19,6/28/19,1453.00,1984.96,52.84,1984.96,0.00,1
CI,99744,Vehicles (Consumer) - IL,0.100000,0.0079741404289,7/9/15,7/9/22,2557.00,7/9/22,11/2/18,1212.00,30748.47,498.52,30360.22,0.00,1
CI,813910,Vehicles (Consumer) - IL,0.100000,0.0079741404289,7/6/15,7/6/18,1096.00,7/6/18,8/28/15,53.00,10313.53,326.54,10313.53,0.00,1
CI,759170,Vehicles (Consumer) - IL,0.100000,0.0079741404289,7/7/15,9/7/20,1889.00,9/7/20,1/31/19,1304.00,10895.37,220.77,9771.46,0.00,1
CI,7385,Vehicles (Consumer) - IL,0.100000,0.0079741404289,7/13/15,12/13/21,2345.00,12/13/21,7/11/18,1094.00,7161.93,123.48,7161.93,0.00,1
CI,373624,Recreational Vehicles (Consumer) IL,0.120000,0.0094887929346,7/14/15,7/14/20,1827.00,2/14/21,6/28/21,2176.00,10500.00,227.80,67.10,67.10,1
CI,683715,Vehicles (Consumer) - IL,0.100000,0.0079741404289,7/14/15,10/14/18,1188.00,10/14/18,9/28/18,1172.00,631.01,18.65,631.01,225.00,1
CI,809750,Vehicles (Consumer) - IL,0.100000,0.0079741404289,7/20/15,7/20/20,1827.00,7/20/20,5/2/17,652.00,4171.60,86.74,4171.60,0.00,1
CI,754143,Vehicles (Consumer) - IL,0.140000,0.0109788519502,7/21/15,1/21/19,1280.00,1/21/19,8/1/17,742.00,3006.01,88.62,3006.01,0.00,1
CI,870565,Vehicles (Consumer) - IL,0.105000,0.0083551556836,7/27/15,7/27/18,1096.00,7/27/18,,-42212.00,11527.04,367.43,11527.04,0.00,1
CI,220324,Vehicles (Consumer) - IL,0.100000,0.0079741404289,7/28/15,7/15/19,1448.00,7/15/19,9/17/19,1512.00,980.95,24.56,980.95,0.00,1
CI,191101,Vehicles (Consumer) - IL,0.140000,0.0109788519502,7/29/15,3/29/18,974.00,3/29/18,3/9/16,224.00,6618.77,243.46,6618.77,0.00,1
CI,545074,Vehicles (Consumer) - IL,0.080000,0.0064340301100,7/30/15,7/30/20,1827.00,7/30/20,11/6/15,99.00,6000.00,119.39,6000.00,6000.00,1
CI,302050,Vehicles (Consumer) - IL,0.105000,0.0083551556836,7/31/15,10/26/21,2279.00,10/26/21,5/14/18,1018.00,12701.09,226.50,12701.09,0.00,1
CI,935911,Vehicles (Consumer) - IL,0.100000,0.0079741404289,8/5/15,8/5/20,1827.00,8/5/20,2/19/16,198.00,2351.90,48.90,2351.90,0.00,1
CI,789526,Vehicles (Consumer) - IL,0.080000,0.0064340301100,8/10/15,2/28/23,2759.00,2/28/23,1/31/19,1270.00,19927.04,287.74,18927.04,0.00,1
CI,554278,Vehicles (Consumer) - IL,0.100000,0.0079741404289,8/11/15,11/25/21,2298.00,11/25/21,5/18/18,1011.00,30634.84,535.98,30634.84,0.00,1
CI,447703,Vehicles (Consumer) - IL,0.100000,0.0079741404289,8/14/15,12/14/22,2679.00,12/14/22,1/31/19,1266.00,16343.77,256.55,14927.54,14927.54,1
CI,894320,Vehicles (Consumer) - IL,0.050000,0.0040741237836,8/14/15,8/14/20,1827.00,8/14/20,10/3/18,1146.00,9266.33,172.12,9235.13,0.00,1
CI,936918,Vehicles (Consumer) - IL,0.100000,0.0079741404289,8/17/15,8/17/19,1461.00,8/17/19,6/17/19,1400.00,6921.85,172.07,6307.38,2600.69,1
CI,904813,Vehicles (Consumer) - IL,0.100000,0.0079741404289,8/17/15,8/17/21,2192.00,8/17/21,7/8/19,1421.00,5306.91,96.11,4721.27,4721.27,1
CI,510508,Vehicles (Consumer) - IL,0.100000,0.0079741404289,8/17/15,10/17/21,2253.00,10/17/21,4/10/18,967.00,1707.46,30.31,1707.46,0.00,1
CI,694365,Vehicles (Consumer) - IL,0.100000,0.0079741404289,8/19/15,12/19/21,2314.00,12/19/21,11/14/18,1183.00,3996.98,69.58,3793.69,0.00,1
CI,43410,Vehicles (Consumer) - IL,0.080000,0.0064340301100,8/20/15,8/20/17,731.00,8/20/17,,-42236.00,8000.00,355.78,8000.00,8000.00,1
CI,17351,Vehicles (Consumer) - IL,0.100000,0.0079741404289,8/21/15,8/21/21,2192.00,8/21/21,5/24/16,277.00,11375.06,206.02,11375.06,0.00,1
CI,390997,Vehicles (Consumer) - IL,0.100000,0.0079741404289,8/24/15,3/24/21,2039.00,3/24/21,12/30/16,494.00,10000.00,191.16,10000.00,0.00,1
CI,951948,Vehicles (Consumer) - IL,0.100000,0.0079741404289,9/30/15,9/30/20,1827.00,9/30/20,1/9/17,467.00,3003.59,62.45,3003.59,0.00,1
CI,945013,Vehicles (Consumer) - IL,0.095000,0.0075915342906,9/3/15,4/10/20,1681.00,4/10/20,4/13/18,953.00,9005.01,197.91,9005.01,0.00,1
CI,200234,Vehicles (Consumer) - IL,0.140000,0.0109788519502,9/4/15,4/4/17,578.00,4/4/17,10/7/16,399.00,1766.81,102.24,1766.81,0.00,1
CI,458115,Vehicles (Consumer) - IL,0.100000,0.0079741404289,9/8/15,9/8/16,366.00,9/8/16,10/26/15,48.00,913.15,78.85,913.15,0.00,1
CI,315992,Vehicles (Consumer) - IL,0.100000,0.0079741404289,9/8/15,9/8/20,1827.00,9/8/20,12/4/17,818.00,640.74,13.32,640.74,0.00,1
CI,727331,Consumer Loan - Other - IL,0.100000,0.0079741404289,9/9/15,9/9/19,1461.00,10/9/19,7/21/20,1777.00,4315.00,107.27,99.38,99.38,1
CI,379569,Vehicles (Consumer) - IL,0.100000,0.0079741404289,9/10/15,11/10/20,1888.00,11/10/20,4/4/16,207.00,15229.01,308.71,15229.01,0.00,1
CI,43512,Vehicles (Consumer) - IL,0.100000,0.0079741404289,9/9/15,9/9/21,2192.00,9/9/21,2/23/18,898.00,0.70,0.01,0.70,0.00,1
CI,683678,Vehicles (Consumer) - IL,0.100000,0.0079741404289,9/15/15,9/15/21,2192.00,9/15/21,1/31/18,869.00,13345.21,241.70,13345.21,0.00,1
CI,105640,Vehicles (Consumer) - IL,0.140000,0.0109788519502,9/16/15,9/16/17,731.00,9/16/17,2/11/16,148.00,3197.01,150.25,3197.01,0.00,1
CI,543350,Vehicles (Consumer) - IL,0.120000,0.0094887929346,9/16/15,9/16/17,731.00,9/16/17,8/2/17,686.00,1008.81,46.57,1008.81,0.00,1
CI,287509,Vehicles (Consumer) - IL,0.100000,0.0079741404289,9/17/15,10/3/18,1112.00,10/3/18,6/18/18,1005.00,3212.45,100.45,3212.45,0.00,1
CI,97648,Vehicles (Consumer) - IL,0.100000,0.0079741404289,9/21/15,3/21/19,1277.00,3/21/19,9/28/16,373.00,3224.70,89.64,3224.70,0.00,1
CI,108056,Vehicles (Consumer) - IL,0.095000,0.0075915342906,9/22/15,9/22/18,1096.00,9/22/18,12/28/15,97.00,3205.68,100.81,3205.68,0.00,1
CI,241340,Vehicles (Consumer) - IL,0.100000,0.0079741404289,9/24/15,9/24/20,1827.00,9/24/20,6/13/17,628.00,4252.81,88.43,4252.81,0.00,1
CI,839854,Vehicles (Consumer) - IL,0.100000,0.0079741404289,9/25/15,11/5/16,407.00,11/5/16,11/23/16,425.00,451.78,35.27,451.78,0.00,1
CI,217743,Commercial/Ind.(not prime sec RE)CL,0.080000,0.0064340301100,9/29/15,9/29/20,1827.00,2/28/21,2/27/20,1612.00,75000.00,1492.43,40929.37,0.00,1
CI,523268,Vehicles (Consumer) - IL,0.100000,0.0079741404289,9/30/15,9/30/20,1827.00,9/30/20,6/30/16,274.00,25617.64,532.67,25617.64,0.00,1
CI,301448,Commercial/Ind.(not prime sec RE)CL,0.080000,0.0064340301100,9/30/15,9/30/21,2192.00,9/30/21,10/10/19,1471.00,300000.00,5159.24,132300.00,0.00,1
CI,20933,Vehicles (Consumer) - IL,0.100000,0.0079741404289,9/30/15,9/30/20,1827.00,9/30/20,,-42277.00,17583.35,365.61,17583.35,0.00,1
CI,508275,Vehicles (Consumer) - IL,0.100000,0.0079741404289,9/30/15,9/30/21,2192.00,9/30/21,5/1/17,579.00,24318.90,440.44,24318.90,0.00,1
CI,316980,Vehicles (Consumer) - IL,0.100000,0.0079741404289,10/1/15,10/1/21,2192.00,10/1/21,1/16/18,838.00,12449.54,225.48,12449.54,0.00,1
CI,975070,Vehicles (Consumer) - IL,0.090000,0.0072073233161,10/1/15,10/1/22,2557.00,10/1/22,9/17/19,1447.00,19697.58,310.11,19697.58,0.00,1
CI,161478,Vehicles (Consumer) - IL,0.090000,0.0072073233161,10/6/15,5/21/20,1689.00,5/21/20,4/20/18,927.00,7489.54,162.31,7489.54,0.00,1
CI,359640,Vehicles (Consumer) - IL,0.100000,0.0079741404289,10/9/15,10/9/21,2192.00,10/9/21,5/20/20,1685.00,29029.61,525.76,7408.00,0.00,1
CI,896845,Vehicles (Consumer) - IL,0.085000,0.0068214933660,10/22/15,6/30/18,982.00,6/30/18,9/21/17,700.00,8600.00,294.04,8600.00,8600.00,1
CI,457277,Vehicles (Consumer) - IL,0.080000,0.0064340301100,10/28/15,10/28/21,2192.00,10/28/21,6/17/19,1328.00,1787.45,30.74,1676.11,80.43,1
CI,360931,Vehicles (Consumer) - IL,0.100000,0.0079741404289,10/28/15,7/15/19,1356.00,7/15/19,9/17/19,1420.00,15379.86,406.60,15379.86,3000.00,1
CI,70032,Vehicles (Consumer) - IL,0.100000,0.0079741404289,10/30/15,10/31/21,2193.00,10/31/21,3/12/18,864.00,2789.40,50.50,2789.40,0.00,1
CI,357860,Agricultural/Other Lns to Farms -CL,0.085000,0.0068214933660,11/2/15,11/2/16,366.00,3/31/20,6/29/20,1701.00,102500.00,8784.70,38000.00,2000.00,1
CI,780466,Vehicles (Consumer) - IL,0.120000,0.0094887929346,11/3/15,11/3/18,1096.00,11/3/18,9/25/17,692.00,6271.43,203.94,6271.43,300.00,1
CI,266672,Vehicles (Consumer) - IL,0.100000,0.0079741404289,11/4/15,4/4/21,1978.00,4/4/21,7/11/19,1345.00,4631.55,90.60,4222.06,64.67,1
CI,60420,Vehicles (Consumer) - IL,0.140000,0.0109788519502,11/6/15,1/6/17,427.00,1/6/17,9/19/16,318.00,1042.81,79.54,1042.81,0.00,1
CI,538025,Vehicles (Consumer) - IL,0.120000,0.0094887929346,11/9/15,11/9/20,1827.00,11/9/20,,-42317.00,9825.44,213.16,9825.44,0.00,1
CI,919057,Vehicles (Consumer) - IL,0.100000,0.0079741404289,11/9/15,7/9/17,608.00,7/9/17,7/5/16,239.00,1720.28,92.26,1720.28,0.00,1
CI,32035,Vehicles (Consumer) - IL,0.100000,0.0079741404289,11/12/15,11/12/22,2557.00,11/12/22,3/8/18,847.00,5550.68,89.99,5550.68,0.00,1
CI,19186,Vehicles (Consumer) - IL,0.090000,0.0072073233161,11/12/15,1/12/23,2618.00,1/12/23,5/3/17,538.00,32671.97,505.70,32671.97,0.00,1
CI,282851,Vehicles (Consumer) - IL,0.100000,0.0079741404289,11/13/15,1/30/20,1539.00,1/30/20,6/17/19,1312.00,3513.35,83.72,3230.98,2517.00,1
CI,278175,Vehicles (Consumer) - IL,0.100000,0.0079741404289,11/20/15,6/4/20,1658.00,6/4/20,2/26/16,98.00,24492.87,549.72,24492.87,0.00,1
CI,383982,Vehicles (Consumer) - IL,0.075000,0.0060449190243,11/25/15,11/25/21,2192.00,11/25/21,12/28/16,399.00,37000.00,627.93,37000.00,0.00,1
CI,918086,Vehicles (Consumer) - IL,0.100000,0.0079741404289,11/27/15,11/27/17,731.00,11/27/17,5/22/17,542.00,2104.38,95.37,2104.38,0.00,1
CI,358572,Vehicles (Consumer) - IL,0.100000,0.0079741404289,11/30/15,4/30/17,517.00,4/30/17,9/15/16,290.00,2699.92,168.30,2699.92,2699.92,1
CI,453781,Vehicles (Consumer) - IL,0.100000,0.0079741404289,11/30/15,11/30/22,2557.00,11/30/22,6/30/17,578.00,9000.00,145.91,9000.00,0.00,1
CI,100094,Vehicles (Consumer) - IL,0.100000,0.0079741404289,11/30/15,11/30/22,2557.00,12/30/22,12/19/19,1480.00,40164.87,651.18,21422.07,21422.07,1
CI,156732,Vehicles (Consumer) - IL,0.100000,0.0079741404289,12/1/15,12/12/22,2568.00,12/12/22,9/25/20,1760.00,42264.27,683.17,11848.86,11848.86,1
CI,37376,Vehicles (Consumer) - IL,0.090000,0.0072073233161,12/4/15,12/4/18,1096.00,12/4/18,6/19/17,563.00,2067.22,64.56,2067.22,0.00,1
CI,557447,Commercial/Ind.(not prime sec RE)CL,0.100000,0.0079741404289,12/7/15,7/15/19,1316.00,7/15/19,9/17/19,1380.00,2829.00,76.68,2829.00,0.00,1
CI,519072,Vehicles (Consumer) - IL,0.100000,0.0079741404289,12/8/15,4/8/17,487.00,4/8/17,8/1/16,237.00,1438.76,94.84,1438.76,0.00,1
CI,613124,Vehicles (Consumer) - IL,0.120000,0.0094887929346,12/8/15,1/21/21,1871.00,1/21/21,3/8/17,456.00,6445.69,137.41,6445.69,0.00,1
CI,556919,Consumer Loan - Other - IL,0.085000,0.0068214933660,12/10/15,4/2/22,2305.00,4/2/22,5/7/19,1244.00,17926.59,300.55,16270.16,0.00,1
CI,691520,Vehicles (Consumer) - IL,0.100000,0.0079741404289,12/16/15,4/16/20,1583.00,4/16/20,6/5/19,1267.00,9110.87,212.21,8498.63,125.90,1
CI,864896,Vehicles (Consumer) - IL,0.100000,0.0079741404289,12/18/15,12/18/18,1096.00,12/18/18,9/23/16,280.00,5241.28,165.94,5241.28,0.00,1
CI,855296,Vehicles (Consumer) - IL,0.100000,0.0079741404289,12/21/15,12/21/20,1827.00,12/21/20,4/14/20,1576.00,7931.79,164.93,324.67,324.67,1
CI,315229,Vehicles (Consumer) - IL,0.080000,0.0064340301100,12/23/15,6/23/21,2009.00,6/23/21,9/28/16,280.00,10274.57,189.33,10274.57,0.00,1
CI,878863,Vehicles (Consumer) - IL,0.100000,0.0079741404289,12/24/15,4/24/16,122.00,4/24/16,,-42362.00,500.00,125.44,500.00,0.00,1
CI,681266,Vehicles (Consumer) - IL,0.100000,0.0079741404289,12/23/15,2/23/16,62.00,2/23/16,,-42361.00,1000.00,489.80,1000.00,0.00,1
CI,621962,Vehicles (Consumer) - IL,0.085000,0.0068214933660,8/26/16,3/15/22,2027.00,3/15/22,6/28/19,1036.00,12011.42,222.47,12011.42,0.00,1
CI,202230,Vehicles (Consumer) - IL,0.100000,0.0079741404289,12/24/15,12/24/17,731.00,12/24/17,,-42362.00,3000.00,135.96,3000.00,0.00,1
CI,950858,Vehicles (Consumer) - IL,0.100000,0.0079741404289,12/29/15,5/28/19,1246.00,5/28/19,9/17/19,1358.00,527.12,14.96,527.12,0.00,1
CI,636323,Vehicles (Consumer) - IL,0.100000,0.0079741404289,12/29/15,12/29/19,1461.00,12/29/19,4/20/18,843.00,24704.39,614.13,24704.39,0.00,1
CI,572329,Vehicles (Consumer) - IL,0.100000,0.0079741404289,1/5/16,2/5/22,2223.00,2/5/22,4/25/18,841.00,11295.78,202.48,11295.78,0.00,1
CI,369984,Vehicles (Consumer) - IL,0.100000,0.0079741404289,1/8/16,1/8/22,2192.00,1/8/22,5/14/18,857.00,27995.08,507.02,27995.08,6133.37,1
CI,550341,Vehicles (Consumer) - IL,0.100000,0.0079741404289,1/8/16,3/28/23,2636.00,1/28/24,5/20/20,1594.00,26281.56,417.17,16524.95,0.00,1
CI,14844,Vehicles (Consumer) - IL,0.100000,0.0079741404289,1/14/16,1/14/21,1827.00,1/14/21,5/5/16,112.00,3773.69,78.47,3773.69,0.00,1
CI,97265,Vehicles (Consumer) - IL,0.100000,0.0079741404289,1/15/16,7/15/19,1277.00,7/15/19,2/23/18,770.00,2568.77,71.41,2568.77,0.00,1
CI,387885,Vehicles (Consumer) - IL,0.100000,0.0079741404289,1/15/16,1/15/22,2192.00,1/15/22,6/28/19,1260.00,9510.06,172.24,9510.06,0.00,1
CI,27019,Vehicles (Consumer) - IL,0.100000,0.0079741404289,1/19/16,1/19/18,731.00,1/19/18,1/31/19,1108.00,24292.85,1100.92,24292.85,0.00,1
CI,886809,Vehicles (Consumer) - IL,0.140000,0.0109788519502,1/21/16,1/21/19,1096.00,1/21/19,5/16/18,846.00,5189.19,173.19,5189.19,0.00,1
CI,788540,Vehicles (Consumer) - IL,0.110000,0.0087345938236,1/25/16,2/25/21,1858.00,2/25/21,10/3/17,617.00,8857.14,185.77,8857.14,325.00,1
CI,625496,Vehicles (Consumer) - IL,0.110000,0.0087345938236,1/25/16,1/25/21,1827.00,1/25/21,12/18/19,1423.00,5015.02,106.53,3922.68,3500.00,1
CI,465868,Vehicles (Consumer) - IL,0.120000,0.0094887929346,1/26/16,6/26/20,1613.00,6/26/20,6/24/19,1245.00,5527.68,131.73,4990.73,4990.73,1
CI,337549,Vehicles (Consumer) - IL,0.100000,0.0079741404289,5/25/16,12/25/16,214.00,12/25/16,9/28/17,491.00,1075.48,155.70,1075.48,0.00,1
CI,327157,Vehicles (Consumer) - IL,0.100000,0.0079741404289,2/5/16,2/5/21,1827.00,2/5/21,11/21/16,290.00,9831.42,204.42,9831.42,0.00,1
CI,834892,Vehicles (Consumer) - IL,0.100000,0.0079741404289,2/5/16,2/20/21,1842.00,2/20/21,12/19/19,1413.00,8506.39,175.75,4656.61,4152.76,1
CI,527897,Vehicles (Consumer) - IL,0.100000,0.0079741404289,2/22/16,7/22/19,1246.00,7/22/19,9/30/19,1316.00,629.03,17.85,629.03,629.03,1
CI,195682,Vehicles (Consumer) - IL,0.085000,0.0068214933660,2/22/16,2/22/19,1096.00,2/22/19,5/7/18,805.00,18000.00,558.31,18000.00,18000.00,1
CI,303428,Vehicles (Consumer) - IL,0.080000,0.0064340301100,2/23/16,2/23/20,1461.00,2/23/20,8/9/18,898.00,6203.11,148.78,6203.11,0.00,1
CI,160042,Vehicles (Consumer) - IL,0.100000,0.0079741404289,2/24/16,2/24/21,1827.00,2/24/21,,-42424.00,14000.00,291.10,14000.00,0.00,1
CI,170118,Vehicles (Consumer) - IL,0.100000,0.0079741404289,2/29/16,2/28/21,1826.00,2/28/21,3/22/19,1117.00,7496.78,155.95,7012.06,3856.30,1
CI,50345,Vehicles (Consumer) - IL,0.140000,0.0109788519502,2/29/16,2/28/21,1826.00,2/28/21,2/14/17,351.00,6202.80,140.26,6202.80,0.00,1
CI,885751,Vehicles (Consumer) - IL,0.100000,0.0079741404289,3/1/16,3/1/22,2191.00,1/1/23,12/30/19,1399.00,35037.09,634.78,25342.24,22500.00,1
CI,729125,Vehicles (Consumer) - IL,0.100000,0.0079741404289,3/4/16,6/4/21,1918.00,6/4/21,9/30/16,210.00,7791.43,156.04,7791.43,0.00,1
CI,226269,Vehicles (Consumer) - IL,0.100000,0.0079741404289,3/8/16,7/15/19,1224.00,7/15/19,9/17/19,1288.00,2733.84,78.76,2733.84,0.00,1
CI,974288,Vehicles (Consumer) - IL,0.100000,0.0079741404289,3/11/16,3/11/22,2191.00,3/11/22,3/1/17,355.00,12509.09,226.63,12509.09,0.00,1
CI,454181,Vehicles (Consumer) - IL,0.120000,0.0094887929346,3/14/16,3/14/21,1826.00,3/14/21,10/6/16,206.00,12835.65,278.58,12835.65,0.00,1
CI,136095,Vehicles (Consumer) - IL,0.130000,0.0102368443582,3/14/16,6/14/17,457.00,6/14/17,,-42443.00,2064.54,147.06,2064.54,0.00,1
CI,670737,Vehicles (Consumer) - IL,0.080000,0.0064340301100,3/15/16,3/23/23,2564.00,3/23/23,12/11/19,1366.00,22294.66,339.94,8660.28,0.00,1
CI,566139,Vehicles (Consumer) - IL,0.100000,0.0079741404289,3/15/16,7/15/21,1948.00,7/15/21,7/11/19,1213.00,8828.10,174.71,8091.28,5106.33,1
CI,251051,Vehicles (Consumer) - IL,0.090000,0.0072073233161,3/15/16,5/25/22,2262.00,5/25/22,5/29/18,805.00,35904.77,618.91,35904.77,0.00,1
CI,534947,Vehicles (Consumer) - IL,0.100000,0.0079741404289,3/16/16,5/17/21,1888.00,5/17/21,9/21/17,554.00,6992.72,141.75,6992.72,0.00,1
CI,900882,Vehicles (Consumer) - IL,0.100000,0.0079741404289,3/22/16,3/22/17,365.00,3/22/17,6/2/16,72.00,1828.13,158.26,1828.13,0.00,1
CI,865088,Vehicles (Consumer) - IL,0.100000,0.0079741404289,3/23/16,3/23/21,1826.00,3/23/21,3/3/20,1441.00,6874.20,143.00,1203.46,0.00,1
CI,100827,Vehicles (Consumer) - IL,0.140000,0.0109788519502,3/25/16,3/9/20,1445.00,3/9/20,6/4/19,1166.00,5599.45,150.31,4829.57,0.00,1
CI,531271,Vehicles (Consumer) - IL,0.095000,0.0075915342906,3/25/16,12/25/18,1005.00,12/25/18,11/30/17,615.00,12000.00,407.04,12000.00,0.00,1
CI,417431,Vehicles (Consumer) - IL,0.100000,0.0079741404289,3/25/16,3/15/22,2181.00,3/15/22,3/14/18,719.00,5589.23,101.60,5589.23,0.00,1
CI,234530,Vehicles (Consumer) - IL,0.090000,0.0072073233161,3/30/16,5/30/16,61.00,5/30/16,8/9/17,497.00,2281.07,1134.12,2281.07,0.00,1
CI,233517,Consumer Loan - Other - IL,0.090000,0.0072073233161,3/30/16,3/30/19,1095.00,3/30/19,2/6/19,1043.00,9398.65,293.77,9398.65,0.00,1
CI,638621,Vehicles (Consumer) - IL,0.140000,0.0109788519502,4/4/16,4/4/19,1095.00,4/4/19,3/1/19,1061.00,10601.32,354.09,10301.32,0.00,1
CI,840122,Vehicles (Consumer) - IL,0.100000,0.0079741404289,4/4/16,10/4/20,1644.00,10/4/20,9/28/18,907.00,4369.43,98.73,3949.76,1683.60,1
CI,868380,Vehicles (Consumer) - IL,0.100000,0.0079741404289,4/12/16,8/12/22,2313.00,8/12/22,6/28/19,1172.00,31116.22,541.84,28321.94,28321.94,1
CI,620591,Vehicles (Consumer) - IL,0.100000,0.0079741404289,4/18/16,10/18/16,183.00,10/18/16,10/1/18,896.00,3748.34,631.99,3733.00,0.00,1
CI,4987,Vehicles (Consumer) - IL,0.100000,0.0079741404289,4/20/16,4/20/19,1095.00,4/20/19,5/1/18,741.00,4661.48,147.70,4661.48,0.00,1
CI,217319,Vehicles (Consumer) - IL,0.100000,0.0079741404289,4/25/16,4/25/19,1095.00,4/25/19,,-42485.00,4921.38,155.94,4921.38,0.00,1
CI,667928,Vehicles (Consumer) - IL,0.100000,0.0079741404289,4/26/16,4/26/22,2191.00,4/26/22,,-42486.00,7949.93,144.03,7949.93,2000.00,1
CI,459360,Commercial/Ind.(not prime sec RE)CL,0.070000,0.0056541453874,4/29/16,4/29/22,2191.00,4/29/22,9/26/19,1245.00,169000.00,2831.02,1389.46,0.00,1
CI,764671,Vehicles (Consumer) - IL,0.100000,0.0079741404289,5/2/16,5/2/22,2191.00,10/2/22,2/9/21,1744.00,22194.53,402.10,7746.70,0.00,1
CI,25921,Vehicles (Consumer) - IL,0.080000,0.0064340301100,5/4/16,3/15/24,2872.00,3/15/24,9/28/18,877.00,8430.26,118.22,8330.26,0.00,1
CI,442919,Vehicles (Consumer) - IL,0.080000,0.0064340301100,5/12/16,5/12/23,2556.00,5/12/23,3/1/17,293.00,21471.96,328.16,21471.96,0.00,1
CI,310946,Vehicles (Consumer) - IL,0.100000,0.0079741404289,5/13/16,2/13/21,1737.00,2/13/21,3/27/17,318.00,5813.06,125.75,5813.06,0.00,1
CI,713530,Vehicles (Consumer) - IL,0.100000,0.0079741404289,5/16/16,7/24/21,1895.00,7/24/21,10/3/18,870.00,6126.31,123.83,6097.15,0.00,1
CI,958702,Vehicles (Consumer) - IL,0.100000,0.0079741404289,5/16/16,5/16/23,2556.00,5/16/23,11/2/18,900.00,11162.12,181.02,11020.77,0.00,1
CI,930365,Vehicles (Consumer) - IL,0.100000,0.0079741404289,5/23/16,9/23/23,2679.00,9/23/23,5/17/21,1820.00,26587.27,417.35,10897.71,0.00,1
CI,318073,Vehicles (Consumer) - IL,0.100000,0.0079741404289,5/23/16,5/23/21,1826.00,5/23/21,10/24/19,1249.00,10420.69,216.77,2396.58,0.00,1
CI,344125,Vehicles (Consumer) - IL,0.085000,0.0068214933660,5/23/16,4/26/22,2164.00,4/26/22,6/26/19,1129.00,14323.04,252.07,13341.22,13297.20,1
CI,99818,Vehicles (Consumer) - IL,0.095000,0.0075915342906,5/26/16,5/26/22,2191.00,5/26/22,1/31/19,980.00,40398.57,722.64,40398.57,0.00,1
CI,728558,Recreational Vehicles (Consumer) IL,0.100000,0.0079741404289,5/26/16,5/26/22,2191.00,1/26/23,12/14/20,1663.00,17029.08,308.52,8060.25,4900.00,1
CI,85392,Vehicles (Consumer) - IL,0.110000,0.0087345938236,5/31/16,5/25/18,724.00,5/25/18,11/17/17,535.00,1499.62,69.19,1499.62,1499.62,1
CI,538611,Vehicles (Consumer) - IL,0.100000,0.0079741404289,6/3/16,6/3/22,2191.00,6/3/22,3/13/17,283.00,18707.81,338.93,18707.81,0.00,1
CI,270535,Vehicles (Consumer) - IL,0.140000,0.0109788519502,6/3/16,11/3/19,1248.00,11/3/19,9/28/18,847.00,1202.42,36.16,1202.42,0.00,1
CI,789227,Vehicles (Consumer) - IL,0.080000,0.0064340301100,6/6/16,7/6/21,1856.00,7/6/21,7/9/19,1128.00,7166.80,140.79,6647.37,6647.37,1
CI,794664,Vehicles (Consumer) - IL,0.100000,0.0079741404289,6/7/16,2/17/18,620.00,2/17/18,4/9/18,671.00,1025.93,54.04,1025.93,0.00,1
CI,751416,Vehicles (Consumer) - IL,0.090000,0.0072073233161,6/8/16,12/8/16,183.00,12/8/16,,-42529.00,13850.00,2328.94,13850.00,0.00,1
CI,171282,Vehicles (Consumer) - IL,0.100000,0.0079741404289,6/10/16,6/10/21,1826.00,6/10/21,9/18/19,1195.00,5463.86,113.66,4963.86,4963.86,1
CI,784023,Consumer Loan - Other - IL,0.100000,0.0079741404289,6/13/16,4/15/18,671.00,4/15/18,9/28/18,837.00,144.79,7.09,144.79,144.79,1
CI,274993,Vehicles (Consumer) - IL,0.100000,0.0079741404289,6/20/16,2/20/26,3532.00,2/20/26,9/28/18,830.00,15365.76,201.71,13934.38,5411.16,1
CI,199959,Vehicles (Consumer) - IL,0.100000,0.0079741404289,6/21/16,12/21/17,548.00,12/21/17,4/3/17,286.00,1389.59,82.05,1389.59,0.00,1
CI,585448,Vehicles (Consumer) - IL,0.100000,0.0079741404289,6/30/16,6/30/22,2191.00,6/30/22,12/14/20,1628.00,15402.94,279.06,1960.15,1960.15,1
CI,798257,Vehicles (Consumer) - IL,0.080000,0.0064340301100,7/5/16,10/5/18,822.00,10/5/18,6/4/18,699.00,21908.52,874.69,21908.52,0.00,1
CI,677811,Vehicles (Consumer) - IL,0.100000,0.0079741404289,7/5/16,7/5/23,2556.00,7/5/23,10/24/18,841.00,33715.97,546.78,33227.09,0.00,1
CI,262708,Vehicles (Consumer) - IL,0.100000,0.0079741404289,7/5/16,11/24/21,1968.00,11/24/21,3/14/18,617.00,16785.04,329.60,16785.04,4500.00,1
CI,877753,Vehicles (Consumer) - IL,0.100000,0.0079741404289,7/6/16,8/6/22,2222.00,8/6/22,1/31/19,939.00,14004.56,251.11,14004.56,4500.00,1
CI,367096,Vehicles (Consumer) - IL,10.00000%,0.83333%,7/7/16,4/18/26,3572,4/18/26,9/28/18,813,"$10,685.24",$141.85 ,"$10,186.77",$38.92,$0.00
CI,60809,Vehicles (Consumer) - IL,0.100000,0.0079741404289,7/11/16,8/11/19,1126.00,8/11/19,9/27/19,1173.00,1209.93,37.43,600.00,431.89,1
CI,467959,Vehicles (Consumer) - IL,0.100000,0.0079741404289,7/14/16,7/14/22,2191.00,7/14/22,1/30/18,565.00,10122.98,183.40,10122.98,0.00,1
CI,140012,Vehicles (Consumer) - IL,0.100000,0.0079741404289,7/15/16,9/15/22,2253.00,9/15/22,9/14/18,791.00,9703.14,172.23,9703.14,0.00,1
CI,506905,Vehicles (Consumer) - IL,0.100000,0.0079741404289,7/20/16,10/20/21,1918.00,10/20/21,4/26/18,645.00,20725.03,415.05,20725.03,0.00,1
CI,981511,Vehicles (Consumer) - IL,0.080000,0.0064340301100,7/21/16,7/21/18,730.00,7/21/18,,-42572.00,2300.00,102.42,2300.00,0.00,1
CI,493736,Vehicles (Consumer) - IL,0.100000,0.0079741404289,7/26/16,7/10/21,1810.00,7/10/21,5/17/19,1025.00,7905.52,165.58,7478.76,0.00,1
CI,44061,Vehicles (Consumer) - IL,0.110000,0.0087345938236,7/27/16,7/27/21,1826.00,7/27/21,,-42578.00,11619.53,246.94,11619.53,0.00,1
CI,800621,Vehicles (Consumer) - IL,0.100000,0.0079741404289,7/27/16,11/27/22,2314.00,11/27/22,9/23/19,1153.00,19705.59,343.03,5605.59,0.00,1
CI,273832,Vehicles (Consumer) - IL,0.140000,0.0109788519502,8/11/16,10/3/19,1148.00,10/3/19,,-42593.00,7114.27,228.70,7114.27,0.00,1
CI,709170,Vehicles (Consumer) - IL,0.100000,0.0079741404289,8/12/16,9/12/22,2222.00,9/12/22,2/6/19,908.00,2661.09,47.72,2661.09,2661.09,1
CI,340157,Vehicles (Consumer) - IL,0.100000,0.0079741404289,8/12/16,10/20/22,2260.00,10/20/22,9/26/18,775.00,1419.79,25.14,1362.18,0.00,1
CI,366083,Vehicles (Consumer) - IL,0.090000,0.0072073233161,8/16/16,9/1/24,2938.00,9/1/24,7/9/19,1057.00,14929.80,213.05,14929.80,0.00,1
CI,790787,Vehicles (Consumer) - IL,0.100000,0.0079741404289,8/19/16,4/13/21,1698.00,4/13/21,6/28/19,1043.00,2969.94,65.41,2969.94,0.00,1
CI,878518,Vehicles (Consumer) - IL,0.100000,0.0079741404289,8/18/16,10/18/22,2252.00,10/18/22,9/28/18,771.00,8407.09,149.27,8407.09,0.00,1
CI,809191,Vehicles (Consumer) - IL,0.100000,0.0079741404289,8/19/16,8/20/21,1827.00,8/20/21,4/8/19,962.00,36505.73,759.06,36505.73,0.00,1
CI,951188,Consumer Loan - Other - IL,0.100000,0.0079741404289,8/24/16,8/24/19,1095.00,8/24/19,9/28/18,765.00,1646.82,52.18,1646.82,0.00,1
CI,927550,Vehicles (Consumer) - IL,0.100000,0.0079741404289,9/6/16,10/6/20,1491.00,10/6/20,1/31/19,877.00,2557.24,62.52,2397.14,2397.14,1
CI,787773,Agricultural/Other Lns to Farms -CL,0.080000,0.0064340301100,9/7/16,9/7/17,365.00,9/7/18,9/10/19,1098.00,3800.00,325.72,3491.39,0.00,1
CI,95913,Vehicles (Consumer) - IL,0.140000,0.0109788519502,9/12/16,9/12/22,2191.00,9/12/22,11/16/16,65.00,18782.04,375.24,18782.04,0.00,1
CI,862749,Vehicles (Consumer) - IL,0.085000,0.0068214933660,9/22/16,3/22/19,911.00,3/22/19,9/28/18,736.00,1281.85,46.88,1281.85,1000.00,1
CI,739336,Vehicles (Consumer) - IL,0.100000,0.0079741404289,9/23/16,9/23/22,2191.00,9/23/23,12/31/19,1194.00,23000.00,416.70,19355.21,6391.26,1
CI,595169,Vehicles (Consumer) - IL,0.100000,0.0079741404289,9/26/16,3/26/21,1642.00,3/26/21,6/28/19,1005.00,2535.14,57.34,2535.14,0.00,1
CI,647725,Vehicles (Consumer) - IL,0.100000,0.0079741404289,9/27/16,10/27/20,1491.00,10/27/20,6/12/19,988.00,6044.67,147.79,6044.67,0.00,1
CI,729752,Vehicles (Consumer) - IL,0.100000,0.0079741404289,9/28/16,9/28/19,1095.00,9/28/19,11/8/16,41.00,6071.99,192.40,6071.99,0.00,1
CI,675973,Vehicles (Consumer) - IL,0.100000,0.0079741404289,9/28/16,9/5/20,1438.00,9/5/20,1/31/19,855.00,8943.90,225.25,8808.92,2577.80,1
CI,789408,Vehicles (Consumer) - IL,0.090000,0.0072073233161,9/30/16,11/30/16,61.00,11/30/16,,-42643.00,24000.00,11932.46,24000.00,0.00,1
CI,162756,Vehicles (Consumer) - IL,0.100000,0.0079741404289,10/3/16,10/3/21,1826.00,10/3/21,3/16/17,164.00,4573.04,95.13,4573.04,0.00,1
CI,613022,Vehicles (Consumer) - IL,9.00000%,0.75000%,10/6/16,2/20/28,4154,2/20/28,9/28/18,722,"$6,723.32",$78.22 ,"$5,513.81","$1,797.29",$0.00
CI,567799,Vehicles (Consumer) - IL,0.140000,0.0109788519502,10/11/16,12/20/19,1165.00,12/20/19,9/28/18,717.00,3403.05,108.11,3403.05,0.00,1
CI,508374,Vehicles (Consumer) - IL,0.100000,0.0079741404289,10/11/16,10/11/23,2556.00,10/11/23,3/18/19,888.00,5184.63,84.08,4692.60,0.00,1
CI,436782,Vehicles (Consumer) - IL,0.120000,0.0094887929346,10/12/16,10/12/21,1826.00,10/12/21,1/31/18,476.00,18251.85,396.13,18251.85,0.00,1
CI,883936,Vehicles (Consumer) - IL,0.100000,0.0079741404289,10/13/16,12/13/18,791.00,12/13/18,,-42656.00,2500.00,105.51,2500.00,0.00,1
CI,617741,Vehicles (Consumer) - IL,0.100000,0.0079741404289,10/18/16,10/18/20,1461.00,11/18/20,12/15/20,1519.00,9456.69,235.08,1051.58,1051.58,1
CI,861190,Vehicles (Consumer) - IL,0.100000,0.0079741404289,10/19/16,10/19/22,2191.00,5/19/23,9/25/20,1437.00,15345.74,278.02,6119.72,0.00,1
CI,770053,Commercial/Ind.(not prime sec RE)CL,0.090000,0.0072073233161,10/20/16,1/20/17,92.00,5/30/22,9/28/20,1439.00,25000.00,8271.94,22250.00,6384.10,1
CI,306349,Commercial/Ind.(not prime sec RE)CL,0.100000,0.0079741404289,10/31/16,10/31/20,1461.00,3/30/21,9/23/19,1057.00,45448.40,1129.81,9952.25,0.00,1
CI,562718,Vehicles (Consumer) - IL,0.100000,0.0079741404289,10/31/16,10/31/22,2191.00,10/31/22,9/23/19,1057.00,21974.61,398.12,7825.04,0.00,1
CI,570644,Vehicles (Consumer) - IL,0.080000,0.0064340301100,11/1/16,12/1/22,2221.00,12/1/22,2/6/19,827.00,19477.56,331.54,19477.56,0.00,1
CI,492741,Vehicles (Consumer) - IL,0.100000,0.0079741404289,11/2/16,11/2/21,1826.00,11/2/21,6/29/20,1335.00,38524.10,801.37,12913.00,0.00,1
CI,307087,Vehicles (Consumer) - IL,0.120000,0.0094887929346,11/14/16,11/14/20,1461.00,11/14/20,5/13/19,910.00,7738.34,199.17,7438.34,3979.78,1
CI,369216,Consumer Loan - Other - IL,0.100000,0.0079741404289,11/14/16,7/15/19,973.00,7/15/19,9/17/19,1037.00,5939.67,208.56,4973.10,0.00,1
CI,825571,Vehicles (Consumer) - IL,0.090000,0.0072073233161,11/17/16,11/17/17,365.00,11/17/17,3/1/19,834.00,15236.24,1312.51,14695.00,300.00,1
CI,572002,Vehicles (Consumer) - IL,0.100000,0.0079741404289,11/17/16,11/17/18,730.00,11/17/18,4/23/18,522.00,1061.76,48.18,1061.76,0.00,1
CI,769990,Vehicles (Consumer) - IL,0.100000,0.0079741404289,11/23/16,11/23/21,1826.00,12/23/21,6/29/20,1314.00,10500.00,218.42,4542.88,0.00,1
CI,213986,Vehicles (Consumer) - IL,0.100000,0.0079741404289,11/28/16,5/28/22,2007.00,8/28/22,12/30/19,1127.00,30305.70,586.29,19724.92,2505.71,1
CI,283509,Vehicles (Consumer) - IL,0.100000,0.0079741404289,11/28/16,11/28/21,1826.00,11/28/21,5/10/17,163.00,16731.91,348.05,16731.91,0.00,1
CI,555768,Vehicles (Consumer) - IL,0.090000,0.0072073233161,11/28/16,6/28/23,2403.00,6/28/23,7/18/19,962.00,15658.34,258.00,15658.34,0.00,1
CI,515326,Vehicles (Consumer) - IL,0.100000,0.0079741404289,11/30/16,11/30/22,2191.00,11/30/22,6/12/17,194.00,12007.72,217.55,12007.72,0.00,1
CI,149126,Vehicles (Consumer) - IL,0.120000,0.0094887929346,12/5/16,6/5/19,912.00,6/5/19,12/6/17,366.00,4892.92,186.04,4892.92,0.00,1
CI,629541,Vehicles (Consumer) - IL,0.090000,0.0072073233161,12/6/16,5/6/24,2708.00,5/6/24,6/28/19,934.00,15781.94,238.44,15781.94,0.00,1
CI,821207,Vehicles (Consumer) - IL,0.090000,0.0072073233161,12/9/16,1/4/24,2582.00,1/4/24,7/5/19,938.00,15865.74,248.03,14640.12,14640.12,1
CI,438050,Vehicles (Consumer) - IL,0.100000,0.0079741404289,12/12/16,12/12/22,2191.00,12/12/22,11/28/18,716.00,4259.61,77.17,3910.26,0.00,1
CI,149745,Vehicles (Consumer) - IL,0.100000,0.0079741404289,12/13/16,1/20/23,2229.00,1/20/23,9/17/19,1008.00,11323.58,202.57,11323.58,0.00,1
CI,175231,Commercial/Ind.(not prime sec RE)CL,0.090000,0.0072073233161,12/15/16,7/15/19,942.00,7/15/19,9/17/19,1006.00,10064.76,359.32,10064.76,0.00,1
CI,689069,Consumer Loan - Other - IL,0.080000,0.0064340301100,12/21/16,12/21/18,730.00,12/21/18,8/8/19,960.00,18420.88,820.26,12300.00,0.00,1
CI,247742,Vehicles (Consumer) - IL,0.100000,0.0079741404289,12/27/16,12/27/21,1826.00,12/27/21,6/12/17,167.00,6476.99,134.73,6476.99,0.00,1
CI,175851,Vehicles (Consumer) - IL,0.100000,0.0079741404289,12/28/16,6/28/21,1643.00,6/28/21,6/6/17,160.00,40592.90,917.69,40592.90,0.00,1
CI,280302,Vehicles (Consumer) - IL,0.140000,0.0109788519502,12/29/16,3/29/21,1551.00,7/29/21,9/25/20,1366.00,16921.17,430.67,5170.18,0.00,1
CI,132773,Recreational Vehicles (Consumer) IL,0.080000,0.0064340301100,12/29/16,12/29/21,1826.00,2/28/22,12/3/19,1069.00,12685.79,252.55,6700.00,0.00,1
CI,830605,Agricultural/Other Lns to Farms -CL,0.075000,0.0060449190243,12/30/16,12/30/17,365.00,2/2/19,6/12/20,1260.00,440000.00,37619.71,362874.15,0.00,1
CI,859820,Vehicles (Consumer) - IL,0.100000,0.0079741404289,1/3/17,1/3/22,1826.00,1/3/22,3/18/19,804.00,9225.13,191.90,8554.26,0.00,1
CI,337441,Vehicles (Consumer) - IL,0.090000,0.0072073233161,1/4/17,1/4/24,2556.00,6/15/24,5/18/23,2325.00,37746.31,594.44,8493.31,0.00,1
CI,136096,Vehicles (Consumer) - IL,0.100000,0.0079741404289,1/9/17,1/22/23,2204.00,1/22/23,1/31/19,752.00,14558.76,262.62,13824.55,224.28,1
CI,343504,Vehicles (Consumer) - IL,0.110000,0.0087345938236,1/11/17,1/11/20,1095.00,1/11/20,9/17/19,979.00,3500.00,112.40,993.57,100.00,1
CI,492764,Vehicles (Consumer) - IL,0.095000,0.0075915342906,1/12/17,12/12/17,334.00,12/12/17,,-42747.00,20000.00,1880.20,20000.00,0.00,1
CI,628196,Vehicles (Consumer) - IL,0.100000,0.0079741404289,1/13/17,3/13/23,2250.00,3/13/23,1/31/19,748.00,12498.43,222.06,12498.43,12498.43,1
CI,418578,Vehicles (Consumer) - IL,0.100000,0.0079741404289,1/17/17,1/17/23,2191.00,4/17/23,12/21/22,2164.00,15458.67,280.07,2023.13,2023.13,1
CI,381524,Vehicles (Consumer) - IL,0.140000,0.0109788519502,1/27/17,4/27/19,820.00,4/27/19,9/27/17,243.00,4486.88,190.91,4486.88,0.00,1
CI,137869,Consumer Loan - Other - IL,0.100000,0.0079741404289,2/2/17,2/2/21,1461.00,2/2/21,9/28/18,603.00,3095.74,76.96,2506.02,0.00,1
CI,418991,Vehicles (Consumer) - IL,0.090000,0.0072073233161,2/2/17,2/2/19,730.00,2/2/19,8/30/17,209.00,1473.94,66.26,1473.94,0.00,1
CI,255256,Vehicles (Consumer) - IL,0.100000,0.0079741404289,2/3/17,1/25/21,1452.00,10/21/21,9/17/19,956.00,6163.71,154.00,3412.69,3412.69,1
CI,900519,Recreational Vehicles (Consumer) IL,0.140000,0.0109788519502,2/7/17,2/7/21,1461.00,2/7/21,12/16/19,1042.00,13111.93,349.04,6264.17,3250.00,1
CI,660233,Vehicles (Consumer) - IL,0.090000,0.0072073233161,2/6/17,4/6/23,2250.00,4/6/23,7/8/19,882.00,41148.94,712.16,37932.75,37932.75,1
CI,123531,Vehicles (Consumer) - IL,0.100000,0.0079741404289,2/22/17,2/22/22,1826.00,2/22/22,6/20/19,848.00,8556.12,177.98,8556.12,0.00,1
CI,329180,Vehicles (Consumer) - IL,0.110000,0.0087345938236,2/22/17,2/23/19,731.00,2/23/19,3/18/19,754.00,4058.69,185.64,3775.63,0.00,1
CI,600213,Vehicles (Consumer) - IL,0.140000,0.0109788519502,2/24/17,4/24/19,789.00,4/24/19,9/27/18,580.00,2127.91,93.59,2113.47,0.00,1
CI,784779,Vehicles (Consumer) - IL,0.100000,0.0079741404289,2/24/17,3/24/23,2219.00,3/24/23,9/23/19,941.00,11233.82,201.63,10862.98,0.00,1
CI,325954,Vehicles (Consumer) - IL,0.090000,0.0072073233161,2/28/17,2/12/22,1810.00,2/12/22,12/10/19,1015.00,8787.51,180.12,5364.99,2096.77,1
CI,177773,Vehicles (Consumer) - IL,10.00000%,0.83333%,3/3/17,10/5/26,3503,10/5/26,9/28/18,574,"$21,394.67",$287.31 ,"$18,571.99","$18,571.99","$1,700.00"
CI,748149,Vehicles (Consumer) - IL,0.140000,0.0109788519502,3/6/17,9/6/21,1645.00,9/6/21,3/5/18,364.00,14346.93,349.65,14346.93,0.00,1
CI,395097,Vehicles (Consumer) - IL,0.100000,0.0079741404289,3/6/17,3/6/21,1461.00,3/6/21,2/5/19,701.00,2050.39,50.97,1760.61,1760.61,1
CI,356241,Recreational Vehicles (Consumer) IL,0.100000,0.0079741404289,3/7/17,3/20/24,2570.00,12/20/24,6/14/21,1560.00,18736.85,302.70,12240.11,4373.76,1
CI,112844,Vehicles (Consumer) - IL,0.100000,0.0079741404289,3/9/17,3/9/23,2191.00,3/9/23,5/30/18,447.00,23513.05,425.99,23513.05,0.00,1
CI,237826,Vehicles (Consumer) - IL,0.100000,0.0079741404289,3/16/17,3/16/22,1826.00,3/16/22,9/23/19,921.00,9949.10,206.96,8979.13,0.00,1
CI,706609,Vehicles (Consumer) - IL,0.120000,0.0094887929346,3/20/17,9/20/21,1645.00,9/20/21,7/1/19,833.00,5289.36,124.17,4574.64,4574.64,1
CI,648979,Vehicles (Consumer) - IL,0.100000,0.0079741404289,3/22/17,3/22/23,2191.00,3/22/23,12/4/17,257.00,12484.37,226.18,12484.37,0.00,1
CI,899699,Vehicles (Consumer) - IL,0.100000,0.0079741404289,3/27/17,7/27/18,487.00,7/27/18,8/30/17,156.00,9300.00,613.05,9300.00,0.00,1
CI,727013,Vehicles (Consumer) - IL,0.085000,0.0068214933660,3/30/17,6/30/18,457.00,6/30/18,1/31/19,672.00,22200.00,1539.32,22200.00,0.00,1
CI,92443,Vehicles (Consumer) - IL,0.085000,0.0068214933660,3/31/17,6/30/18,456.00,6/30/18,8/31/17,153.00,11002.75,764.51,11002.75,0.00,1
CI,798201,Vehicles (Consumer) - IL,0.090000,0.0072073233161,3/31/17,12/31/17,275.00,12/31/17,,-42825.00,41700.00,4717.39,41700.00,0.00,1
CI,470581,Vehicles (Consumer) - IL,0.100000,0.0079741404289,4/5/17,2/5/22,1767.00,2/5/22,1/31/19,666.00,8319.13,177.55,8319.13,8319.13,1
CI,969212,Vehicles (Consumer) - IL,0.100000,0.0079741404289,4/6/17,4/6/23,2191.00,4/6/23,7/8/19,823.00,13432.05,243.35,12072.66,12072.66,1
CI,567899,Vehicles (Consumer) - IL,0.100000,0.0079741404289,4/21/17,4/21/22,1826.00,4/21/22,9/21/21,1614.00,16321.45,339.52,3623.39,0.00,1
CI,945790,Vehicles (Consumer) - IL,0.100000,0.0079741404289,5/1/17,5/1/22,1826.00,5/1/22,9/17/19,869.00,9131.84,189.96,7000.00,0.00,1
CI,574235,Vehicles (Consumer) - IL,0.120000,0.0094887929346,5/3/17,5/3/21,1461.00,5/3/21,7/1/19,789.00,3144.18,80.92,2867.08,0.00,1
CI,292830,Vehicles (Consumer) - IL,0.100000,0.0079741404289,5/8/17,5/8/23,2191.00,5/8/23,6/20/17,43.00,24598.03,445.65,24598.03,0.00,1
CI,567316,Vehicles (Consumer) - IL,0.120000,0.0094887929346,5/8/17,3/8/18,304.00,3/8/18,7/6/17,59.00,1716.96,178.52,1716.96,0.00,1
CI,857621,Vehicles (Consumer) - IL,0.090000,0.0072073233161,5/12/17,5/12/22,1826.00,5/12/22,6/28/19,777.00,5139.64,104.61,5139.64,0.00,1
CI,516894,Vehicles (Consumer) - IL,0.100000,0.0079741404289,5/16/17,11/16/22,2010.00,11/16/22,4/5/19,689.00,9921.40,191.72,9921.40,0.00,1
CI,469916,Vehicles (Consumer) - IL,0.100000,0.0079741404289,5/17/17,5/17/18,365.00,5/17/18,9/28/18,499.00,6000.00,519.42,6000.00,0.00,1
CI,760582,Vehicles (Consumer) - IL,0.110000,0.0087345938236,6/1/17,6/1/23,2191.00,6/1/23,12/10/19,922.00,21921.61,407.27,8800.00,0.00,1
CI,966918,Commercial/Ind.(not prime sec RE)CL,0.100000,0.0079741404289,6/2/17,8/17/23,2267.00,8/17/23,12/19/19,930.00,70329.84,1242.70,70329.84,53500.00,1
CI,682129,Vehicles (Consumer) - IL,0.075000,0.0060449190243,6/2/17,9/2/24,2649.00,9/2/24,7/18/19,776.00,17074.68,250.12,12469.30,0.00,1
CI,335619,Vehicles (Consumer) - IL,0.100000,0.0079741404289,6/2/17,4/25/22,1788.00,4/25/22,,-42888.00,8700.00,183.97,8700.00,4000.00,1
CI,831397,Vehicles (Consumer) - IL,0.100000,0.0079741404289,6/5/17,12/5/23,2374.00,1/5/25,12/23/19,931.00,28577.22,488.36,17336.55,17336.55,1
CI,638596,Vehicles (Consumer) - IL,0.100000,0.0079741404289,6/6/17,12/6/18,548.00,12/6/18,,-42892.00,1700.00,100.38,1700.00,0.00,1
CI,131115,Vehicles (Consumer) - IL,0.100000,0.0079741404289,6/7/17,9/7/23,2283.00,9/7/23,9/28/18,478.00,30729.88,540.21,28657.69,0.00,1
CI,533054,Vehicles (Consumer) - IL,0.100000,0.0079741404289,6/12/17,6/12/23,2191.00,8/12/23,11/13/19,884.00,11783.47,213.48,4380.33,0.00,1
CI,784941,Vehicles (Consumer) - IL,0.100000,0.0079741404289,6/13/17,6/13/19,730.00,6/13/19,5/1/19,687.00,920.34,41.76,849.76,849.76,1
CI,488613,Vehicles (Consumer) - IL,0.120000,0.0094887929346,6/16/17,9/16/20,1188.00,9/16/20,6/28/19,742.00,4084.16,124.21,4084.16,0.00,1
CI,325190,Consumer Loan - Other - IL,0.090000,0.0072073233161,6/19/17,9/19/23,2283.00,9/19/23,6/28/19,739.00,4858.75,83.17,4858.75,0.00,1
CI,579829,Vehicles (Consumer) - IL,0.100000,0.0079741404289,6/26/17,6/26/22,1826.00,6/26/22,7/11/19,745.00,11113.95,231.19,10658.95,10658.95,1
CI,79350,Vehicles (Consumer) - IL,0.100000,0.0079741404289,6/30/17,6/30/23,2191.00,11/30/24,3/4/25,2804.00,62556.89,1133.36,50663.58,0.00,1
CI,52091,Vehicles (Consumer) - IL,0.090000,0.0072073233161,6/30/17,12/30/18,548.00,12/30/18,3/20/18,263.00,30000.00,1758.72,30000.00,0.00,1
CI,110997,Vehicles (Consumer) - IL,0.100000,0.0079741404289,7/5/17,7/5/23,2191.00,8/5/23,12/19/19,897.00,31060.91,562.74,25213.18,3008.77,1
CI,738065,Vehicles (Consumer) - IL,0.100000,0.0079741404289,7/5/17,7/5/23,2191.00,7/5/23,12/11/19,889.00,18576.40,336.55,8109.09,0.00,1
CI,241993,Vehicles (Consumer) - IL,0.100000,0.0079741404289,7/10/17,7/10/23,2191.00,11/17/27,12/29/22,1998.00,36458.38,660.53,23206.74,0.00,1
CI,566150,Vehicles (Consumer) - IL,0.095000,0.0075915342906,7/10/17,7/10/23,2191.00,11/25/28,6/24/24,2541.00,44250.00,791.53,31750.00,3699.65,1
CI,439759,Vehicles (Consumer) - IL,0.000000,0.0000000083333,7/14/17,7/14/23,2191.00,11/14/30,3/29/22,1719.00,15643.93,214.20,4374.60,850.00,1
CI,481144,Recreational Vehicles (Consumer) IL,0.100000,0.0079741404289,7/17/17,3/17/20,974.00,7/17/20,3/30/20,987.00,5500.00,192.95,1213.78,0.00,1
CI,356134,Vehicles (Consumer) - IL,0.000000,0.0000000083333,7/21/17,7/21/23,2191.00,10/18/23,12/19/19,881.00,25383.93,347.57,19753.02,19753.02,1
CI,258602,Recreational Vehicles (Consumer) IL,0.080000,0.0064340301100,7/21/17,7/25/23,2195.00,7/25/23,11/18/19,850.00,17383.05,298.62,10237.99,0.00,1
CI,654677,Commercial/Ind.(not prime sec RE)CL,0.100000,0.0079741404289,7/21/17,9/21/23,2253.00,9/21/23,12/19/19,881.00,70775.64,1256.25,70775.64,0.00,1
CI,279546,Vehicles (Consumer) - IL,0.090000,0.0072073233161,7/25/17,10/25/23,2283.00,10/25/23,6/28/19,703.00,29046.20,497.22,29046.20,0.00,1
CI,236082,Vehicles (Consumer) - IL,0.100000,0.0079741404289,7/28/17,7/28/22,1826.00,7/28/22,6/20/19,692.00,5315.06,110.56,4907.73,4907.73,1
CI,954251,Consumer Loan - Other - IL,0.100000,0.0079741404289,8/3/17,5/25/23,2121.00,5/25/23,9/28/18,421.00,12408.69,230.29,12408.69,12408.69,1
CI,16932,Vehicles (Consumer) - IL,0.090000,0.0072073233161,8/3/17,12/3/19,852.00,1/3/20,12/19/19,868.00,5590.71,218.40,3159.06,3159.06,1
CI,158665,Vehicles (Consumer) - IL,0.120000,0.0094887929346,8/3/17,9/20/21,1509.00,9/20/21,12/14/20,1229.00,1321.90,33.17,1321.90,0.00,1
CI,207333,Vehicles (Consumer) - IL,0.100000,0.0079741404289,8/4/17,9/15/23,2233.00,9/15/23,9/10/19,767.00,25513.00,455.81,25163.00,10604.24,1
CI,57406,Vehicles (Consumer) - IL,0.100000,0.0079741404289,8/7/17,8/7/23,2191.00,11/7/23,12/22/20,1233.00,18483.41,334.87,2240.95,0.00,1
CI,360085,Vehicles (Consumer) - IL,0.100000,0.0079741404289,8/7/17,8/15/20,1104.00,8/15/20,3/30/20,966.00,4081.00,128.40,1264.22,0.00,1
CI,382774,Commercial/Ind.(not prime sec RE)CL,0.100000,0.0079741404289,8/8/17,8/19/24,2568.00,8/19/24,8/27/19,749.00,39000.51,630.41,37226.40,0.00,1
CI,893069,Vehicles (Consumer) - IL,0.140000,0.0109788519502,8/10/17,8/10/20,1096.00,9/10/20,12/11/19,853.00,5889.53,196.57,2800.59,0.00,1
CI,531148,Vehicles (Consumer) - IL,0.100000,0.0079741404289,8/11/17,8/5/21,1455.00,8/5/21,9/17/19,767.00,11627.42,290.02,6800.00,4827.42,1
CI,694640,Vehicles (Consumer) - IL,0.100000,0.0079741404289,8/15/17,8/15/22,1826.00,8/15/22,9/28/18,409.00,11954.85,248.68,11114.85,0.00,1
CI,518107,Vehicles (Consumer) - IL,0.085000,0.0068214933660,8/18/17,8/18/24,2557.00,8/18/24,2/6/19,537.00,19049.72,295.48,19049.72,0.00,1
CI,855581,Vehicles (Consumer) - IL,0.095000,0.0075915342906,8/21/17,6/12/18,295.00,6/12/18,1/31/19,528.00,6618.31,701.03,6618.31,0.00,1
CI,950016,Vehicles (Consumer) - IL,0.095000,0.0075915342906,8/22/17,9/2/20,1107.00,8/2/21,12/17/20,1213.00,8045.18,250.81,3984.05,3984.05,1
CI,584234,Vehicles (Consumer) - IL,0.100000,0.0079741404289,8/23/17,8/23/20,1096.00,8/23/20,6/28/19,674.00,7199.61,227.95,7199.61,0.00,1
CI,482529,Vehicles (Consumer) - IL,0.095000,0.0075915342906,9/6/17,8/31/24,2551.00,10/30/24,7/18/19,680.00,52013.43,832.45,17551.91,297.08,1
CI,859850,Consumer Loan - Other - IL,0.150000,0.0117149169199,9/11/17,9/11/18,365.00,9/11/18,9/28/18,382.00,316.57,28.07,316.57,0.00,1
CI,959422,Vehicles (Consumer) - IL,0.100000,0.0079741404289,9/12/17,9/12/22,1826.00,9/12/22,9/28/20,1112.00,10848.18,225.66,5804.26,1207.47,1
CI,176851,Vehicles (Consumer) - IL,0.100000,0.0079741404289,9/12/17,9/12/21,1461.00,9/12/21,1/31/19,506.00,6510.85,161.85,5742.31,5742.31,1
CI,26599,Vehicles (Consumer) - IL,0.100000,0.0079741404289,9/15/17,9/15/23,2191.00,9/15/23,12/24/19,830.00,8887.47,161.02,7186.84,4763.15,1
CI,428932,Vehicles (Consumer) - IL,0.090000,0.0072073233161,9/19/17,9/19/24,2557.00,9/19/24,12/13/18,450.00,35226.86,554.60,34302.92,0.00,1
CI,905373,Vehicles (Consumer) - IL,0.100000,0.0079741404289,9/22/17,9/20/19,728.00,9/20/19,4/20/18,210.00,16381.72,745.17,16381.72,0.00,1
CI,165099,Vehicles (Consumer) - IL,0.100000,0.0079741404289,9/19/17,11/19/22,1887.00,11/19/22,6/28/19,647.00,4175.95,84.69,4175.95,0.00,1
CI,291003,Consumer Loan - Other - IL,0.100000,0.0079741404289,9/20/17,9/20/22,1826.00,9/20/22,9/17/19,727.00,21626.52,449.87,21626.52,0.00,1
CI,598077,Vehicles (Consumer) - IL,0.100000,0.0079741404289,9/20/17,9/20/23,2191.00,9/20/23,6/14/19,632.00,14340.33,259.81,14340.33,0.00,1
CI,894694,Vehicles (Consumer) - IL,0.090000,0.0072073233161,9/21/17,2/21/25,2710.00,2/21/25,9/28/18,372.00,27001.50,407.74,23997.83,23997.83,1
CI,880615,Recreational Vehicles (Consumer) IL,0.100000,0.0079741404289,9/25/17,10/6/21,1472.00,10/6/21,12/14/20,1176.00,6542.65,161.65,2369.74,0.00,1
CI,745314,Vehicles (Consumer) - IL,0.100000,0.0079741404289,9/28/17,9/28/21,1461.00,9/28/21,12/13/21,1537.00,6518.18,162.04,100.60,0.00,1
CI,786855,Vehicles (Consumer) - IL,0.090000,0.0072073233161,10/2/17,6/15/18,256.00,6/15/18,12/19/17,78.00,4000.00,485.00,4000.00,0.00,1
CI,223795,Vehicles (Consumer) - IL,0.110000,0.0087345938236,10/4/17,10/4/18,365.00,10/4/18,6/28/18,267.00,848.29,73.80,848.29,0.00,1
CI,897359,Recreational Vehicles (Consumer) IL,0.100000,0.0079741404289,10/6/17,10/6/21,1461.00,1/6/22,6/23/20,991.00,6323.13,157.19,2813.83,2813.83,1
CI,372688,Vehicles (Consumer) - IL,0.090000,0.0072073233161,10/12/17,12/12/21,1522.00,12/12/21,9/28/18,351.00,10701.52,252.60,10701.52,1539.96,1
CI,280412,Vehicles (Consumer) - IL,0.100000,0.0079741404289,10/12/17,11/20/21,1500.00,11/20/21,1/31/19,476.00,7909.08,192.43,7909.08,1000.00,1
CI,146201,Vehicles (Consumer) - IL,0.090000,0.0072073233161,10/13/17,10/13/20,1096.00,5/13/25,12/19/19,797.00,68396.54,2136.15,45767.24,22869.14,1
CI,128763,Vehicles (Consumer) - IL,0.100000,0.0079741404289,10/17/17,10/17/23,2191.00,10/17/23,1/31/19,471.00,9350.00,169.40,9350.00,0.00,1
CI,802541,Vehicles (Consumer) - IL,0.110000,0.0087345938236,10/20/17,6/20/21,1339.00,6/20/21,,-43028.00,9196.22,249.69,9196.22,0.00,1
CI,650958,Vehicles (Consumer) - IL,0.100000,0.0079741404289,10/24/17,10/24/19,730.00,10/24/19,6/28/19,612.00,2973.39,134.92,2973.39,75.00,1
CI,858438,Recreational Vehicles (Consumer) IL,0.085000,0.0068214933660,10/27/17,10/19/20,1088.00,10/19/20,12/14/20,1144.00,4023.72,125.61,2055.67,0.00,1
CI,694263,Agricultural/Other Lns to Farms -CL,0.075000,0.0060449190243,11/3/17,11/3/18,365.00,11/3/18,2/27/20,846.00,173250.00,14812.76,157066.99,35000.00,1
CI,306669,Vehicles (Consumer) - IL,0.080000,0.0064340301100,11/9/17,11/9/23,2191.00,11/9/23,12/27/19,778.00,26668.45,458.79,22318.98,10865.00,1
CI,685519,Commercial/Ind.(not prime sec RE)CL,0.100000,0.0079741404289,11/9/17,1/9/23,1887.00,1/9/23,9/17/19,677.00,1094.49,22.20,1094.49,496.83,1
CI,806346,Vehicles (Consumer) - IL,0.100000,0.0079741404289,11/15/17,11/15/23,2191.00,11/15/23,1/31/19,442.00,39859.63,722.15,37859.63,470.40,1
CI,876173,Vehicles (Consumer) - IL,0.100000,0.0079741404289,11/21/17,2/21/21,1188.00,2/21/21,2/5/19,441.00,4969.67,146.85,4161.07,4161.07,1
CI,727574,Vehicles (Consumer) - IL,0.100000,0.0079741404289,11/27/17,11/22/20,1091.00,11/22/20,6/28/19,578.00,1594.02,50.67,1594.02,0.00,1
CI,115094,Vehicles (Consumer) - IL,0.080000,0.0064340301100,11/22/17,11/22/19,730.00,11/22/19,12/3/19,741.00,2200.00,97.96,1463.53,0.00,1
CI,350690,Commercial/Ind.(not prime sec RE)CL,0.100000,0.0079741404289,11/27/17,3/27/21,1216.00,3/27/21,12/19/19,752.00,35454.39,1027.11,35454.39,800.00,1
CI,229829,Vehicles (Consumer) - IL,0.050000,0.0040741237836,11/27/17,12/15/23,2209.00,12/27/23,12/19/19,752.00,30434.10,479.25,28264.82,28264.82,1
CI,130496,Vehicles (Consumer) - IL,0.100000,0.0079741404289,11/27/17,11/27/23,2191.00,11/27/23,9/28/18,305.00,12635.38,228.92,12635.38,0.00,1
CI,684522,Vehicles (Consumer) - IL,0.100000,0.0079741404289,11/29/17,7/29/21,1338.00,7/29/21,9/28/18,303.00,3826.59,102.30,3826.59,0.00,1
CI,556445,Vehicles (Consumer) - IL,0.085000,0.0068214933660,11/29/17,11/29/23,2191.00,11/29/23,9/28/18,303.00,6649.07,115.90,6403.61,4124.42,1
CI,414487,Vehicles (Consumer) - IL,0.140000,0.0109788519502,11/29/17,5/29/20,912.00,5/29/20,10/9/19,679.00,5091.69,197.90,3654.33,0.00,1
CI,822205,Vehicles (Consumer) - IL,0.100000,0.0079741404289,11/30/17,11/30/23,2191.00,1/5/26,12/19/19,749.00,21789.47,394.77,18828.18,11961.73,1
CI,842167,Vehicles (Consumer) - IL,0.095000,0.0075915342906,12/1/17,3/1/24,2282.00,3/1/24,12/18/19,747.00,39376.83,683.34,30352.73,0.00,1
CI,318707,Vehicles (Consumer) - IL,0.090000,0.0072073233161,12/4/17,12/20/21,1477.00,12/20/21,12/23/19,749.00,17865.71,432.35,7023.95,3676.39,1
CI,853769,Vehicles (Consumer) - IL,0.100000,0.0079741404289,12/1/17,12/1/22,1826.00,4/1/23,12/17/20,1112.00,7546.65,156.98,3947.88,1018.92,1
CI,858247,Vehicles (Consumer) - IL,0.100000,0.0079741404289,12/11/17,1/11/19,396.00,1/11/19,1/31/19,416.00,907.34,72.69,856.72,856.72,1
CI,630342,Vehicles (Consumer) - IL,0.120000,0.0094887929346,12/18/17,12/18/19,730.00,12/18/19,12/30/19,742.00,5723.53,264.52,1484.45,1484.45,1
CI,533265,Vehicles (Consumer) - IL,0.100000,0.0079741404289,12/15/17,12/15/23,2191.00,11/15/23,10/22/19,676.00,19573.49,354.62,9375.00,750.00,1
CI,340548,Vehicles (Consumer) - IL,0.140000,0.0109788519502,12/18/17,6/18/19,547.00,6/20/19,11/4/19,686.00,2525.53,153.59,1598.10,0.00,1
CI,672961,Vehicles (Consumer) - IL,0.100000,0.0079741404289,12/19/17,12/19/22,1826.00,12/19/22,7/18/19,576.00,6600.00,137.29,4785.14,0.00,1
CI,75646,Consumer Loan - Other - IL,0.100000,0.0079741404289,12/21/17,12/21/22,1826.00,12/21/22,9/18/19,636.00,1294.17,26.92,73000.00,32994.76,1
CI,698922,Vehicles (Consumer) - IL,0.080000,0.0064340301100,12/26/17,12/26/18,365.00,12/26/18,6/28/19,549.00,3529.26,302.51,908.49,0.00,1
CI,703005,Vehicles (Consumer) - IL,0.100000,0.0079741404289,12/27/17,12/27/22,1826.00,8/27/23,3/23/22,1547.00,17875.93,371.85,8216.00,6941.19,1
CI,448872,Vehicles (Consumer) - IL,0.100000,0.0079741404289,12/27/17,12/27/23,2191.00,12/27/23,9/28/18,275.00,12452.15,225.60,11852.15,0.00,1
CI,199449,Commercial/Ind.(not prime sec RE)CL,0.095000,0.0075915342906,12/29/17,12/29/23,2191.00,12/29/23,1/14/20,746.00,29097.30,520.48,15538.52,0.00,1
CI,205870,Vehicles (Consumer) - IL,0.120000,0.0094887929346,1/2/18,1/1/20,729.00,1/29/20,3/3/20,791.00,3805.14,176.07,746.69,0.00,1
CI,153961,Vehicles (Consumer) - IL,0.110000,0.0087345938236,1/5/18,10/5/20,1004.00,3/5/21,12/30/19,724.00,6725.00,232.62,3024.11,3024.11,1
CI,3106,Vehicles (Consumer) - IL,0.100000,0.0079741404289,1/9/18,1/9/24,2191.00,2/9/24,6/1/20,874.00,13746.20,249.04,8014.37,0.00,1
CI,991461,Consumer Loan - Other - IL,0.100000,0.0079741404289,1/11/18,5/11/18,120.00,5/11/18,9/28/18,260.00,400.00,102.00,400.00,0.00,1
CI,816677,Vehicles (Consumer) - IL,0.090000,0.0072073233161,1/17/18,1/17/25,2557.00,4/17/25,3/23/22,1526.00,27891.49,439.12,16793.70,500.00,1
CI,175363,Vehicles (Consumer) - IL,0.100000,0.0079741404289,1/19/18,10/5/25,2816.00,10/5/25,6/28/19,525.00,12212.54,185.31,11612.54,1577.66,1
CI,105119,Commercial/Ind.(not prime sec RE)CL,0.100000,0.0079741404289,1/23/18,2/5/22,1474.00,2/5/22,10/3/19,618.00,49524.22,1222.24,45000.00,1700.00,1
CI,278702,Vehicles (Consumer) - IL,0.100000,0.0079741404289,1/24/18,1/24/23,1826.00,4/24/23,3/26/21,1157.00,13327.64,277.24,7653.61,4800.00,1
CI,616036,Vehicles (Consumer) - IL,0.100000,0.0079741404289,1/31/18,1/31/22,1461.00,1/31/22,9/17/19,594.00,3055.07,75.95,3055.07,3055.07,1
CI,841696,Vehicles (Consumer) - IL,0.100000,0.0079741404289,1/30/18,11/30/22,1765.00,11/30/22,6/28/19,514.00,11048.07,236.00,11048.07,0.00,1
CI,39851,Vehicles (Consumer) - IL,0.100000,0.0079741404289,2/2/18,2/2/21,1096.00,2/2/21,12/16/19,682.00,3000.00,94.98,1530.05,0.00,1
CI,286782,Recreational Vehicles (Consumer) IL,0.100000,0.0079741404289,2/5/18,2/5/23,1826.00,2/5/23,9/27/22,1695.00,9454.53,196.67,718.59,0.00,1
CI,243619,Vehicles (Consumer) - IL,0.100000,0.0079741404289,2/6/18,2/6/23,1826.00,2/6/23,6/6/19,485.00,16955.01,352.70,15683.12,15683.12,1
CI,751546,Vehicles (Consumer) - IL,0.100000,0.0079741404289,2/9/18,2/9/23,1826.00,2/9/23,6/28/19,504.00,9263.07,192.69,8457.69,0.00,1
CI,896790,Vehicles (Consumer) - IL,0.090000,0.0072073233161,2/13/18,2/13/22,1461.00,2/13/22,12/10/19,665.00,7035.29,171.81,5371.08,0.00,1
CI,782260,Vehicles (Consumer) - IL,0.100000,0.0079741404289,2/21/18,2/21/23,1826.00,4/21/23,8/20/20,911.00,6559.58,136.45,2048.75,0.00,1
CI,241464,Vehicles (Consumer) - IL,0.100000,0.0079741404289,2/21/18,6/21/18,120.00,6/21/18,,-43152.00,6000.00,1530.02,6000.00,0.00,1
CI,100739,Consumer Loan - Other - IL,0.100000,0.0079741404289,2/23/18,6/23/18,120.00,6/23/18,9/28/18,217.00,745.75,190.17,745.75,745.75,1
CI,66868,Vehicles (Consumer) - IL,0.100000,0.0079741404289,2/23/18,2/23/24,2191.00,8/23/24,12/17/20,1028.00,14970.81,271.23,10378.60,10378.60,1
CI,987793,Vehicles (Consumer) - IL,0.110000,0.0087345938236,3/5/18,3/5/23,1826.00,3/5/23,12/13/21,1379.00,7516.41,159.74,1870.05,0.00,1
CI,213562,Vehicles (Consumer) - IL,0.140000,0.0109788519502,3/9/18,4/9/20,762.00,4/9/20,6/28/19,476.00,3269.91,148.22,3269.91,0.00,1
CI,860732,Vehicles (Consumer) - IL,0.100000,0.0079741404289,3/12/18,3/12/24,2192.00,3/12/24,5/20/20,800.00,14221.05,257.56,9115.90,0.00,1
CI,202631,Vehicles (Consumer) - IL,0.140000,0.0109788519502,3/16/18,9/16/20,915.00,9/16/20,9/28/18,196.00,3559.05,137.95,2775.48,2775.48,1
CI,68735,Vehicles (Consumer) - IL,0.100000,0.0079741404289,3/19/18,7/15/19,483.00,7/15/19,9/17/19,547.00,2000.00,132.86,2000.00,0.00,1
CI,366300,Agricultural/Other Lns to Farms -CL,0.080000,0.0064340301100,3/20/18,3/20/23,1826.00,3/31/20,6/29/20,832.00,125000.00,2488.49,11660.00,0.00,1
CI,593345,Consumer Loan - Other - IL,0.100000,0.0079741404289,3/22/18,3/22/19,365.00,3/22/19,6/28/19,463.00,719.12,62.25,719.12,0.00,1
CI,937722,Vehicles (Consumer) - IL,0.100000,0.0079741404289,3/23/18,3/23/24,2192.00,3/23/24,6/28/19,462.00,13577.59,245.91,11413.53,0.00,1
CI,498457,Commercial/Ind.(not prime sec RE)CL,0.080000,0.0064340301100,3/23/18,3/23/23,1826.00,3/23/23,9/26/19,552.00,70000.00,1393.56,70000.00,0.00,1
CI,4467,Vehicles (Consumer) - IL,0.100000,0.0079741404289,3/23/18,9/23/22,1645.00,9/23/22,6/28/19,462.00,16524.56,373.21,16042.67,0.00,1
CI,92454,Vehicles (Consumer) - IL,0.095000,0.0075915342906,3/27/18,3/20/20,724.00,3/20/20,6/28/19,458.00,5928.18,269.76,5928.18,0.00,1
CI,270114,Commercial/Ind.(not prime sec RE)CL,0.000000,0.0000000000000,3/30/18,4/4/19,370.00,4/4/19,12/19/19,629.00,386999.74,31378.36,360199.74,360199.74,1
CI,860081,Vehicles (Consumer) - IL,0.100000,0.0079741404289,4/3/18,4/3/25,2557.00,2/6/25,6/14/21,1168.00,48388.75,784.51,46703.66,0.00,1
CI,89211,Vehicles (Consumer) - IL,0.085000,0.0068214933660,4/9/18,4/9/25,2557.00,4/9/25,12/16/19,616.00,36360.57,563.98,17505.61,3600.07,1
CI,874174,Vehicles (Consumer) - IL,0.100000,0.0079741404289,4/10/18,4/10/24,2192.00,7/10/24,9/29/22,1633.00,32745.47,593.06,14606.52,783.37,1
CI,810407,Recreational Vehicles (Consumer) IL,0.090000,0.0072073233161,4/15/18,10/15/23,2009.00,5/15/26,12/19/19,613.00,26000.00,490.83,23080.84,14000.00,1
CI,726921,Consumer Loan - Other - IL,0.100000,0.0079741404289,4/20/18,4/20/22,1461.00,4/20/22,6/28/19,434.00,3805.89,94.61,3705.89,0.00,1
CI,376911,Vehicles (Consumer) - IL,0.100000,0.0079741404289,4/26/18,4/26/23,1826.00,4/26/23,12/19/19,602.00,10152.25,211.19,8127.20,0.00,1
CI,203194,Consumer Loan - Other - IL,0.100000,0.0079741404289,4/30/18,5/30/22,1491.00,5/30/22,6/28/19,424.00,4616.76,112.88,4616.76,30.00,1
CI,674432,Vehicles (Consumer) - IL,0.100000,0.0079741404289,5/2/18,5/2/24,2192.00,5/2/24,6/28/19,422.00,21036.05,380.99,19609.05,0.00,1
CI,337189,Agricultural/Other Lns to Farms -CL,0.090000,0.0072073233161,5/2/18,5/2/23,1826.00,5/2/23,12/11/19,588.00,20000.00,407.08,17000.00,0.00,1
CI,19418,Vehicles (Consumer) - IL,0.100000,0.0079741404289,4/9/18,6/15/24,2259.00,6/15/24,12/23/19,623.00,12736.81,225.64,8100.70,0.00,1
CI,771897,Recreational Vehicles (Consumer) IL,0.080000,0.0064340301100,5/10/18,5/10/24,2192.00,5/10/24,12/27/19,596.00,14000.00,240.76,14000.00,0.00,1
CI,537551,Vehicles (Consumer) - IL,0.100000,0.0079741404289,5/16/18,5/16/24,2192.00,12/30/24,8/22/23,1924.00,17077.50,309.29,14328.91,0.00,1
CI,462009,Vehicles (Consumer) - IL,0.100000,0.0079741404289,5/16/18,9/24/24,2323.00,9/24/24,12/19/19,582.00,19311.65,335.23,19311.65,19311.65,1
CI,564338,Vehicles (Consumer) - IL,0.100000,0.0079741404289,5/23/18,5/23/24,2192.00,5/23/24,9/17/19,482.00,13410.00,242.87,9363.80,0.00,1
CI,142256,Agricultural/Other Lns to Farms -CL,0.095000,0.0075915342906,6/28/18,6/28/22,1461.00,6/28/22,12/19/19,539.00,43500.00,1071.84,21579.55,0.00,1
CI,162934,Vehicles (Consumer) - IL,0.100000,0.0079741404289,7/17/18,7/17/24,2192.00,7/17/24,6/29/20,713.00,13302.81,240.93,10354.20,2000.00,1
CI,88204,Vehicles (Consumer) - IL,0.090000,0.0072073233161,7/27/18,7/27/24,2192.00,3/27/25,9/21/21,1152.00,45073.73,795.68,27184.76,27184.76,1
CI,171872,Vehicles (Consumer) - IL,0.090000,0.0072073233161,7/31/18,7/31/20,731.00,7/31/20,6/28/19,332.00,2893.26,129.90,2893.26,0.00,1
CI,758918,Vehicles (Consumer) - IL,0.110000,0.0087345938236,8/13/18,8/13/23,1826.00,11/13/23,9/28/20,777.00,12769.81,271.38,9348.31,5000.00,1
CI,682735,Vehicles (Consumer) - IL,0.090000,0.0072073233161,8/21/18,8/25/23,1830.00,8/25/23,12/30/19,496.00,6438.25,130.81,5242.73,900.00,1
CI,125435,Vehicles (Consumer) - IL,0.100000,0.0079741404289,8/23/18,11/23/20,823.00,11/23/20,12/14/20,844.00,2480.14,101.01,688.64,0.00,1
CI,555407,Vehicles (Consumer) - IL,0.110000,0.0087345938236,8/30/18,8/31/22,1462.00,10/30/23,12/30/19,487.00,6244.81,157.89,5552.42,2263.03,1
CI,26417,Vehicles (Consumer) - IL,0.100000,0.0079741404289,9/4/18,8/28/19,358.00,11/28/19,12/10/19,462.00,3500.00,308.64,1334.87,1334.87,1
CI,94774,Vehicles (Consumer) - IL,0.100000,0.0079741404289,9/4/18,9/4/25,2557.00,9/4/25,12/17/20,835.00,32394.81,525.21,25726.89,25726.89,1
CI,39302,Vehicles (Consumer) - IL,0.100000,0.0079741404289,9/4/18,9/21/19,382.00,9/21/19,9/17/19,378.00,885.81,73.43,885.81,200.00,1
CI,581709,Vehicles (Consumer) - IL,0.100000,0.0079741404289,9/10/18,9/10/23,1826.00,9/10/23,12/14/20,826.00,7150.91,148.75,1723.30,1723.30,1
CI,962171,Vehicles (Consumer) - IL,0.080000,0.0064340301100,9/18/18,9/5/25,2544.00,9/5/25,6/28/19,283.00,18118.10,277.89,7620.40,0.00,1
CI,87514,Consumer Loan - Other - IL,0.095000,0.0075915342906,9/17/18,7/17/19,303.00,7/17/19,9/27/19,375.00,1000.00,103.23,286.50,0.00,1
CI,86334,Vehicles (Consumer) - IL,0.090000,0.0072073233161,9/21/18,9/21/22,1461.00,10/21/22,12/10/19,445.00,4739.27,115.74,4354.30,0.00,1
CI,425998,Vehicles (Consumer) - IL,0.100000,0.0079741404289,9/28/18,10/5/23,1833.00,10/5/23,12/18/19,446.00,17662.50,366.32,16514.68,12662.81,1
CI,412362,Vehicles (Consumer) - IL,0.120000,0.0094887929346,10/5/18,10/5/20,731.00,10/5/20,12/10/19,431.00,5062.53,233.69,4125.85,3105.70,1
CI,956314,Vehicles (Consumer) - IL,0.100000,0.0079741404289,10/5/18,10/5/24,2192.00,10/5/24,9/21/23,1812.00,15931.77,288.54,4158.10,4158.10,1
CI,906721,Vehicles (Consumer) - IL,0.100000,0.0079741404289,10/12/18,10/12/19,365.00,2/12/20,12/11/19,425.00,3000.00,259.71,1582.57,1582.57,1
CI,616971,Vehicles (Consumer) - IL,0.100000,0.0079741404289,10/19/18,10/19/24,2192.00,10/19/24,6/29/20,619.00,16384.80,296.75,12704.92,11738.87,1
CI,493675,Vehicles (Consumer) - IL,0.090000,0.0072073233161,11/1/18,11/1/20,731.00,11/1/20,9/30/19,333.00,2500.00,112.24,1970.89,0.00,1
CI,953135,Consumer Loan - Other - IL,0.100000,0.0079741404289,11/2/18,11/2/19,365.00,1/2/20,3/26/20,510.00,1500.00,129.86,164.63,0.00,1
CI,945672,Vehicles (Consumer) - IL,0.100000,0.0079741404289,11/13/18,11/13/23,1826.00,2/13/24,12/17/20,765.00,13826.38,287.61,9715.83,6800.00,1
CI,524868,Vehicles (Consumer) - IL,0.100000,0.0079741404289,11/8/18,11/8/24,2192.00,11/8/24,12/27/19,414.00,30165.97,546.34,27635.56,10500.00,1
CI,635480,Statement/Unsecured (Consumer) -IL,0.100000,0.0079741404289,11/20/18,11/20/19,365.00,11/20/19,12/11/19,386.00,2000.00,173.14,432.72,432.72,1
CI,858644,Vehicles (Consumer) - IL,0.100000,0.0079741404289,11/21/18,11/22/22,1462.00,8/22/24,3/23/22,1218.00,56373.30,1400.60,29316.14,100.00,1
CI,970218,Consumer Loan - Other - IL,0.100000,0.0079741404289,11/29/18,11/10/19,346.00,11/10/19,12/11/19,377.00,1500.00,136.65,514.52,0.00,1
CI,615723,Commercial/Ind.(not prime sec RE)CL,0.090000,0.0072073233161,11/30/18,11/30/24,2192.00,11/30/24,12/19/19,384.00,212139.73,3744.85,212139.73,53727.38,1
CI,49163,Vehicles (Consumer) - IL,0.110000,0.0087345938236,12/12/18,12/12/24,2192.00,12/12/24,12/16/19,369.00,22800.81,423.47,22627.57,14800.00,1
CI,856189,Vehicles (Consumer) - IL,0.100000,0.0079741404289,12/13/18,12/11/19,363.00,2/11/20,12/10/19,362.00,2765.56,240.67,1675.94,1675.94,1
CI,661140,Vehicles (Consumer) - IL,0.100000,0.0079741404289,12/14/18,12/14/24,2192.00,12/14/24,6/28/19,196.00,26309.00,476.49,16951.63,0.00,1
CI,428980,Vehicles (Consumer) - IL,0.100000,0.0079741404289,12/17/18,12/17/24,2192.00,12/17/24,10/9/19,296.00,12835.81,232.47,8299.21,0.00,1
CI,633989,Vehicles (Consumer) - IL,0.100000,0.0079741404289,12/17/18,11/17/19,335.00,1/17/20,12/11/19,359.00,3000.00,281.86,1085.70,1085.70,1
CI,696397,Vehicles (Consumer) - IL,0.140000,0.0109788519502,12/20/18,12/20/20,731.00,12/20/20,12/11/19,356.00,2522.38,118.54,1855.22,1855.22,1
CI,263681,Vehicles (Consumer) - IL,0.100000,0.0079741404289,12/21/18,12/21/19,365.00,12/21/19,12/11/19,355.00,4000.00,346.28,2346.95,163.70,1
CI,734686,Vehicles (Consumer) - IL,0.100000,0.0079741404289,12/27/18,12/27/21,1096.00,12/27/21,11/4/19,312.00,4000.00,126.64,3542.74,0.00,1
CI,12811,Vehicles (Consumer) - IL,0.100000,0.0079741404289,1/3/19,1/3/20,365.00,1/3/20,9/30/19,270.00,1000.00,86.57,471.92,471.92,1
CI,274344,Vehicles (Consumer) - IL,0.100000,0.0079741404289,1/4/19,1/4/25,2192.00,1/4/25,12/30/19,360.00,6916.34,125.26,6498.22,54.26,1
CI,517191,Vehicles (Consumer) - IL,0.100000,0.0079741404289,1/14/19,1/14/25,2192.00,7/28/25,6/30/22,1263.00,20411.81,369.68,14685.61,6600.00,1
CI,271772,Vehicles (Consumer) - IL,0.100000,0.0079741404289,7/5/16,7/5/22,2191.00,8/5/22,11/18/19,1231.00,17387.91,315.02,6006.95,0.00,1
CI,165199,Surecash,15.15000%,1.26250%,3/27/01,12/31/99,2921488,12/31/99,4/8/24,8413,$800.00,$10.10 ,$194.93,$0.00,$0.00
CI,783680,PRIMARY HELOC W/TEN YEAR REPAYMENT,6.75000%,0.56250%,10/5/20,10/25/40,7325,10/25/40,3/5/24,1247,"$222,400.00","$1,677.42 ","$222,394.20",$0.00,$0.00
CI,608041,Surecash,15.15000%,1.26250%,9/14/95,12/31/99,2923509,12/31/99,6/29/11,5767,"$5,000.00",$63.13 ,"$2,688.63",$0.00,$197.70
CI,183674,Surecash,15.15000%,1.26250%,12/2/09,12/31/99,2918316,12/31/99,2/7/11,432,"$5,000.00",$63.13 ,"$3,808.96",$0.00,$81.15
CI,737003,Surecash,8.00000%,0.66667%,10/4/10,12/31/99,2918010,12/31/99,2/17/11,136,"$1,274.92",$8.50 ,"$1,274.92",$0.00,"$4,700.00"
CI,426055,Surecash,15.15000%,1.26250%,6/2/06,12/31/99,2919595,12/31/99,6/29/11,1853,"$2,000.00",$25.25 ,"$1,488.76",$0.00,$0.00
CI,106225,Surecash,15.15000%,1.26250%,8/17/06,12/31/99,2919519,12/31/99,3/28/12,2050,"$1,000.00",$12.63 ,$974.52,$0.00,$0.00
CI,628907,Surecash,15.15000%,1.26250%,5/30/07,12/31/99,2919233,12/31/99,6/14/10,1111,$500.00,$6.31 ,$500.00,$538.72,$0.00
CI,642496,Surecash,15.15000%,1.26250%,9/5/08,12/31/99,2918769,12/31/99,6/14/10,647,$500.00,$6.31 ,$500.00,$535.97,"$7,224.00"
CI,747961,Surecash,15.15000%,1.26250%,9/9/10,12/31/99,2918035,12/31/99,6/28/12,658,"$5,000.00",$63.13 ,"$4,265.87",$0.00,$0.00
CI,64004,Surecash,15.15000%,1.26250%,4/10/97,12/31/99,2922935,12/31/99,5/8/17,7333,"$1,000.00",$12.63 ,"$1,485.26",$0.00,$0.00
CI,549269,Surecash,15.15000%,1.26250%,1/16/01,12/31/99,2921558,12/31/99,6/14/10,3436,$500.00,$6.31 ,$500.00,$0.00,$0.00
CI,843099,Surecash,15.15000%,1.26250%,9/20/01,12/31/99,2921311,12/31/99,8/17/10,3253,"$1,000.00",$12.63 ,"$1,000.00",$0.00,$0.00
CI,588798,Surecash,15.15000%,1.26250%,4/18/08,12/31/99,2918909,12/31/99,6/14/10,787,$500.00,$6.31 ,$386.01,$0.00,"$12,000.00"
CI,502261,PRIMARY HELOC W/TEN YEAR REPAYMENT,7.25000%,0.60417%,12/22/22,12/25/42,7308,12/25/42,12/19/23,362,"$270,000.00","$2,120.00 ","$262,584.96",$0.00,"$22,645.00"
CI,156238,Vehicles (Consumer) - IL,8.25000%,0.68750%,3/22/24,6/25/29,1921,6/25/29,8/22/25,518,"$21,594.69",$418.04 ,"$14,405.84",$0.00,"$5,307.94"
CI,607168,Surecash,15.15000%,1.26250%,5/6/16,12/31/99,2915969,12/31/99,6/23/20,1509,$300.00,$3.79 ,$300.00,$0.00,$0.00
CI,931959,Surecash,15.15000%,1.26250%,6/16/06,12/31/99,2919581,12/31/99,4/22/11,1771,"$2,000.00",$25.25 ,"$1,750.26",$0.00,"$5,134.64"
CI,949957,Surecash,15.15000%,1.26250%,2/28/06,12/31/99,2919689,12/31/99,5/17/16,3731,"$1,500.00",$18.94 ,"$1,332.50",$933.95,$0.00
CI,608305,Surecash,15.15000%,1.26250%,4/21/05,12/31/99,2920002,12/31/99,3/28/13,2898,$500.00,$6.31 ,$360.68,$32.87,$0.00
CI,991664,Surecash,15.15000%,1.26250%,9/29/06,12/31/99,2919476,12/31/99,1/31/12,1950,"$1,000.00",$12.63 ,$583.31,$0.00,$367.08
CI,633547,Surecash,15.15000%,1.26250%,7/27/10,12/31/99,2918079,12/31/99,8/25/10,29,$995.35,$12.57 ,$995.35,$0.00,$50.00
CI,886197,Surecash,15.15000%,1.26250%,9/18/07,12/31/99,2919122,12/31/99,6/12/13,2094,"$1,700.00",$21.46 ,$312.08,$0.00,$400.00
CI,910333,Surecash,15.15000%,1.26250%,10/14/09,12/31/99,2918365,12/31/99,7/19/11,643,"$1,000.00",$12.63 ,$958.79,$15.64,$144.34
CI,191408,Surecash,11.90000%,0.99167%,2/6/15,12/31/99,2916424,12/31/99,9/13/21,2411,$100.00,$0.99 ,$100.00,$100.00,$0.00
CI,531035,Surecash,15.15000%,1.26250%,12/15/22,12/31/99,2913555,12/31/99,6/26/24,559,$500.00,$6.31 ,"$1,000.00",$0.00,$0.00
CI,24920,Vehicles (Consumer) - IL,0.110000,0.0087345938236,12/10/96,6/15/00,1283.00,9/15/00,1/4/99,755.00,7670.00,215.70,3324.92,0.00,0
CI,618248,Vehicles (Consumer) - IL,0.097500,0.0077830370879,3/18/97,3/20/99,732.00,3/20/99,2/10/99,694.00,2045.00,92.35,810.04,0.00,0
CI,896900,Vehicles (Consumer) - IL,0.100000,0.0079741404289,6/3/99,6/3/04,1827.00,10/20/05,12/19/02,1295.00,9610.16,199.82,4217.08,1460.00,0
CI,886500,Vehicles (Consumer) - IL,0.082500,0.0066279668044,6/18/99,6/15/03,1458.00,8/15/03,9/26/00,466.00,9210.36,222.29,7200.00,0.00,0
CI,349313,Commercial/Ind.(not prime sec RE)CL,0.092500,0.0073996302872,10/20/99,10/20/04,1827.00,8/15/07,9/26/07,2898.00,76000.00,1554.72,42427.63,0.00,0
CI,469561,Vehicles (Consumer) - IL,0.082500,0.0066279668044,10/13/99,10/20/05,2199.00,11/20/05,12/12/01,791.00,24828.78,428.75,13000.00,0.00,0
CI,791548,Vehicles (Consumer) - IL,0.090000,0.0072073233161,10/14/99,10/20/03,1467.00,12/20/03,2/11/03,1216.00,7056.00,171.73,1155.99,0.00,0
CI,362889,Vehicles (Consumer) - IL,0.082500,0.0066279668044,11/1/99,10/25/04,1820.00,2/25/05,9/7/04,1772.00,15219.84,305.51,3297.88,200.00,0
CI,107562,Vehicles (Consumer) - IL,0.085000,0.0068214933660,2/14/00,3/5/04,1481.00,9/15/09,12/8/04,1759.00,14850.00,355.31,8125.68,1441.71,0
CI,770446,Vehicles (Consumer) - IL,0.045800,0.0037388172355,7/13/00,7/20/04,1468.00,4/20/11,6/6/02,693.00,10056.00,225.26,6171.23,0.00,0
CI,781207,Statement/Unsecured (Consumer) -IL,0.105000,0.0083551556836,9/6/00,9/17/02,741.00,9/17/02,6/6/02,638.00,1650.00,74.21,650.75,0.00,0
CI,219383,Recreational Vehicles (Consumer) IL,0.142500,0.0111634214168,4/18/01,4/15/03,727.00,5/15/03,6/6/02,414.00,1998.10,94.56,1472.87,3.46,0
CI,754631,Vehicles (Consumer) - IL,0.085000,0.0068214933660,11/15/02,11/20/07,1831.00,12/20/07,6/4/04,567.00,11028.08,221.51,5746.55,1760.81,0
CI,574224,Vehicles (Consumer) - IL,0.077500,0.0062396814613,1/20/04,1/20/09,1827.00,2/20/09,5/24/05,490.00,13065.00,258.53,2180.53,0.05,0
CI,421210,Vehicles (Consumer) - IL,0.129000,0.0101623128808,9/20/04,10/29/04,39.00,3/20/07,9/22/05,367.00,17100.00,13307.65,17100.00,0.00,0
CI,556570,Vehicles (Consumer) - IL,0.085000,0.0068214933660,3/21/05,3/21/09,1461.00,3/21/09,7/18/06,484.00,15875.00,384.21,7500.00,0.00,0
CI,145912,Vehicles (Consumer) - IL,0.096500,0.0077064840014,2/22/06,2/22/11,1826.00,9/22/12,9/21/10,1672.00,33863.69,699.11,12104.00,4289.52,0
CI,356560,Vehicles (Consumer) - IL,0.119000,0.0094136514065,5/31/06,5/30/09,1095.00,5/30/09,2/26/08,636.00,4406.25,143.21,3031.46,3232.32,0
CI,882131,Comm Constr 1-4 Fmly RE & Land Dev,0.080000,0.0064340301100,7/17/06,7/17/07,365.00,1/17/11,1/18/11,1646.00,1209043.00,103632.83,718730.10,0.00,0
CI,175737,Vehicles (Consumer) - IL,0.096500,0.0077064840014,9/22/06,9/25/11,1829.00,12/25/11,9/28/09,1102.00,21182.44,436.74,10000.00,0.00,0
CI,741625,Vehicles (Consumer) - IL,0.068900,0.0055679505949,10/6/06,10/6/10,1461.00,6/6/11,6/27/11,1725.00,29095.05,683.74,12300.00,0.00,0
CI,182609,Vehicles (Consumer) - IL,0.068900,0.0055679505949,2/2/07,2/15/12,1839.00,3/15/12,6/29/10,1243.00,37677.58,727.18,15559.63,0.00,0
CI,72407,Non-Farm/Non-Residential Proprty-RE,0.052690,0.0042882343464,3/8/07,3/10/10,1098.00,3/15/14,12/23/11,1751.00,329662.00,9751.73,247876.56,0.00,0
CI,352036,Vehicles (Consumer) - IL,0.114000,0.0090370179501,5/11/07,11/11/08,550.00,11/11/08,12/13/07,216.00,1318.75,78.38,1226.41,0.00,0
CI,698318,Vehicles (Consumer) - IL,0.094000,0.0075148209323,5/30/07,5/25/11,1456.00,1/25/12,7/21/09,783.00,17080.00,421.30,7333.00,100.00,0
CI,428269,Comm Constr 1-4 Fmly RE & Land Dev,0.080000,0.0064340301100,7/10/07,1/10/09,550.00,9/21/16,6/13/16,3261.00,1800368.00,104422.75,867119.14,108224.65,0
CI,137162,Vehicles (Consumer) - IL,0.119000,0.0094136514065,8/9/07,8/9/12,1827.00,8/9/12,5/5/11,1365.00,23060.00,499.24,8701.25,10000.00,0
CI,100930,Vehicles (Consumer) - IL,0.094000,0.0075148209323,10/19/07,10/19/12,1827.00,10/19/12,4/23/09,552.00,11252.16,230.94,5957.51,0.67,0
CI,915657,Vehicles (Consumer) - IL,0.079000,0.0063563401875,1/11/08,1/22/14,2203.00,1/22/14,3/29/11,1173.00,25239.00,431.20,8625.00,4230.96,0
CI,311153,Vehicles (Consumer) - IL,0.094000,0.0075148209323,2/20/08,2/20/13,1827.00,2/20/13,9/18/09,576.00,10858.62,222.86,6381.14,288.39,0
CI,833245,Vehicles (Consumer) - IL,0.114000,0.0090370179501,4/23/08,4/23/11,1095.00,4/23/11,3/25/09,336.00,8488.39,274.06,7547.16,4752.51,0
CI,222780,Vehicles (Consumer) - IL,0.084000,0.0067441318412,5/15/08,5/15/12,1461.00,6/15/12,4/23/09,343.00,10584.17,255.70,5709.13,3311.79,0
CI,429927,Vehicles (Consumer) - IL,0.084000,0.0067441318412,5/15/08,5/15/13,1826.00,7/15/13,3/25/11,1044.00,14095.14,283.12,6283.59,20.00,0
CI,370130,Vehicles (Consumer) - IL,0.105000,0.0083551556836,6/16/08,6/16/11,1095.00,6/16/11,12/1/09,533.00,3603.20,114.94,1800.00,0.00,0
CI,512808,Recreational Vehicles (Consumer) IL,0.144000,0.0112739854719,6/30/08,6/30/11,1095.00,6/30/11,3/25/09,268.00,4144.01,139.12,3876.92,0.00,0
CI,983950,Vehicles (Consumer) - IL,0.104000,0.0082790792399,8/14/08,8/15/12,1462.00,8/15/12,3/25/09,223.00,8790.32,219.94,5100.00,0.00,0
CI,298522,Vehicles (Consumer) - IL,0.104000,0.0082790792399,7/28/08,7/28/12,1461.00,10/28/12,12/21/09,511.00,10144.43,253.96,8863.41,2186.93,0
CI,742572,Vehicles (Consumer) - IL,0.066500,0.0053796066408,9/22/08,9/22/12,1461.00,9/22/12,7/30/10,676.00,11898.12,278.37,1400.05,0.00,0
CI,340212,Vehicles (Consumer) - IL,0.084000,0.0067441318412,10/23/08,10/24/13,1827.00,2/10/15,9/28/11,1070.00,10970.55,220.26,7356.97,7346.01,0
CI,154960,Vehicles (Consumer) - IL,0.084000,0.0067441318412,10/23/08,10/23/12,1461.00,12/23/12,2/19/10,484.00,8221.49,198.62,3941.60,0.00,0
CI,410028,Vehicles (Consumer) - IL,0.109000,0.0086588317099,12/2/08,12/2/12,1461.00,3/2/13,12/23/11,1116.00,8360.41,211.14,3976.58,4682.01,0
CI,371819,Recreational Vehicles (Consumer) IL,0.085000,0.0068214933660,2/23/09,2/28/14,1831.00,2/28/14,11/2/10,617.00,11487.60,230.74,412.64,0.00,0
CI,478251,Vehicles (Consumer) - IL,0.090000,0.0072073233161,6/10/09,6/10/14,1826.00,6/10/14,5/5/11,694.00,22402.00,455.97,10202.03,0.00,0
CI,886310,SBA - Equipment,0.093500,0.0074764401457,7/7/17,7/7/24,2557.00,7/7/24,10/2/23,2278.00,33600.00,534.49,8345.99,0.00,1
CI,253684,SBA - Equipment,0.077500,0.0062396814613,12/12/18,12/12/25,2557.00,5/12/26,3/27/25,2297.00,82000.00,1243.39,26589.92,0.00,1
CI,427332,SBA - Equipment,10.00000%,0.83333%,8/14/19,8/14/26,2557,8/14/26,6/14/23,1400,"$30,000.00",$493.05 ,"$21,506.00","$21,506.00",$0.00
CI,672003,Vehicles (Consumer) - IL,0.106050,0.0084349680574,3/3/20,11/3/22,975.00,12/3/22,9/21/21,567.00,5809.18,205.11,3764.67,3764.67,1
CI,184556,Statement/Unsecured (Consumer) -IL,0.102500,0.0081648460519,2/9/98,2/15/00,736.00,2/15/00,12/9/98,303.00,3698.34,166.96,2643.24,0.00,0
CI,69363,Vehicles (Consumer) - IL,0.095000,0.0075915342906,11/15/00,11/25/06,2201.00,12/25/06,12/19/02,764.00,29894.09,532.92,24087.07,0.00,0
CI,156396,Vehicles (Consumer) - IL,0.107500,0.0085450710395,2/12/01,2/12/03,730.00,2/12/03,4/29/02,441.00,2056.00,93.94,950.00,166.76,0
CI,374403,Vehicles (Consumer) - IL,0.102500,0.0081648460519,1/24/02,8/10/05,1294.00,10/10/05,9/14/05,1329.00,11539.47,318.48,3787.97,1296.69,0
CI,111138,Vehicles (Consumer) - IL,0.092500,0.0073996302872,4/2/02,4/15/08,2205.00,8/15/08,5/2/05,1126.00,25570.88,452.30,18858.93,16400.00,0
CI,248744,Statement/Unsecured (Consumer) -IL,0.135000,0.0106085972466,6/19/02,6/25/04,737.00,9/25/04,3/16/04,636.00,2732.84,126.95,1074.36,131.00,0
CI,221532,Statement/Unsecured (Consumer) -IL,0.135000,0.0106085972466,11/8/02,11/25/04,748.00,5/25/05,3/16/04,494.00,6315.44,289.60,5594.98,0.00,0
CI,20539,Statement/Unsecured (Consumer) -IL,0.100000,0.0079741404289,1/28/03,2/1/05,735.00,3/1/05,12/8/04,680.00,6050.00,272.83,1969.96,0.00,0
CI,376315,Vehicles (Consumer) - IL,0.135000,0.0106085972466,11/26/02,12/10/04,745.00,12/10/04,12/23/03,392.00,5750.00,264.60,4701.78,3350.75,0
CI,749255,Vehicles (Consumer) - IL,0.105000,0.0083551556836,12/4/02,6/4/08,2009.00,7/4/08,8/31/04,636.00,30096.95,588.66,19500.00,897.00,0
CI,488351,Statement/Unsecured (Consumer) -IL,0.150000,0.0117149169199,1/16/03,1/16/05,731.00,2/16/05,2/25/04,405.00,3050.00,144.61,2173.78,0.00,0
CI,337303,Statement/Unsecured (Consumer) -IL,0.125000,0.0098635805532,1/24/03,1/24/05,731.00,1/24/05,9/16/03,235.00,2550.00,118.24,2164.08,0.00,0
CI,868111,Vehicles (Consumer) - IL,0.049900,0.0040661545935,2/20/03,8/20/08,2008.00,8/20/08,9/16/04,574.00,36945.70,631.61,33188.50,20000.00,0
CI,952537,Statement/Unsecured (Consumer) -IL,0.142500,0.0111634214168,5/9/03,5/10/05,732.00,5/10/05,1/16/04,252.00,3293.00,154.92,2651.31,0.00,0
CI,470382,Vehicles (Consumer) - IL,0.062500,0.0050648349498,7/2/03,7/10/09,2200.00,8/10/09,10/15/04,471.00,28668.69,469.00,21300.00,4500.00,0
CI,997273,Vehicles (Consumer) - IL,0.080000,0.0064340301100,8/21/03,4/15/08,1699.00,6/15/08,12/8/05,840.00,12704.52,268.39,9773.68,3890.00,0
CI,588811,Statement/Unsecured (Consumer) -IL,0.130000,0.0102368443582,3/18/05,5/18/05,61.00,6/18/05,9/21/05,187.00,3550.00,1773.06,1502.71,50.00,0
CI,236411,Statement/Unsecured (Consumer) -IL,0.125000,0.0098635805532,5/21/04,5/25/06,734.00,5/25/06,7/23/04,63.00,4571.44,211.21,4571.44,0.00,0
CI,891888,Vehicles (Consumer) - IL,0.094000,0.0075148209323,2/7/07,2/15/11,1469.00,6/15/11,3/23/10,1140.00,10584.19,259.16,5097.07,0.17,0
CI,327668,Vehicles (Consumer) - IL,0.084000,0.0067441318412,7/23/07,7/25/11,1463.00,9/25/11,9/29/08,434.00,6710.00,161.92,3104.22,6.01,0
CI,608537,Vehicles (Consumer) - IL,0.149000,0.0116415750097,11/6/07,11/6/09,731.00,12/6/09,9/29/08,328.00,2760.00,130.75,1974.53,0.00,0
CI,607110,Vehicles (Consumer) - IL,0.144000,0.0112739854719,11/27/07,11/15/09,719.00,12/15/09,3/25/09,484.00,3360.00,160.77,1991.30,0.00,0
CI,569142,Vehicles (Consumer) - IL,0.084000,0.0067441318412,12/28/07,12/25/10,1093.00,12/25/10,6/16/08,171.00,8658.44,268.84,6300.00,0.00,0
CI,713894,Vehicles (Consumer) - IL,0.094000,0.0075148209323,1/14/08,1/25/13,1838.00,4/25/13,9/27/11,1352.00,12980.00,265.14,6743.28,331.39,0
CI,626946,Vehicles (Consumer) - IL,0.124000,0.0097887453502,3/7/08,3/21/11,1109.00,3/21/11,12/16/08,284.00,4810.00,155.70,4475.81,0.47,0
CI,677169,Vehicles (Consumer) - IL,0.066400,0.0053717505476,4/11/08,4/10/14,2190.00,7/10/14,9/30/09,537.00,19778.63,328.24,12185.33,220.57,0
CI,367654,Statement/Unsecured (Consumer) -IL,0.159000,0.0123723760382,4/29/08,4/30/10,731.00,4/30/10,12/16/08,231.00,2560.00,122.34,2273.97,15.34,0
CI,46680,Recreational Vehicles (Consumer) IL,0.144000,0.0112739854719,8/13/08,8/30/11,1112.00,10/30/11,3/25/09,224.00,4060.00,134.62,4060.00,4320.22,0
CI,41090,Vehicles (Consumer) - IL,0.045000,0.0036748094004,10/6/21,10/5/25,1460.00,11/5/25,6/29/23,631.00,15081.00,338.99,9663.63,6813.89,1
CI,43266,Surecash,15.15000%,1.26250%,9/3/97,12/31/99,2922789,12/31/99,8/18/11,5097,"$2,000.00",$25.25 ,"$1,917.60","$1,917.60",$0.00
CI,986355,Surecash,15.15000%,1.26250%,8/3/98,12/31/99,2922455,12/31/99,6/23/20,7995,$300.00,$3.79 ,$288.26,$288.26,"$85,528.00"
CI,970941,Surecash,15.15000%,1.26250%,11/29/07,12/31/99,2919050,12/31/99,1/10/13,1869,$500.00,$6.31 ,$225.30,$25.50,"$1,500.00"
CI,467015,Surecash,15.15000%,1.26250%,6/19/01,12/31/99,2921404,12/31/99,12/24/15,5301,$100.00,$1.26 ,$100.00,$0.00,"$4,968.74"
CI,755766,Surecash,15.15000%,1.26250%,10/18/01,12/31/99,2921283,12/31/99,1/31/14,4488,$200.00,$2.53 ,$200.00,$0.00,"$32,550.00"
CI,616282,Surecash,15.15000%,1.26250%,5/11/05,12/31/99,2919982,12/31/99,8/17/12,2655,$500.00,$6.31 ,$479.54,$0.00,$0.00
CI,256673,Surecash,15.15000%,1.26250%,8/30/05,12/31/99,2919871,12/31/99,9/7/11,2199,$300.00,$3.79 ,$217.10,$217.10,"$120,000.00"
CI,527801,Surecash,15.15000%,1.26250%,6/19/07,12/31/99,2919213,12/31/99,3/29/12,1745,$300.00,$3.79 ,$298.36,$0.00,"$66,790.54"
CI,57314,Surecash,15.15000%,1.26250%,5/12/09,12/31/99,2918520,12/31/99,12/16/24,5697,$500.00,$6.31 ,$58.60,$0.00,$0.00
CI,198774,Surecash,0.00000%,0.00000%,12/28/06,12/31/99,2919386,12/31/99,6/28/12,2009,"$1,500.00",$0.02 ,"$1,072.99",$743.72,$0.00
CI,538539,Surecash,15.15000%,1.26250%,8/8/08,12/31/99,2918797,12/31/99,9/27/12,1511,"$1,500.00",$18.94 ,$831.69,$172.32,$0.00
CI,731157,Surecash,15.15000%,1.26250%,12/17/08,12/31/99,2918666,12/31/99,2/3/11,778,$525.00,$6.63 ,$521.37,$0.00,$715.28
CI,129660,Surecash,16.65000%,1.38750%,12/21/16,12/31/99,2915740,12/31/99,5/14/19,874,$300.00,$4.16 ,$285.53,$285.53,$0.00
CI,566140,Surecash,15.15000%,1.26250%,2/21/18,12/31/99,2915313,12/31/99,12/13/23,2121,$500.00,$6.31 ,$200.00,$0.00,$0.00
CI,381590,Surecash,15.15000%,1.26250%,10/24/07,12/31/99,2919086,12/31/99,12/13/23,5894,"$5,000.00",$63.13 ,"$2,421.53",$0.00,$0.00
CI,415367,Surecash,15.15000%,1.26250%,4/3/06,12/31/99,2919655,12/31/99,12/9/11,2076,$300.00,$3.79 ,$300.00,$0.00,"$8,101.79"
CI,765000,Statement/Unsecured (Consumer) -IL,0.115000,0.0091124684369,6/1/23,12/1/25,914.00,12/1/25,6/24/24,389.00,3075.00,116.04,2146.28,0.00,1
CI,237429,Statement/Unsecured (Consumer) -IL,11.50000%,0.95833%,7/17/23,7/16/26,1095,7/16/26,3/28/24,255,"$5,075.00",$165.43 ,"$4,718.39",$0.00,"$3,551.27"
CI,321970,Vehicles (Consumer) - IL,0.095000,0.0075915342906,7/18/23,1/16/26,913.00,2/16/26,6/24/24,342.00,12105.00,446.97,9861.50,9861.50,1
CI,562814,Statement/Unsecured (Consumer) -IL,0.082500,0.0066279668044,7/21/97,7/25/99,734.00,8/25/99,12/29/99,891.00,9392.68,417.13,1904.86,0.00,0
CI,791965,Vehicles (Consumer) - IL,0.102500,0.0081648460519,6/23/98,12/25/99,550.00,12/25/99,3/10/00,626.00,3146.88,185.51,914.35,0.00,0
CI,554143,Vehicles (Consumer) - IL,0.094000,0.0075148209323,4/3/06,4/15/11,1838.00,5/15/11,4/15/09,1108.00,8800.34,179.76,3500.00,79.86,0
CI,241089,Statement/Unsecured (Consumer) -IL,0.150000,0.0117149169199,10/17/06,10/20/09,1099.00,3/20/10,6/25/08,617.00,8672.04,292.51,7022.18,0.00,0
CI,725606,Vehicles (Consumer) - IL,0.102500,0.0081648460519,4/21/08,4/25/13,1830.00,11/25/13,9/15/10,877.00,20421.71,426.38,10722.68,0.00,0
CI,756861,Vehicles (Consumer) - IL,0.120000,0.0094887929346,4/10/09,4/15/12,1101.00,5/15/12,9/30/10,538.00,6075.00,196.80,4344.04,2001.00,0
CI,939878,Statement/Unsecured (Consumer) -IL,0.140000,0.0109788519502,12/1/09,12/10/11,739.00,12/10/11,3/31/10,120.00,2075.00,96.60,2004.44,0.00,0
CI,253056,Vehicles (Consumer) - IL,0.070000,0.0056541453874,8/26/10,8/25/15,1825.00,8/25/15,12/9/11,470.00,10075.00,196.19,8343.57,5727.02,1
CI,705388,Vehicles (Consumer) - IL,0.122500,0.0096763780332,12/20/12,6/3/14,530.00,10/3/14,5/28/14,524.00,1627.45,100.66,478.83,0.00,0
CI,270764,Vehicles (Consumer) - IL,0.102500,0.0081648460519,8/7/14,8/15/18,1469.00,11/15/18,9/20/17,1140.00,7075.00,175.87,3487.03,0.00,1
CI,210986,Vehicles (Consumer) - IL,0.112500,0.0089237257287,6/30/17,1/5/19,554.00,1/5/19,12/21/18,539.00,2450.00,144.49,860.82,0.00,1
CI,622211,Vehicles (Consumer) - IL,0.102500,0.0081648460519,3/26/19,3/25/24,1826.00,7/25/24,2/22/21,699.00,21025.00,439.72,12508.40,0.00,1
CI,582435,Surecash,15.15000%,1.26250%,8/6/08,12/31/99,2918799,12/31/99,2/11/11,919,$300.00,$3.79 ,$300.00,$0.00,$0.00
CI,759661,Surecash,15.15000%,1.26250%,9/14/95,12/31/99,2923509,12/31/99,12/7/10,5563,"$2,000.00",$25.25 ,"$1,374.45",$0.00,$0.00
CI,178530,Surecash,15.15000%,1.26250%,10/14/99,12/31/99,2922018,12/31/99,4/11/11,4197,$500.00,$6.31 ,$500.00,$0.00,$0.00
CI,140953,Statement/Unsecured (Consumer) -IL,0.110000,0.0087345938236,11/29/05,5/29/06,181.00,12/15/07,3/13/08,835.00,20120.31,3438.04,15710.28,0.00,0
CI,99177,Statement/Unsecured (Consumer) -IL,0.110000,0.0087345938236,2/2/06,2/21/06,19.00,12/15/07,3/13/08,770.00,18060.00,28719.09,16814.56,0.00,0
CI,652932,Vehicles (Consumer) - IL,0.100000,0.0079741404289,4/3/06,10/3/06,183.00,10/3/07,3/13/08,710.00,44213.68,7454.71,30878.61,267.82,0
CI,651038,Vehicles (Consumer) - IL,11.50000%,0.95833%,7/28/22,7/28/26,1461,7/28/26,2/14/23,201,"$15,081.00",$388.99 ,"$15,081.00","$8,940.41","$12,223.00"
CI,67290,Vehicles (Consumer) - IL,0.135000,0.0106085972466,8/23/23,2/23/26,915.00,2/23/26,6/25/25,672.00,3381.00,130.33,1550.04,718.02,1
CI,957907,Surecash,15.15000%,1.26250%,9/14/95,12/31/99,2923509,12/31/99,3/30/11,5676,"$1,000.00",$12.63 ,$491.19,$0.00,$0.00
CI,415412,Chargeoff Surecash/Visa,8.00000%,0.66667%,5/7/20,12/31/99,2914507,12/31/99,5/26/20,19,"$4,814.15",$32.09 ,"$4,814.15","$2,265.72",$0.00
CI,511042,Surecash,15.15000%,1.26250%,6/17/15,12/31/99,2916293,12/31/99,2/13/20,1702,"$5,000.00",$63.13 ,"$5,000.00",$0.00,$0.00
CI,47499,Surecash,15.15000%,1.26250%,11/16/04,12/31/99,2920158,12/31/99,9/25/24,7253,$100.00,$1.26 ,$15.86,$15.86,$0.00
CI,735016,Surecash,15.15000%,1.26250%,6/19/08,12/31/99,2918847,12/31/99,3/27/13,1742,$500.00,$6.31 ,$395.14,$21.30,"$6,800.00"
CI,279041,Surecash,15.15000%,1.26250%,12/18/17,12/31/99,2915378,12/31/99,9/27/22,1744,$300.00,$3.79 ,$300.00,$300.00,$0.00
CI,973631,Surecash,15.15000%,1.26250%,12/15/11,12/31/99,2917573,12/31/99,1/18/24,4417,$300.00,$3.79 ,$300.00,$0.00,"$34,253.02"
CI,406462,Surecash,15.15000%,1.26250%,1/27/12,12/31/99,2917530,12/31/99,3/6/14,769,$300.00,$3.79 ,$293.34,$0.00,$0.00
CI,368821,Vehicles (Consumer) - IL,0.092500,0.0073996302872,8/21/02,9/1/05,1107.00,9/1/05,12/18/03,484.00,11495.70,357.15,4234.62,636.00,0
CI,699572,Vehicles (Consumer) - IL,0.090000,0.0072073233161,8/27/02,9/1/06,1466.00,10/1/06,3/9/06,1290.00,4905.69,119.46,834.58,75.00,0
CI,984882,Vehicles (Consumer) - IL,0.070000,0.0056541453874,11/5/02,11/5/06,1461.00,11/5/06,6/5/06,1308.00,6725.70,158.38,1653.88,1734.27,0
CI,981905,Vehicles (Consumer) - IL,0.090000,0.0072073233161,12/6/02,12/15/06,1470.00,12/15/06,12/8/03,367.00,6168.74,149.88,4120.23,345.00,0
CI,400752,Vehicles (Consumer) - IL,0.070000,0.0056541453874,12/17/02,12/15/06,1459.00,12/15/08,12/21/04,735.00,15353.70,361.98,14967.55,6431.05,0
CI,778482,Vehicles (Consumer) - IL,0.075000,0.0060449190243,12/18/02,12/25/07,1833.00,12/25/07,9/22/04,644.00,13965.70,274.06,8793.21,2150.00,0
CI,489712,Vehicles (Consumer) - IL,0.080000,0.0064340301100,12/30/02,1/1/07,1463.00,2/1/07,9/13/05,988.00,10905.70,261.26,5793.06,4303.00,0
CI,543223,Vehicles (Consumer) - IL,0.095000,0.0075915342906,5/31/03,6/1/06,1097.00,7/1/06,3/15/04,289.00,12250.00,384.91,13280.96,2462.94,0
CI,735271,Vehicles (Consumer) - IL,0.090000,0.0072073233161,6/16/03,6/16/07,1461.00,6/16/07,6/8/04,358.00,16324.00,398.65,16812.39,6700.00,0
CI,108637,Vehicles (Consumer) - IL,0.080000,0.0064340301100,8/25/03,8/25/08,1827.00,8/25/08,3/15/04,203.00,13698.00,272.58,13698.00,5600.00,0
CI,880376,Vehicles (Consumer) - IL,0.095000,0.0075915342906,4/12/04,4/15/06,733.00,4/15/06,12/1/05,598.00,6228.96,280.27,2236.75,0.05,0
CI,863473,Vehicles (Consumer) - IL,0.104000,0.0082790792399,12/2/05,12/1/08,1095.00,12/1/08,5/30/06,179.00,4450.00,141.77,2070.11,361.00,0
CI,172162,Vehicles (Consumer) - IL,0.114000,0.0090370179501,10/17/07,11/7/11,1482.00,11/7/11,12/31/07,75.00,10810.00,272.26,10810.00,1000.00,0
CI,17879,Statement/Unsecured (Consumer) -IL,0.144000,0.0112739854719,10/23/07,10/30/09,738.00,10/30/09,2/9/09,475.00,3560.00,166.52,2060.74,0.49,0
CI,214014,Recreational Vehicles (Consumer) IL,0.075000,0.0060449190243,8/19/09,9/15/12,1123.00,9/15/12,8/16/10,362.00,2875.00,86.05,374.44,0.00,0
CI,538205,Surecash,15.15000%,1.26250%,8/16/05,12/31/99,2919885,12/31/99,12/23/11,2320,$500.00,$6.31 ,$500.00,$0.00,$0.00
CI,941489,Surecash,15.15000%,1.26250%,12/16/04,12/31/99,2920128,12/31/99,2/14/20,5538,$700.00,$8.84 ,$700.00,$0.00,$0.00
CI,910040,Surecash,15.15000%,1.26250%,8/10/22,12/31/99,2913682,12/31/99,6/26/24,686,$500.00,$6.31 ,$499.68,$151.16,$0.00
CI,311779,Vehicles (Consumer) - IL,0.115000,0.0091124684369,7/17/02,1/30/05,928.00,2/28/05,3/10/05,967.00,4750.00,176.91,1633.13,400.00,0
CI,47813,Recreational Vehicles (Consumer) IL,0.122500,0.0096763780332,8/20/02,9/4/05,1111.00,9/4/05,6/8/04,658.00,14050.00,453.23,9231.12,1882.72,0
CI,824941,Vehicles (Consumer) - IL,0.065000,0.0052616942768,11/7/02,11/20/06,1474.00,12/20/06,6/24/04,595.00,10404.90,240.87,8011.24,3358.36,0
CI,274310,Vehicles (Consumer) - IL,0.075000,0.0060449190243,12/13/02,6/20/08,2016.00,8/20/08,5/23/05,892.00,17557.40,318.70,7488.92,0.00,0
CI,849334,Vehicles (Consumer) - IL,0.100000,0.0079741404289,1/6/03,1/6/06,1096.00,1/6/06,9/22/03,259.00,6350.00,201.05,6872.47,2111.00,0
CI,79287,Statement/Unsecured (Consumer) -IL,0.100000,0.0079741404289,1/31/03,1/19/05,719.00,1/19/05,12/8/03,311.00,2950.00,135.71,2419.69,0.00,0
CI,380465,Vehicles (Consumer) - IL,0.049900,0.0040661545935,4/7/03,4/14/07,1468.00,4/14/07,3/17/04,345.00,15879.90,358.53,7874.03,0.00,0
CI,777421,Statement/Unsecured (Consumer) -IL,0.110000,0.0087345938236,7/22/03,8/1/05,741.00,5/19/06,6/26/06,1070.00,4050.00,183.00,447.00,0.00,0
CI,630292,Vehicles (Consumer) - IL,0.085000,0.0068214933660,8/18/03,8/18/07,1461.00,8/18/07,9/13/04,392.00,4050.00,98.02,3445.99,200.00,0
CI,132504,Vehicles (Consumer) - IL,0.100000,0.0079741404289,9/15/03,9/30/06,1111.00,9/30/06,6/22/05,646.00,7050.00,220.61,5400.43,0.00,0
CI,512515,Vehicles (Consumer) - IL,0.094000,0.0075148209323,9/22/06,9/15/11,1819.00,9/15/11,6/29/07,280.00,17585.00,362.17,17004.72,0.00,0
CI,947511,Surecash,15.15000%,1.26250%,2/16/06,12/31/99,2919701,12/31/99,4/24/23,6276,$300.00,$3.79 ,$300.00,$129.92,$0.00
CI,465969,Surecash,15.15000%,1.26250%,11/12/09,12/31/99,2918336,12/31/99,9/11/13,1399,"$1,000.00",$12.63 ,$976.56,$0.00,"$2,750.00"
CI,674686,Recreational Vehicles (Consumer) IL,0.117500,0.0093008236189,8/19/02,8/1/05,1078.00,8/1/05,6/8/04,659.00,1750.00,57.52,1075.47,197.70,0
CI,568161,Vehicles (Consumer) - IL,0.087500,0.0070146116041,8/21/02,2/16/05,910.00,3/16/05,12/5/03,471.00,5504.14,202.08,2550.00,81.15,0
CI,265254,Vehicles (Consumer) - IL,0.080000,0.0064340301100,10/9/02,10/19/06,1471.00,11/19/06,8/2/05,1028.00,9948.13,237.21,5175.97,4700.00,0
CI,963781,Vehicles (Consumer) - IL,0.085000,0.0068214933660,10/30/02,10/20/05,1086.00,2/20/06,6/22/05,966.00,12848.75,401.77,359.01,0.00,0
CI,606466,Vehicles (Consumer) - IL,0.095000,0.0075915342906,11/19/02,11/15/05,1092.00,11/15/05,9/22/03,307.00,12723.91,401.39,7327.40,0.00,0
CI,558881,Vehicles (Consumer) - IL,0.085000,0.0068214933660,12/4/02,6/5/06,1279.00,6/5/06,4/21/03,138.00,16092.50,436.28,12000.00,0.00,0
CI,218190,Vehicles (Consumer) - IL,0.080000,0.0064340301100,12/17/02,6/20/07,1646.00,6/20/07,6/8/04,539.00,13850.00,300.40,8482.68,7224.00,0
CI,72807,Vehicles (Consumer) - IL,0.072500,0.0058497409526,12/30/02,12/20/06,1451.00,12/20/06,12/5/03,340.00,13773.75,327.79,9700.00,0.00,0
CI,183813,Statement/Unsecured (Consumer) -IL,0.145000,0.0113476210381,12/31/02,1/15/05,746.00,1/15/05,9/22/03,265.00,20000.00,927.62,17440.89,0.00,0
CI,205327,Vehicles (Consumer) - IL,0.090000,0.0072073233161,1/7/03,1/15/09,2200.00,1/15/09,9/22/03,258.00,39850.00,701.52,36767.12,0.00,0
CI,562298,Vehicles (Consumer) - IL,0.092500,0.0073996302872,1/7/03,1/15/09,2200.00,1/15/09,9/22/03,258.00,39850.00,706.08,37218.93,0.00,0
CI,69523,Recreational Vehicles (Consumer) IL,0.087500,0.0070146116041,1/8/03,1/15/08,1833.00,1/15/08,12/5/03,331.00,18948.00,382.37,17751.05,12000.00,0
CI,550430,Recreational Vehicles (Consumer) IL,0.085000,0.0068214933660,1/29/03,2/5/08,1833.00,2/5/08,9/22/03,236.00,40050.00,803.75,42709.72,22645.00,0
CI,165013,Vehicles (Consumer) - IL,0.080000,0.0064340301100,11/6/02,11/19/08,2205.00,11/19/08,9/22/03,320.00,18160.63,310.87,17246.01,5307.94,0
CI,179505,Vehicles (Consumer) - IL,0.072500,0.0058497409526,12/19/02,6/24/07,1648.00,6/24/07,3/10/05,812.00,15201.69,324.37,6262.99,0.00,0
CI,140558,Vehicles (Consumer) - IL,0.097500,0.0077830370879,3/7/03,3/25/06,1114.00,4/25/06,9/13/04,556.00,9705.25,301.96,7010.28,5134.64,0
CI,688539,Surecash,15.15000%,1.26250%,12/9/08,12/31/99,2918674,12/31/99,6/27/12,1296,$500.00,$6.31 ,$444.11,$0.00,$0.00
CI,39154,Surecash,15.15000%,1.26250%,10/9/07,12/31/99,2919101,12/31/99,9/10/10,1067,$500.00,$6.31 ,$500.00,$0.00,$0.00
CI,238203,Surecash,15.15000%,1.26250%,7/15/10,12/31/99,2918091,12/31/99,6/7/18,2884,$300.00,$3.79 ,$295.18,$0.00,"$52,100.14"
CI,102200,Surecash,15.15000%,1.26250%,6/27/16,12/31/99,2915917,12/31/99,2/13/20,1326,$300.00,$3.79 ,$300.00,$300.00,$0.00
CI,190489,Surecash,15.15000%,1.26250%,6/15/10,12/31/99,2918121,12/31/99,2/3/15,1694,$100.00,$1.26 ,$100.00,$10.87,$190.00
CI,253135,Surecash,15.15000%,1.26250%,3/25/09,12/31/99,2918568,12/31/99,12/27/10,642,$500.00,$6.31 ,$481.25,$859.93,$0.00
CI,54270,Surecash,15.15000%,1.26250%,5/18/11,12/31/99,2917784,12/31/99,1/31/14,989,$300.00,$3.79 ,$856.85,$0.00,"$28,512.38"
CI,667512,Surecash,15.15000%,1.26250%,5/30/12,12/31/99,2917406,12/31/99,6/4/13,370,$300.00,$3.79 ,$976.00,$100.00,"$154,200.00"
CI,433373,Surecash,11.65000%,0.97083%,5/24/12,12/31/99,2917412,12/31/99,3/11/19,2482,$300.00,$2.91 ,$300.00,$300.00,"$101,339.12"
CI,302280,Surecash,15.15000%,1.26250%,7/15/11,12/31/99,2917726,12/31/99,9/26/14,1169,$500.00,$6.31 ,$250.95,$0.00,$200.00
CI,990957,Surecash,16.90000%,1.40833%,6/26/12,12/31/99,2917379,12/31/99,12/14/22,3823,$300.00,$4.23 ,$299.18,$299.18,$0.00
CI,768162,Surecash,11.65000%,0.97083%,7/9/13,12/31/99,2917001,12/31/99,7/1/14,357,$300.00,$2.91 ,$292.54,$292.54,$0.00
CI,926564,Surecash,15.15000%,1.26250%,6/18/13,12/31/99,2917022,12/31/99,2/13/20,2431,$300.00,$3.79 ,$300.00,$0.00,$0.00
CI,22257,Recreational Vehicles (Consumer) IL,0.089000,0.0071302873000,5/8/07,5/8/12,1827.00,6/8/12,8/4/08,454.00,10060.00,204.22,1831.13,0.00,0
CI,276813,Vehicles (Consumer) - IL,0.068900,0.0055679505949,1/24/08,1/24/13,1827.00,3/24/13,11/3/10,1014.00,21066.00,408.82,5807.76,0.00,0
CI,370606,Statement/Unsecured (Consumer) -IL,0.100000,0.0079741404289,5/12/08,10/5/08,146.00,8/20/09,12/15/08,217.00,4160.00,874.89,3776.11,367.08,0
CI,439956,Vehicles (Consumer) - IL,0.104000,0.0082790792399,7/9/08,7/9/12,1461.00,7/9/12,9/25/08,78.00,10860.00,271.88,3247.39,50.00,0
CI,809417,Vehicles (Consumer) - IL,0.110000,0.0087345938236,2/18/09,2/18/13,1461.00,3/18/13,6/22/12,1220.00,6175.00,156.22,2114.93,400.00,0
CI,641767,Commercial/Ind.(not prime sec RE)CL,0.036300,0.0029758087216,10/20/09,10/20/10,365.00,1/28/19,4/29/19,3478.00,20100.00,1684.60,7536.67,144.34,0
CI,149541,Statement/Unsecured (Consumer) -IL,0.115000,0.0091124684369,7/8/11,1/15/14,922.00,1/15/14,3/31/14,997.00,3575.00,133.90,214.69,0.00,0
CI,513261,Vehicles (Consumer) - IL,0.067500,0.0054581304569,9/12/11,9/12/15,1461.00,11/12/15,4/29/15,1325.00,10075.00,236.15,4251.55,0.00,1
CI,493794,Commercial/Ind.(not prime sec RE)CL,0.102500,0.0081648460519,10/15/12,4/13/13,180.00,2/13/19,4/29/19,2387.00,9912.00,1699.53,6703.09,0.00,0
CI,493001,Vehicles (Consumer) - IL,0.095000,0.0075915342906,5/11/18,5/5/23,1820.00,10/5/23,12/22/20,956.00,11075.00,228.49,198.44,0.00,1
CI,871261,Vehicles (Consumer) - IL,0.120000,0.0094887929346,12/9/19,12/6/21,728.00,2/6/22,3/9/21,456.00,3863.75,179.01,2592.44,0.00,1
CI,806870,Commercial/Ind.(not prime sec RE)CL,3.74000%,0.31167%,12/24/21,12/24/27,2191,1/24/28,6/24/24,913,"$44,530.00",$682.69 ,"$30,592.40","$30,592.40",$0.00
CI,256590,Recreational Vehicles (Consumer) IL,11.50000%,0.95833%,5/3/22,5/3/28,2192,6/3/28,3/28/23,329,"$90,290.68","$1,724.13 ","$84,850.44","$45,067.88",
CI,412092,Surecash,15.15000%,1.26250%,1/13/11,12/31/99,2917909,12/31/99,7/30/12,564,$305.00,$3.85 ,$677.46,$0.00,
CI,127393,Surecash,15.15000%,1.26250%,10/5/18,12/31/99,2915087,12/31/99,10/27/22,1483,"$1,000.00",$12.63 ,$993.68,$500.00,
CI,85121,Surecash,15.15000%,1.26250%,10/23/17,12/31/99,2915434,12/31/99,7/1/24,2443,$500.00,$6.31 ,$135.44,$0.00,
CI,164759,Surecash,15.15000%,1.26250%,7/15/19,12/31/99,2914804,12/31/99,10/28/24,1932,$300.00,$3.79 ,$300.00,$0.00,
CI,982452,Surecash,15.15000%,1.26250%,5/23/25,12/31/99,2912665,12/31/99,9/22/25,122,$100.00,$1.26 ,$100.00,$100.00,
CI,640869,Vehicles (Consumer) - IL,8.50000%,0.70833%,7/10/23,7/9/27,1460,8/9/27,3/20/25,619,"$11,362.55",$276.84 ,"$8,383.04","$3,983.05",
CI,173525,Vehicles (Consumer) - IL,0.050000,0.0040741237836,8/8/07,8/15/13,2199.00,8/15/13,10/29/09,813.00,23684.06,374.41,9616.00,200.00,0
CI,645819,Vehicles (Consumer) - IL,0.062500,0.0050648349498,12/6/07,12/15/13,2201.00,12/15/13,3/29/11,1209.00,55060.00,900.40,32197.52,0.00,0
CI,935463,Non-Farm/Non-Residential Proprty-RE,0.052500,0.0042731277662,7/22/08,7/15/23,5471.00,3/15/12,12/23/11,1249.00,423092.00,3344.92,293336.10,0.00,1
CI,519593,Vehicles (Consumer) - IL,3.75000%,0.31250%,7/26/21,7/22/26,1822,7/22/26,10/29/24,1191,"$48,338.25",$875.07 ,"$18,973.24",$0.00,
CI,199438,Surecash,15.15000%,1.26250%,4/17/15,12/31/99,2916354,12/31/99,6/23/20,1894,$200.00,$2.53 ,$300.00,$300.00,
CI,740350,Surecash,15.15000%,1.26250%,8/27/14,12/31/99,2916587,12/31/99,2/14/20,1997,$100.00,$1.26 ,$100.00,$0.00,
CI,955078,Surecash,8.00000%,0.66667%,3/2/18,12/31/99,2915304,7/1/23,2/16/21,1082,"$15,000.00",$100.00 ,"$12,009.60",$0.00,
CI,329462,Surecash,15.15000%,1.26250%,6/7/21,12/31/99,2914111,12/31/99,3/6/24,1003,"$2,000.00",$25.25 ,"$1,930.69",$0.00,
CI,536997,Recreational Vehicles (Consumer) IL,0.102500,0.0081648460519,6/19/17,6/15/20,1092.00,11/15/20,12/12/19,906.00,8475.00,270.08,4676.28,0.00,1
CI,346704,Recreational Vehicles (Consumer) IL,5.75000%,0.47917%,3/5/20,3/5/26,2191,6/5/26,12/17/24,1748,"$41,046.00",$667.41 ,"$13,817.15","$13,817.15",
CI,850927,Surecash,15.15000%,1.26250%,2/26/24,12/31/99,2913117,12/31/99,9/29/25,581,"$6,000.00",$75.75 ,"$5,552.81",$460.76,
CI,202164,Surecash,15.15000%,1.26250%,8/15/23,12/31/99,2913312,12/31/99,4/14/25,608,"$1,000.00",$12.63 ,"$1,000.00",$0.00,
CI,268638,Vehicles (Consumer) - IL,0.095000,0.0075915342906,6/8/21,12/10/23,915.00,12/10/23,9/28/22,477.00,10075.00,371.29,6998.23,0.00,1
CI,55222,Vehicles (Consumer) - IL,8.50000%,0.70833%,12/7/22,12/17/26,1471,1/17/27,12/21/23,379,"$18,531.00",$448.67 ,"$17,046.70","$9,563.13",
CI,257081,Recreational Vehicles (Consumer) IL,0.102500,0.0081648460519,6/22/23,6/29/24,373.00,7/29/24,5/7/24,320.00,2581.00,219.15,1755.46,0.00,1
CI,530891,Vehicles (Consumer) - IL,0.130000,0.0102368443582,4/2/19,10/1/21,913.00,12/1/21,9/21/21,903.00,9081.00,348.79,2278.33,0.00,1
CI,154017,Commercial/Ind.(not prime sec RE)CL,0.080000,0.0064340301100,4/5/19,8/5/21,853.00,9/25/23,6/29/20,451.00,41391.60,1597.62,26042.64,0.00,1
CI,940851,Commercial/Ind.(not prime sec RE)CL,0.000000,0.0000000083333,12/9/19,12/1/23,1453.00,12/1/23,12/30/19,21.00,222953.26,4603.30,222953.26,0.00,1
CI,82455,Vehicles (Consumer) - IL,0.120000,0.0094887929346,10/24/19,4/24/22,913.00,5/24/22,12/30/20,433.00,4287.28,162.86,3175.92,750.00,1
CI,280186,Farmland - RE,0.00001%,0.00000%,12/31/19,3/1/41,7731,3/1/41,1/3/20,3,"$316,000.00","$1,226.23 ","$316,000.00","$316,000.00",
CI,602441,Vehicles (Consumer) - IL,0.100000,0.0079741404289,3/25/20,3/25/24,1461.00,8/12/24,6/27/23,1189.00,33075.00,822.21,13973.52,13973.52,1
CI,937917,Vehicles (Consumer) - IL,0.045000,0.0036748094004,11/8/21,12/8/24,1126.00,12/8/24,3/28/24,871.00,3575.00,102.14,1227.68,0.00,1
CI,245603,Vehicles (Consumer) - IL,0.042500,0.0034744950035,1/25/21,7/25/24,1277.00,8/15/26,9/23/25,1702.00,10075.00,255.03,9254.29,0.00,1
CI,883555,Commercial/Ind.(not prime sec RE)CL,0.082500,0.0066279668044,3/12/21,8/15/25,1617.00,8/15/25,3/29/22,382.00,70540.00,1560.66,40000.00,1000.00,1
CI,402235,Vehicles (Consumer) - IL,9.25000%,0.77083%,9/10/21,9/10/26,1826,9/10/26,9/21/23,741,"$30,229.02",$624.11 ,"$11,231.48",$0.00,
CI,243246,Vehicles (Consumer) - IL,0.092500,0.0073996302872,9/17/21,9/18/25,1462.00,10/18/25,6/21/23,642.00,8210.62,201.30,5737.60,213.10,1
CI,239171,Vehicles (Consumer) - IL,0.060000,0.0048675505653,10/20/21,4/15/24,908.00,4/15/24,6/27/23,615.00,6021.00,214.43,2883.43,500.00,1
CI,674466,Vehicles (Consumer) - IL,0.000000,0.0000000083333,2/25/22,2/25/26,1461.00,11/1/29,9/25/24,943.00,13075.00,268.48,6395.70,4195.70,1
CI,534860,Recreational Vehicles (Consumer) IL,8.50000%,0.70833%,6/27/22,7/5/26,1469,7/5/26,6/25/25,1094,"$12,081.00",$292.84 ,"$5,023.47",$0.00,
CI,615132,Vehicles (Consumer) - IL,0.157500,0.0122631252405,8/7/23,8/7/25,731.00,8/7/25,8/22/25,746.00,3081.00,147.04,627.47,0.00,1
CI,556811,Recreational Vehicles (Consumer) IL,0.147500,0.0115314523603,8/21/23,8/21/25,731.00,10/21/25,9/30/25,771.00,8075.00,382.03,2459.32,2459.32,1
CI,949311,Surecash,15.15000%,1.26250%,9/27/22,12/31/99,2913634,12/31/99,2/10/25,867,$500.00,$6.31 ,$500.00,$91.13,
CI,609593,Surecash,15.90000%,1.32500%,1/8/21,12/31/99,2914261,12/31/99,7/11/23,914,$500.00,$6.63 ,$500.00,$500.00,
CI,16602,Vehicles (Consumer) - IL,0.117500,0.0093008236189,10/24/22,10/24/23,365.00,10/24/23,2/15/23,114.00,4488.51,391.90,4488.51,0.00,1
CI,623548,Commercial/Ind.(not prime sec RE)CL,10.90000%,0.90833%,3/24/23,3/24/28,1827,11/5/26,12/3/24,620,"$65,499.00","$1,405.03 ","$23,167.48","$18,402.34",
CI,3133,Surecash,15.15000%,1.26250%,2/14/22,12/31/99,2913859,12/31/99,12/9/24,1029,$300.00,$3.79 ,$300.00,$123.78,
CI,675906,Surecash,15.15000%,1.26250%,9/14/22,12/31/99,2913647,12/31/99,2/24/25,894,$500.00,$6.31 ,$486.03,$486.03,
CI,849944,Surecash,15.15000%,1.26250%,8/8/16,12/31/99,2915875,12/31/99,2/14/20,1285,$500.00,$6.31 ,$974.35,$0.00,
CI,266766,Surecash,15.15000%,1.26250%,8/25/20,12/31/99,2914397,12/31/99,1/11/21,139,$300.00,$3.79 ,$300.00,$297.83,
CI,988129,Chargeoff Surecash/Visa,8.00000%,0.66667%,3/16/10,12/31/99,2918212,12/31/99,8/31/10,168,"$1,507.82",$10.05 ,"$1,582.82",$10.00,
CI,491093,Chargeoff Surecash/Visa,8.00000%,0.66667%,10/25/18,12/31/99,2915067,12/31/99,10/29/18,4,$258.11,$1.72 ,$258.11,$258.11,
CI,185772,Chargeoff Surecash/Visa,8.00000%,0.66667%,11/10/09,12/31/99,2918338,12/31/99,3/11/10,121,"$2,635.43",$17.57 ,"$2,635.43","$1,256.60",
CI,828020,Chargeoff Surecash/Visa,8.00000%,0.66667%,4/22/19,12/31/99,2914888,12/31/99,4/23/19,1,$534.76,$3.57 ,$534.76,$534.76,
CI,621431,Chargeoff Surecash/Visa,8.00000%,0.66667%,12/30/19,12/31/99,2914636,12/31/99,2/6/20,38,"$1,048.46",$6.99 ,"$1,048.46","$1,048.46",
CI,97892,Chargeoff Surecash/Visa,8.00000%,0.66667%,12/20/18,12/31/99,2915011,12/31/99,12/24/18,4,$669.48,$4.46 ,$669.48,$669.48,
CI,640622,Chargeoff Surecash/Visa,8.00000%,0.66667%,1/29/19,12/31/99,2914971,12/31/99,1/30/19,1,"$2,525.22",$16.83 ,"$2,525.22","$2,525.22",
CI,246958,Vehicles (Consumer) - IL,0.140000,0.0109788519502,12/3/12,12/3/16,1461.00,12/3/16,4/3/14,486.00,107.02,2.85,107.02,0.00,1
CI,243182,Vehicles (Consumer) - IL,0.095000,0.0075915342906,1/10/06,1/25/11,1841.00,1/25/11,3/15/11,1890.00,9712.95,198.59,9712.95,0.00,0
CI,332031,Vehicles (Consumer) - IL,0.110000,0.0087345938236,8/4/06,8/4/07,365.00,8/4/07,1/2/07,151.00,5000.00,434.97,5000.00,0.00,0
CI,712957,Vehicles (Consumer) - IL,0.100000,0.0079741404289,9/13/06,9/13/07,365.00,9/13/07,10/19/06,36.00,1843.92,159.63,1843.92,0.00,0
CI,308821,Vehicles (Consumer) - IL,0.120000,0.0094887929346,2/15/07,2/15/13,2192.00,2/15/13,10/30/08,623.00,12135.59,231.02,12135.59,0.00,0
CI,666581,Vehicles (Consumer) - IL,0.097500,0.0077830370879,3/20/07,6/20/08,458.00,6/20/08,3/6/13,2178.00,498790.29,34778.17,495481.46,0.00,0
CI,289890,Vehicles (Consumer) - IL,0.100000,0.0079741404289,3/23/07,6/23/11,1553.00,6/23/11,8/4/10,1230.00,3139.08,74.25,3139.08,0.00,0
CI,249986,Vehicles (Consumer) - IL,0.110000,0.0087345938236,4/20/07,10/20/08,549.00,10/20/08,12/31/07,255.00,5728.03,340.05,5728.03,0.00,0
CI,552296,Consumer Loan - Other - IL,0.100000,0.0079741404289,6/28/07,6/28/18,4018.00,6/28/18,1/31/19,4235.00,11892.72,144.82,11892.72,0.00,1
CI,406774,Vehicles (Consumer) - IL,0.085000,0.0068214933660,10/11/07,9/11/09,701.00,9/11/09,8/17/12,1772.00,15695.80,728.96,15695.80,0.00,0
CI,856506,Vehicles (Consumer) - IL,0.100000,0.0079741404289,4/24/12,4/24/13,365.00,4/24/13,,-41023.00,2503.84,216.76,2503.84,0.00,0
CI,464073,Vehicles (Consumer) - IL,0.090000,0.0072073233161,6/22/12,6/22/13,365.00,6/22/13,,-41082.00,3050.00,262.74,3050.00,0.00,0
CI,49861,Vehicles (Consumer) - IL,0.100000,0.0079741404289,10/1/12,4/1/14,547.00,4/1/14,1/1/13,92.00,1459.90,86.35,1459.90,0.00,0
CI,569376,Vehicles (Consumer) - IL,0.110000,0.0087345938236,10/23/12,4/23/14,547.00,4/23/14,12/24/13,427.00,1588.18,94.60,1588.18,0.00,0
CI,380681,Vehicles (Consumer) - IL,0.120000,0.0094887929346,10/31/12,10/31/14,730.00,10/31/14,3/29/13,149.00,2834.58,131.00,2834.58,0.00,0
CI,924541,Vehicles (Consumer) - IL,0.100000,0.0079741404289,11/26/12,11/26/17,1826.00,11/26/17,1/25/16,1155.00,7516.74,156.36,7516.74,0.00,1
CI,448145,Vehicles (Consumer) - IL,0.090000,0.0072073233161,11/29/12,12/15/13,381.00,12/15/13,6/28/13,211.00,8000.00,661.46,8000.00,0.00,0
CI,841852,Vehicles (Consumer) - IL,0.120000,0.0094887929346,12/4/12,12/4/15,1095.00,12/4/15,5/12/15,889.00,8960.43,291.60,8960.43,0.00,1
CI,277726,Vehicles (Consumer) - IL,0.100000,0.0079741404289,12/7/12,6/25/19,2391.00,6/25/19,11/3/15,1061.00,5586.91,94.99,5586.91,0.00,1
CI,583039,Vehicles (Consumer) - IL,0.095000,0.0075915342906,12/11/12,7/18/17,1680.00,7/18/17,4/21/17,1592.00,2560.18,56.29,2560.18,0.00,1
CI,85852,Vehicles (Consumer) - IL,0.120000,0.0094887929346,12/14/12,12/14/18,2191.00,12/14/18,3/13/15,819.00,5637.40,107.35,5637.40,0.00,1
CI,995312,Vehicles (Consumer) - IL,0.110000,0.0087345938236,12/17/12,12/17/15,1095.00,12/17/15,9/16/13,273.00,5499.54,176.62,5499.54,0.00,1
CI,193464,Vehicles (Consumer) - IL,0.100000,0.0079741404289,12/20/12,12/20/13,365.00,12/20/13,,-41263.00,10895.20,943.20,10895.20,0.00,0
CI,613144,Vehicles (Consumer) - IL,0.130000,0.0102368443582,12/19/12,10/19/13,304.00,10/19/13,2/23/15,796.00,645.30,67.37,645.30,0.00,0
CI,969055,Vehicles (Consumer) - IL,0.100000,0.0079741404289,12/26/12,3/26/14,455.00,3/26/14,12/30/13,369.00,9000.00,632.37,9000.00,0.00,0
CI,21743,Vehicles (Consumer) - IL,0.100000,0.0079741404289,12/31/12,5/13/17,1594.00,5/13/17,4/21/17,1572.00,6021.46,139.47,6021.46,0.00,1
CI,542752,Vehicles (Consumer) - IL,0.100000,0.0079741404289,1/15/13,2/26/18,1868.00,2/26/18,10/24/16,1378.00,6500.71,132.86,6500.71,300.00,1
CI,824439,Vehicles (Consumer) - IL,0.080000,0.0064340301100,1/21/13,8/5/19,2387.00,8/5/19,11/3/14,651.00,13228.04,212.94,13228.04,0.00,1
CI,737030,Vehicles (Consumer) - IL,0.100000,0.0079741404289,1/22/13,1/22/17,1461.00,1/22/17,8/12/13,202.00,6018.83,149.62,6018.83,0.00,1
CI,827718,Vehicles (Consumer) - IL,0.090000,0.0072073233161,1/24/13,2/24/20,2587.00,2/24/20,6/15/16,1238.00,21619.44,337.51,21619.44,0.00,1
CI,356335,Commercial/Ind.(not prime sec RE)CL,0.090000,0.0072073233161,1/29/13,1/29/14,365.00,5/30/22,9/28/20,2799.00,25000.00,2153.59,22250.00,6384.11,0
CI,668028,Vehicles (Consumer) - IL,0.130000,0.0102368443582,1/30/13,1/31/16,1096.00,1/31/16,10/5/15,978.00,371.20,12.23,371.20,0.00,1
CI,20499,Vehicles (Consumer) - IL,0.090000,0.0072073233161,2/25/13,10/1/18,2044.00,10/1/18,12/29/17,1768.00,28000.00,521.54,28000.00,0.00,1
CI,841792,Vehicles (Consumer) - IL,0.090000,0.0072073233161,2/26/13,12/26/13,303.00,12/26/13,6/28/13,122.00,10000.00,1030.13,10000.00,0.00,0
CI,415353,Vehicles (Consumer) - IL,0.100000,0.0079741404289,2/27/13,2/27/16,1095.00,2/27/16,9/24/13,209.00,4549.99,144.17,4549.99,0.00,1
CI,951131,Vehicles (Consumer) - IL,0.100000,0.0079741404289,2/28/13,4/28/19,2250.00,4/28/19,2/5/15,707.00,12820.77,227.79,12820.77,0.00,1
CI,230016,Vehicles (Consumer) - IL,0.100000,0.0079741404289,3/5/13,3/5/19,2191.00,3/5/19,6/12/19,2290.00,3980.30,72.11,3980.30,0.00,1
CI,374001,Vehicles (Consumer) - IL,0.100000,0.0079741404289,3/14/13,5/20/19,2258.00,5/20/19,4/13/15,760.00,2017.94,35.76,2017.94,0.00,1
CI,791667,Vehicles (Consumer) - IL,0.100000,0.0079741404289,3/15/13,7/8/18,1941.00,7/8/18,8/9/17,1608.00,1579.11,31.34,1579.11,27.15,1
CI,670087,Vehicles (Consumer) - IL,0.100000,0.0079741404289,3/18/13,7/18/19,2313.00,7/18/19,9/6/16,1268.00,1330.75,23.17,1330.75,0.00,1
CI,570129,Chargeoff Surecash/Visa,15.15000%,1.26250%,3/3/21,12/31/99,2914207,12/31/99,3/4/21,1,"$1,853.95",$23.41 ,"$1,853.95",$57.37,
CI,763896,Chargeoff Surecash/Visa,8.00000%,0.66667%,3/18/19,12/31/99,2914923,12/31/99,3/20/19,2,"$2,483.10",$16.55 ,"$2,483.10","$2,483.10",
CI,232141,Chargeoff Surecash/Visa,0.00010%,0.00001%,12/21/09,12/31/99,2918297,12/31/99,3/11/10,80,"$4,502.85",$0.05 ,"$4,502.85",$360.89,
CI,520157,Chargeoff Surecash/Visa,8.00000%,0.66667%,4/7/25,12/31/99,2912711,12/31/99,4/8/25,1,"$5,149.07",$34.33 ,"$5,149.07","$5,149.07",
CI,52409,Chargeoff Surecash/Visa,8.00000%,0.66667%,8/26/15,12/31/99,2916223,12/31/99,8/28/15,2,"$4,241.46",$28.28 ,"$4,241.46",$0.00,
CI,611771,Chargeoff Surecash/Visa,7.25000%,0.60417%,4/7/25,12/31/99,2912711,12/31/99,4/8/25,1,"$10,966.92",$66.26 ,"$10,966.92",$0.00,
CI,812536,Chargeoff Surecash/Visa,8.00000%,0.66667%,10/4/10,12/31/99,2918010,12/31/99,10/18/10,14,"$5,835.14",$38.90 ,"$5,835.14",$0.00,
CI,844406,Chargeoff Surecash/Visa,8.00000%,0.66667%,8/27/20,12/31/99,2914395,12/31/99,8/31/20,4,"$33,796.99",$225.31 ,"$33,796.99","$33,796.99",
CI,428714,Chargeoff Surecash/Visa,6.75000%,0.56250%,10/22/24,12/31/99,2912878,12/31/99,10/23/24,1,$187.45,$1.05 ,$187.45,$0.00,
CI,339072,Chargeoff Surecash/Visa,8.00000%,0.66667%,12/22/10,12/31/99,2917931,12/31/99,12/28/10,6,"$6,514.16",$43.43 ,"$6,514.16",$0.00,
CI,875255,Chargeoff Surecash/Visa,0.00000%,0.00000%,2/13/15,12/31/99,2916417,12/31/99,2/23/15,10,"$6,362.16",$0.07 ,"$6,362.16",$0.00,
CI,198521,Surecash,16.90000%,1.40833%,11/4/21,12/31/99,2913961,12/31/99,11/5/21,1,"$1,492.02",$21.01 ,"$1,492.02","$1,492.02",
CI,810394,Chargeoff Surecash/Visa,8.00000%,0.66667%,12/16/11,12/31/99,2917572,12/31/99,1/3/12,18,"$5,335.19",$35.57 ,"$5,335.19",$0.00,
CI,67952,Chargeoff Surecash/Visa,8.00000%,0.66667%,10/4/10,12/31/99,2918010,12/31/99,10/18/10,14,"$5,480.62",$36.54 ,"$5,480.62",$200.00,
CI,563268,Chargeoff Surecash/Visa,8.00000%,0.66667%,12/14/10,12/31/99,2917939,12/31/99,12/21/10,7,"$3,902.73",$26.02 ,"$3,902.73",$0.00,
CI,114416,Chargeoff Surecash/Visa,8.00000%,0.66667%,12/22/10,12/31/99,2917931,12/31/99,12/28/10,6,"$2,757.53",$18.38 ,"$2,757.53",$40.00,
CI,314629,Chargeoff Surecash/Visa,8.00000%,0.66667%,5/8/12,12/31/99,2917428,12/31/99,6/1/12,24,"$3,824.42",$25.50 ,"$3,824.42",$0.00,
CI,468236,Chargeoff Surecash/Visa,8.00000%,0.66667%,5/31/13,12/31/99,2917040,12/31/99,6/14/13,14,"$2,255.19",$15.03 ,"$2,255.19","$1,425.04",
CI,22800,Chargeoff Surecash/Visa,8.00000%,0.66667%,9/30/19,12/31/99,2914727,12/31/99,9/30/19,0,"$3,689.14",$24.59 ,"$3,689.14","$3,689.14",
CI,854368,Chargeoff Surecash/Visa,7.25000%,0.60417%,5/12/25,12/31/99,2912676,12/31/99,5/13/25,1,$316.83,$1.91 ,$316.83,$0.00,
CI,991877,Chargeoff Surecash/Visa,8.00000%,0.66667%,10/14/25,12/31/99,2912521,12/31/99,10/16/25,2,"$2,139.72",$14.26 ,"$2,139.72",$0.00,
CI,524917,Chargeoff Surecash/Visa,7.75000%,0.64583%,12/9/24,12/31/99,2912830,12/31/99,12/11/24,2,"$1,109.95",$7.17 ,"$1,109.95","$1,109.95",
CI,964161,Chargeoff Surecash/Visa,8.00000%,0.66667%,2/10/26,12/31/99,2912402,12/31/99,2/11/26,1,"$8,657.98",$57.72 ,"$8,657.98",$0.00,
CI,452568,Chargeoff Surecash/Visa,8.00000%,0.66667%,2/10/26,12/31/99,2912402,12/31/99,2/11/26,1,"$23,935.36",$159.57 ,"$23,935.36",$0.00,
CI,378826,Chargeoff Surecash/Visa,8.00000%,0.66667%,12/24/09,12/31/99,2918294,12/31/99,2/17/10,55,"$2,483.34",$16.56 ,"$2,483.34",$0.00,
CI,249036,Chargeoff Surecash/Visa,0.00000%,0.00000%,5/8/12,12/31/99,2917428,12/31/99,6/1/12,24,$752.69,$0.01 ,$722.69,$722.69,
CI,692660,Chargeoff Surecash/Visa,8.00000%,0.66667%,4/30/14,12/31/99,2916706,12/31/99,6/19/14,50,"$3,782.92",$25.22 ,"$3,782.92","$1,000.00",
CI,515715,Chargeoff Surecash/Visa,8.75000%,0.72917%,1/9/23,12/31/99,2913530,12/31/99,1/10/23,1,"$2,234.71",$16.29 ,"$2,234.71","$2,234.71",
CI,791015,Chargeoff Surecash/Visa,8.00000%,0.66667%,9/1/10,12/31/99,2918043,12/31/99,9/22/10,21,"$6,556.73",$43.71 ,"$6,556.73",$462.29,
CI,744273,Chargeoff Surecash/Visa,8.00000%,0.66667%,6/25/10,12/31/99,2918111,12/31/99,6/29/10,4,"$1,508.16",$10.05 ,"$1,508.16","$1,491.24",
CI,573295,Chargeoff Surecash/Visa,0.00000%,0.00000%,4/26/13,12/31/99,2917075,12/31/99,5/6/13,10,"$6,671.06",$0.07 ,"$6,621.06","$6,621.06",
CI,974319,Surecash,15.15000%,1.26250%,9/16/21,12/31/99,2914010,12/31/99,9/17/21,1,"$1,253.44",$15.82 ,"$1,253.44",$0.00,
CI,58422,Chargeoff Surecash/Visa,7.75000%,0.64583%,11/10/25,12/31/99,2912494,12/31/99,11/12/25,2,$935.98,$6.04 ,$935.98,$935.98,
CI,806085,Chargeoff Surecash/Visa,8.00000%,0.66667%,3/27/14,12/31/99,2916740,12/31/99,3/31/14,4,"$1,056.88",$7.05 ,"$1,056.88","$1,056.88",
CI,498322,Chargeoff Surecash/Visa,8.00000%,0.66667%,9/30/19,12/31/99,2914727,12/31/99,9/30/19,0,$845.96,$5.64 ,$845.96,$177.94,
CI,113391,Chargeoff Surecash/Visa,0.00010%,0.00001%,12/17/09,12/31/99,2918301,12/31/99,3/24/10,97,"$2,050.37",$0.02 ,"$2,050.37",$0.00,
CI,560745,Chargeoff Surecash/Visa,8.00000%,0.66667%,12/20/17,12/31/99,2915376,12/31/99,12/22/17,2,$517.09,$3.45 ,$517.09,$0.00,
CI,109643,Chargeoff Surecash/Visa,8.00000%,0.66667%,6/26/14,12/31/99,2916649,12/31/99,6/30/14,4,"$7,194.86",$47.97 ,"$7,194.86","$5,605.39",
CI,665941,Chargeoff Surecash/Visa,8.00000%,0.66667%,12/16/11,12/31/99,2917572,12/31/99,12/23/11,7,"$3,091.63",$20.61 ,"$3,091.63",$0.00,
CI,733742,Chargeoff Surecash/Visa,8.00000%,0.66667%,12/4/12,12/31/99,2917218,12/31/99,12/27/12,23,"$1,130.54",$7.54 ,"$1,091.54",$869.34,
CI,220836,Chargeoff Surecash/Visa,8.00000%,0.66667%,3/16/10,12/31/99,2918212,12/31/99,3/22/10,6,"$2,042.90",$13.62 ,"$2,042.90",$50.00,
CI,266054,Chargeoff Surecash/Visa,8.00000%,0.66667%,11/19/10,12/31/99,2917964,12/31/99,12/21/10,32,"$1,705.82",$11.37 ,"$1,705.81",$875.00,
CI,42818,Chargeoff Surecash/Visa,8.00000%,0.66667%,5/4/20,12/31/99,2914510,12/31/99,5/26/20,22,"$1,152.66",$7.68 ,"$1,152.66",$0.00,
CI,496361,Chargeoff Surecash/Visa,8.00000%,0.66667%,6/25/14,12/31/99,2916650,12/31/99,6/27/14,2,"$1,593.49",$10.62 ,"$1,593.49",$95.00,
CI,241283,Chargeoff Surecash/Visa,8.00000%,0.66667%,3/15/10,12/31/99,2918213,12/31/99,3/22/10,7,"$1,572.21",$10.48 ,"$1,572.21",$0.00,
CI,903789,Chargeoff Surecash/Visa,8.00000%,0.66667%,3/22/10,12/31/99,2918206,12/31/99,3/25/10,3,$393.23,$2.62 ,$393.23,$0.00,
CI,616315,Surecash,15.15000%,1.26250%,8/5/21,12/31/99,2914052,12/31/99,8/6/21,1,"$1,572.61",$19.85 ,"$1,572.61",$0.00,
CI,438030,Chargeoff Surecash/Visa,8.00000%,0.66667%,3/11/10,12/31/99,2918217,12/31/99,3/22/10,11,"$5,898.29",$39.32 ,"$5,898.29",$300.00,
CI,847671,Chargeoff Surecash/Visa,8.00000%,0.66667%,6/24/10,12/31/99,2918112,12/31/99,6/29/10,5,$859.98,$5.73 ,$859.98,$0.00,
CI,288097,Chargeoff Surecash/Visa,7.25000%,0.60417%,3/7/25,12/31/99,2912742,12/31/99,3/10/25,3,"$1,526.57",$9.22 ,"$1,526.57",$0.00,
CI,682660,Chargeoff Surecash/Visa,0.00100%,0.00008%,4/24/17,12/31/99,2915616,12/31/99,5/1/17,7,"$1,061.73",$0.01 ,"$1,061.73",$0.00,
CI,752018,Chargeoff Surecash/Visa,8.00000%,0.66667%,3/25/11,12/31/99,2917838,12/31/99,3/28/11,3,$390.65,$2.60 ,$390.65,$40.00,
CI,115098,Chargeoff Surecash/Visa,8.00000%,0.66667%,10/4/10,12/31/99,2918010,12/31/99,10/18/10,14,"$3,840.27",$25.60 ,"$3,840.27",$710.40,
CI,271291,Chargeoff Surecash/Visa,8.00000%,0.66667%,12/20/10,12/31/99,2917933,12/31/99,12/28/10,8,$727.34,$4.85 ,"$3,027.35",$0.00,
CI,421640,Chargeoff Surecash/Visa,8.00000%,0.66667%,8/23/18,12/31/99,2915130,12/31/99,9/5/18,13,"$1,518.53",$10.12 ,"$1,518.53",$410.84,
CI,267104,Chargeoff Surecash/Visa,8.00000%,0.66667%,10/8/10,12/31/99,2918006,12/31/99,10/18/10,10,$866.19,$5.77 ,$866.19,$0.00,
CI,337571,Chargeoff Surecash/Visa,8.00000%,0.66667%,12/16/10,12/31/99,2917937,12/31/99,12/21/10,5,$589.33,$3.93 ,$589.33,$100.00,
CI,388095,Chargeoff Surecash/Visa,8.00000%,0.66667%,2/29/08,12/31/99,2918958,12/31/99,6/16/10,838,$748.18,$4.99 ,$748.18,$0.00,
CI,797425,Chargeoff Surecash/Visa,8.00000%,0.66667%,9/26/18,12/31/99,2915096,12/31/99,9/28/18,2,"$3,529.86",$23.53 ,"$3,529.86","$3,529.86",
CI,240043,Chargeoff Surecash/Visa,8.00000%,0.66667%,12/16/10,12/31/99,2917937,12/31/99,12/21/10,5,"$2,583.15",$17.22 ,"$2,583.15",$0.00,
CI,147212,Chargeoff Surecash/Visa,8.00000%,0.66667%,10/4/10,12/31/99,2918010,12/31/99,10/18/10,14,"$1,081.56",$7.21 ,"$1,081.56",$420.00,
CI,841085,Chargeoff Surecash/Visa,8.00000%,0.66667%,7/30/10,12/31/99,2918076,12/31/99,8/31/10,32,"$1,482.61",$9.88 ,"$1,482.61",$0.00,
CI,191615,Chargeoff Surecash/Visa,8.00000%,0.66667%,3/27/20,12/31/99,2914548,12/31/99,3/30/20,3,$517.67,$3.45 ,$517.67,$0.00,
CI,700822,Chargeoff Surecash/Visa,8.00000%,0.66667%,5/31/13,12/31/99,2917040,12/31/99,6/14/13,14,"$1,574.02",$10.49 ,"$1,574.02","$1,080.94",
CI,834899,Chargeoff Surecash/Visa,8.00000%,0.66667%,8/26/15,12/31/99,2916223,12/31/99,8/31/15,5,$669.53,$4.46 ,$669.53,$270.43,
CI,986295,Chargeoff Surecash/Visa,8.00000%,0.66667%,8/10/11,12/31/99,2917700,12/31/99,9/26/11,47,"$2,342.54",$15.62 ,"$2,342.54",$577.37,
CI,362396,Chargeoff Surecash/Visa,7.00000%,0.58333%,12/9/24,12/31/99,2912830,12/31/99,12/11/24,2,"$2,136.19",$12.46 ,"$2,136.19",$95.36,
CI,674800,Chargeoff Surecash/Visa,8.00000%,0.66667%,6/4/18,12/31/99,2915210,12/31/99,6/5/18,1,$169.12,$1.13 ,$169.12,$0.00,
CI,75640,Chargeoff Surecash/Visa,8.00000%,0.66667%,6/25/14,12/31/99,2916650,12/31/99,6/27/14,2,"$1,122.92",$7.49 ,"$1,122.92",$59.76,
CI,544710,Chargeoff Surecash/Visa,8.00000%,0.66667%,10/4/10,12/31/99,2918010,12/31/99,10/18/10,14,$901.14,$6.01 ,$901.14,$0.00,
CI,140,Chargeoff Surecash/Visa,8.00000%,0.66667%,1/25/19,12/31/99,2914975,12/31/99,1/30/19,5,$168.59,$1.12 ,$168.59,$0.00,
CI,162980,Chargeoff Surecash/Visa,8.00000%,0.66667%,7/30/10,12/31/99,2918076,12/31/99,8/31/10,32,"$1,331.50",$8.88 ,"$1,331.50",$0.00,
CI,736797,Chargeoff Surecash/Visa,8.00000%,0.66667%,12/3/09,12/31/99,2918315,12/31/99,3/9/10,96,"$1,946.92",$12.98 ,"$1,946.92",$0.00,
CI,447741,Chargeoff Surecash/Visa,8.00000%,0.66667%,12/21/09,12/31/99,2918297,12/31/99,2/10/10,51,$882.04,$5.88 ,$882.04,$986.14,
CI,802766,Chargeoff Surecash/Visa,8.00000%,0.66667%,4/30/14,12/31/99,2916706,12/31/99,6/19/14,50,"$1,749.79",$11.67 ,"$1,734.76",$15.00,
CI,17605,Chargeoff Surecash/Visa,8.00000%,0.66667%,6/4/15,12/31/99,2916306,12/31/99,6/25/15,21,"$4,670.08",$31.13 ,"$4,670.08",$145.76,
CI,74114,Chargeoff Surecash/Visa,8.00000%,0.66667%,6/3/11,12/31/99,2917768,12/31/99,6/30/11,27,$318.66,$2.12 ,$246.01,$136.01,
CI,144741,Chargeoff Surecash/Visa,6.75000%,0.56250%,12/4/23,12/31/99,2913201,12/31/99,12/6/23,2,$406.77,$2.29 ,$406.77,$0.00,
CI,688318,Chargeoff Surecash/Visa,8.00000%,0.66667%,7/30/10,12/31/99,2918076,12/31/99,8/16/10,17,"$2,283.06",$15.22 ,"$2,283.06",$0.00,
CI,572379,Chargeoff Surecash/Visa,8.00000%,0.66667%,9/14/11,12/31/99,2917665,12/31/99,9/26/11,12,"$4,338.77",$28.93 ,"$4,188.77","$4,438.11",
CI,55746,Chargeoff Surecash/Visa,8.00000%,0.66667%,5/4/20,12/31/99,2914510,12/31/99,5/26/20,22,$185.56,$1.24 ,$185.56,$0.00,
CI,760109,Chargeoff Surecash/Visa,0.00010%,0.00001%,10/29/18,12/31/99,2915063,12/31/99,10/30/18,1,$505.74,$0.01 ,$505.74,$0.00,
CI,421063,Chargeoff Surecash/Visa,6.75000%,0.56250%,2/9/24,12/31/99,2913134,12/31/99,2/12/24,3,"$2,512.62",$14.13 ,"$2,512.62",$0.00,
CI,906337,Chargeoff Surecash/Visa,7.25000%,0.60417%,2/11/25,12/31/99,2912766,12/31/99,2/12/25,1,"$1,385.68",$8.37 ,"$1,385.68",$821.27,
CI,942884,Chargeoff Surecash/Visa,8.00000%,0.66667%,12/16/11,12/31/99,2917572,12/31/99,12/23/11,7,"$11,037.88",$73.59 ,"$11,037.88",$0.00,
CI,234183,Chargeoff Surecash/Visa,8.00000%,0.66667%,8/31/12,12/31/99,2917313,12/31/99,9/5/12,5,$491.82,$3.28 ,$491.82,$145.61,
CI,810696,Chargeoff Surecash/Visa,8.00000%,0.66667%,3/11/10,12/31/99,2918217,12/31/99,4/6/10,26,"$1,540.02",$10.27 ,"$1,540.02",$15.00,
CI,725930,Chargeoff Surecash/Visa,8.00000%,0.66667%,12/15/09,12/31/99,2918303,12/31/99,4/6/10,112,$285.55,$1.90 ,$285.55,$50.00,
CI,481381,Chargeoff Surecash/Visa,8.00000%,0.66667%,12/17/09,12/31/99,2918301,12/31/99,4/9/10,113,"$1,337.53",$8.92 ,"$1,337.53",$0.00,
CI,8850,Chargeoff Surecash/Visa,8.00000%,0.66667%,6/3/10,12/31/99,2918133,12/31/99,6/7/10,4,$978.83,$6.53 ,$978.83,$0.00,
CI,557947,Chargeoff Surecash/Visa,8.00000%,0.66667%,5/31/13,12/31/99,2917040,12/31/99,6/4/13,4,"$1,178.99",$7.86 ,"$1,178.99",$0.00,
CI,503098,Chargeoff Surecash/Visa,8.00000%,0.66667%,7/23/10,12/31/99,2918083,12/31/99,8/30/10,38,$517.04,$3.45 ,$180.00,$0.00,
CI,226158,Chargeoff Surecash/Visa,8.00000%,0.66667%,12/9/08,12/31/99,2918674,12/31/99,6/16/10,554,"$1,051.54",$7.01 ,"$1,051.54",$200.00,
CI,714023,Chargeoff Surecash/Visa,8.00000%,0.66667%,12/17/09,12/31/99,2918301,12/31/99,2/17/10,62,"$2,156.58",$14.38 ,"$2,156.58",$0.00,
CI,118683,Chargeoff Surecash/Visa,8.00000%,0.66667%,8/23/18,12/31/99,2915130,12/31/99,9/5/18,13,$486.17,$3.24 ,$486.17,$83.29,
CI,450229,Chargeoff Surecash/Visa,8.00000%,0.66667%,6/3/10,12/31/99,2918133,12/31/99,6/7/10,4,$813.15,$5.42 ,$813.15,$0.00,
CI,305164,Chargeoff Surecash/Visa,8.00000%,0.66667%,6/24/10,12/31/99,2918112,12/31/99,6/29/10,5,"$2,162.54",$14.42 ,"$2,162.54",$0.00,
CI,23251,Chargeoff Surecash/Visa,8.00000%,0.66667%,6/3/10,12/31/99,2918133,12/31/99,6/9/10,6,"$6,709.60",$44.73 ,"$6,709.60",$0.00,
CI,430982,Chargeoff Surecash/Visa,8.00000%,0.66667%,7/30/10,12/31/99,2918076,12/31/99,8/31/10,32,$377.57,$2.52 ,$377.57,$0.00,
CI,31462,Chargeoff Surecash/Visa,8.00000%,0.66667%,12/18/09,12/31/99,2918300,12/31/99,3/24/10,96,$299.92,$2.00 ,$299.92,$0.00,
CI,705985,Chargeoff Surecash/Visa,8.00000%,0.66667%,12/16/11,12/31/99,2917572,12/31/99,1/3/12,18,"$1,738.74",$11.59 ,"$1,738.74",$253.05,
CI,449611,Chargeoff Surecash/Visa,8.00000%,0.66667%,3/23/16,12/31/99,2916013,12/31/99,3/28/16,5,"$1,102.38",$7.35 ,"$1,102.38","$1,102.38",
CI,312409,Chargeoff Surecash/Visa,8.00000%,0.66667%,5/25/11,12/31/99,2917777,12/31/99,6/30/11,36,$643.64,$4.29 ,$643.64,$45.00,
CI,704516,Chargeoff Surecash/Visa,7.25000%,0.60417%,2/11/25,12/31/99,2912766,12/31/99,2/12/25,1,$264.91,$1.60 ,$264.91,$0.00,
CI,113281,Surecash,15.15000%,1.26250%,12/28/20,12/31/99,2914272,12/31/99,12/30/20,2,"$1,590.61",$20.08 ,"$1,590.61","$1,590.61",
CI,451082,Chargeoff Surecash/Visa,8.00000%,0.66667%,12/21/10,12/31/99,2917932,12/31/99,12/28/10,7,"$1,080.21",$7.20 ,"$1,080.21",$0.00,
CI,941432,Chargeoff Surecash/Visa,8.00000%,0.66667%,3/31/10,12/31/99,2918197,12/31/99,4/9/10,9,"$1,861.80",$12.41 ,"$1,861.80",$0.00,
CI,435806,Chargeoff Surecash/Visa,8.00000%,0.66667%,12/18/17,12/31/99,2915378,12/31/99,12/20/17,2,"$2,216.55",$14.78 ,"$2,216.55",$0.00,
CI,357282,Chargeoff Surecash/Visa,8.00000%,0.66667%,6/22/10,12/31/99,2918114,12/31/99,6/29/10,7,"$6,734.07",$44.89 ,"$6,731.07",$25.00,
CI,25048,Chargeoff Surecash/Visa,8.00000%,0.66667%,5/3/11,12/31/99,2917799,12/31/99,5/9/11,6,"$3,850.04",$25.67 ,"$3,850.04",$55.00,
CI,304648,Chargeoff Surecash/Visa,8.00000%,0.66667%,10/21/11,12/31/99,2917628,12/31/99,10/27/11,6,$620.91,$4.14 ,$755.91,$612.38,
CI,158509,Chargeoff Surecash/Visa,8.00000%,0.66667%,3/25/11,12/31/99,2917838,12/31/99,3/28/11,3,$679.23,$4.53 ,$679.23,$0.00,
CI,584426,Chargeoff Surecash/Visa,8.00000%,0.66667%,6/4/18,12/31/99,2915210,12/31/99,6/5/18,1,"$1,712.54",$11.42 ,"$1,712.54",$0.00,
CI,761056,Chargeoff Surecash/Visa,8.00000%,0.66667%,2/13/15,12/31/99,2916417,12/31/99,2/27/15,14,$347.81,$2.32 ,$357.81,$0.00,
CI,441044,Chargeoff Surecash/Visa,8.00000%,0.66667%,7/30/10,12/31/99,2918076,12/31/99,8/31/10,32,$471.61,$3.14 ,$471.61,$0.00,
CI,848767,Chargeoff Surecash/Visa,8.00000%,0.66667%,3/25/11,12/31/99,2917838,12/31/99,3/28/11,3,$714.06,$4.76 ,$714.06,$0.00,
CI,958640,Chargeoff Surecash/Visa,8.00000%,0.66667%,8/23/18,8/23/18,0,8/23/18,9/5/18,13,$355.42,#NUM!,$355.42,$56.54,
CI,899490,Chargeoff Surecash/Visa,8.00000%,0.66667%,5/2/11,12/31/99,2917800,12/31/99,5/9/11,7,"$6,014.38",$40.10 ,"$6,014.38",$0.00,
CI,562636,Chargeoff Surecash/Visa,8.00000%,0.66667%,5/31/12,12/31/99,2917405,12/31/99,6/6/12,6,"$2,738.56",$18.26 ,"$2,738.56","$2,134.64",
CI,17004,Chargeoff Surecash/Visa,6.75000%,0.56250%,2/9/24,12/31/99,2913134,12/31/99,2/12/24,3,"$3,253.50",$18.30 ,"$3,253.50","$2,210.69",
CI,546636,Chargeoff Surecash/Visa,8.00000%,0.66667%,12/22/10,12/31/99,2917931,12/31/99,12/28/10,6,$747.46,$4.98 ,$747.46,$0.00,
CI,887708,Chargeoff Surecash/Visa,8.00000%,0.66667%,8/23/18,12/31/99,2915130,12/31/99,8/29/18,6,$989.87,$6.60 ,$989.87,$454.59,
CI,54344,Surecash,15.15000%,1.26250%,11/19/20,12/31/99,2914311,12/31/99,11/20/20,1,$357.38,$4.51 ,$357.38,$0.00,
CI,260337,Surecash,15.15000%,1.26250%,12/21/20,12/31/99,2914279,12/31/99,12/22/20,1,"$2,847.42",$35.95 ,"$2,847.42",$0.00,
CI,909180,Chargeoff Surecash/Visa,8.00000%,0.66667%,3/22/10,12/31/99,2918206,12/31/99,3/24/10,2,$668.83,$4.46 ,$541.70,$200.00,
CI,673574,Chargeoff Surecash/Visa,8.00000%,0.66667%,12/16/11,12/31/99,2917572,12/31/99,1/3/12,18,$679.40,$4.53 ,$679.40,$679.40,
CI,866413,Chargeoff Surecash/Visa,8.00000%,0.66667%,6/3/19,12/31/99,2914846,12/31/99,6/7/19,4,$60.00,$0.40 ,$60.00,$0.00,
CI,751711,Chargeoff Surecash/Visa,8.00000%,0.66667%,3/15/10,12/31/99,2918213,12/31/99,4/6/10,22,$280.71,$1.87 ,$280.71,$0.00,
CI,561492,Chargeoff Surecash/Visa,8.00000%,0.66667%,9/30/19,12/31/99,2914727,12/31/99,9/30/19,0,"$1,588.63",$10.59 ,"$1,588.63",$0.00,
CI,305025,Chargeoff Surecash/Visa,8.00000%,0.66667%,3/16/10,12/31/99,2918212,12/31/99,4/5/10,20,$624.86,$4.17 ,$624.86,$75.00,
CI,112014,Chargeoff Surecash/Visa,8.00000%,0.66667%,9/28/10,12/31/99,2918016,12/31/99,10/18/10,20,"$1,136.12",$7.57 ,"$1,136.12",$0.00,
CI,101636,Chargeoff Surecash/Visa,8.00000%,0.66667%,3/25/11,12/31/99,2917838,12/31/99,3/28/11,3,$366.93,$2.45 ,$366.93,$0.00,
CI,747056,Surecash,15.15000%,1.26250%,2/26/21,12/31/99,2914212,12/31/99,3/2/21,4,"$1,697.09",$21.43 ,"$1,697.09",$0.00,
CI,650052,Surecash,15.15000%,1.26250%,6/28/21,12/31/99,2914090,12/31/99,6/29/21,1,"$1,589.87",$20.07 ,"$1,589.87",$0.00,
CI,345756,Chargeoff Surecash/Visa,8.00000%,0.66667%,2/13/15,12/31/99,2916417,12/31/99,2/23/15,10,$484.06,$3.23 ,$484.06,$0.00,
CI,245332,Chargeoff Surecash/Visa,8.00000%,0.66667%,9/5/13,12/31/99,2916943,12/31/99,9/10/13,5,"$5,939.61",$39.60 ,"$5,939.61",$0.00,
CI,289795,Chargeoff Surecash/Visa,8.00000%,0.66667%,3/23/16,12/31/99,2916013,12/31/99,3/28/16,5,"$6,509.48",$43.40 ,"$6,509.48","$3,741.62",
CI,922448,Chargeoff Surecash/Visa,7.25000%,0.60417%,1/16/25,12/31/99,2912792,12/31/99,1/17/25,1,"$3,835.38",$23.17 ,"$3,835.38",$0.00,
CI,951164,Chargeoff Surecash/Visa,8.00000%,0.66667%,12/13/13,12/31/99,2916844,12/31/99,12/17/13,4,"$6,145.02",$40.97 ,"$6,145.02","$6,145.02",
CI,676595,Surecash,11.65000%,0.97083%,3/18/21,12/31/99,2914192,12/31/99,3/19/21,1,$670.62,$6.51 ,$670.62,$670.62,
CI,710697,Surecash,15.15000%,1.26250%,7/29/21,12/31/99,2914059,12/31/99,7/30/21,1,"$1,769.60",$22.34 ,"$1,769.60",$793.46,
CI,297598,Chargeoff Surecash/Visa,0.00010%,0.00001%,7/6/17,12/31/99,2915543,12/31/99,8/2/17,27,"$5,046.94",$0.05 ,"$5,046.94",$674.64,
CI,413657,Surecash,15.15000%,1.26250%,2/17/21,12/31/99,2914221,12/31/99,2/18/21,1,$95.00,$1.20 ,$95.00,$0.00,
CI,775823,Chargeoff Surecash/Visa,0.00001%,0.00000%,6/4/18,12/31/99,2915210,12/31/99,6/5/18,1,"$10,667.13",$0.11 ,"$10,667.13",$0.00,
CI,198184,Surecash,11.65000%,0.97083%,12/28/20,12/31/99,2914272,12/31/99,12/30/20,2,$747.26,$7.25 ,$747.26,$747.26,
CI,479705,Surecash,15.15000%,1.26250%,3/18/21,12/31/99,2914192,12/31/99,3/19/21,1,"$1,703.05",$21.50 ,"$1,703.05",$0.00,
CI,485352,Chargeoff Surecash/Visa,8.00000%,0.66667%,12/30/19,12/31/99,2914636,12/31/99,2/6/20,38,"$2,824.44",$18.83 ,"$2,824.44","$2,824.44",
CI,870455,Chargeoff Surecash/Visa,8.00000%,0.66667%,5/23/19,12/31/99,2914857,12/31/99,5/24/19,1,"$2,057.37",$13.72 ,"$2,057.37","$2,057.37",
CI,646581,Surecash,15.15000%,1.26250%,3/17/21,12/31/99,2914193,12/31/99,3/18/21,1,$861.70,$10.88 ,$861.70,$0.00,
CI,391496,Surecash,15.15000%,1.26250%,11/29/21,12/31/99,2913936,12/31/99,11/30/21,1,$382.41,$4.83 ,$382.41,$0.00,
CI,890198,Chargeoff Surecash/Visa,8.00000%,0.66667%,3/18/19,12/31/99,2914923,12/31/99,3/20/19,2,"$3,939.50",$26.26 ,"$3,939.50",$8.83,
CI,852283,Surecash,15.15000%,1.26250%,11/9/20,12/31/99,2914321,12/31/99,11/10/20,1,"$5,363.99",$67.72 ,"$5,363.99",$0.00,
CI,28247,Chargeoff Surecash/Visa,8.50000%,0.70833%,11/13/23,12/31/99,2913222,12/31/99,11/14/23,1,"$3,349.16",$23.72 ,"$3,349.16","$3,349.16",
CI,945140,Surecash,11.50000%,0.95833%,2/18/22,12/31/99,2913855,12/31/99,2/22/22,4,"$3,569.62",$34.21 ,"$3,569.62",$0.00,
CI,317550,Chargeoff Surecash/Visa,8.00000%,0.66667%,2/12/20,12/31/99,2914592,12/31/99,2/26/20,14,"$2,121.52",$14.14 ,"$2,121.52",$0.00,
CI,385804,Chargeoff Surecash/Visa,8.00000%,0.66667%,2/12/20,12/31/99,2914592,12/31/99,2/26/20,14,"$1,762.58",$11.75 ,"$1,762.58","$1,762.58",
CI,914438,Chargeoff Surecash/Visa,8.00000%,0.66667%,9/30/19,12/31/99,2914727,12/31/99,9/30/19,0,"$2,339.44",$15.60 ,"$2,339.44",$0.00,
CI,581147,Chargeoff Surecash/Visa,6.75000%,0.56250%,5/28/24,12/31/99,2913025,12/31/99,5/29/24,1,"$2,135.61",$12.01 ,"$2,135.61","$1,598.89",
CI,642044,Chargeoff Surecash/Visa,8.00000%,0.66667%,8/7/20,12/31/99,2914415,12/31/99,8/10/20,3,$427.29,$2.85 ,$427.29,$390.78,
CI,989312,Chargeoff Surecash/Visa,0.00001%,0.00000%,9/30/19,12/31/99,2914727,12/31/99,9/30/19,0,"$3,066.71",$0.03 ,"$3,066.71",$0.00,
CI,384561,Surecash,8.00000%,0.66667%,8/5/21,12/31/99,2914052,12/31/99,8/6/21,1,$75.50,$0.50 ,$75.50,$75.50,
CI,254327,Chargeoff Surecash/Visa,8.00000%,0.66667%,12/15/25,12/31/99,2912459,12/31/99,12/16/25,1,"$4,674.48",$31.16 ,"$4,674.48",$0.00,
CI,773483,Chargeoff Surecash/Visa,7.50000%,0.62500%,9/11/23,12/31/99,2913285,12/31/99,9/12/23,1,"$5,031.08",$31.44 ,"$5,031.08","$5,031.08",
CI,168038,Chargeoff Surecash/Visa,6.75000%,0.56250%,9/11/23,12/31/99,2913285,12/31/99,9/12/23,1,"$3,465.36",$19.49 ,"$3,465.36",$32.17,
CI,479464,Chargeoff Surecash/Visa,7.00000%,0.58333%,11/21/24,12/31/99,2912848,12/31/99,11/22/24,1,"$5,514.96",$32.17 ,"$5,514.96",$591.61,
CI,946609,Chargeoff Surecash/Visa,7.25000%,0.60417%,6/11/25,12/31/99,2912646,12/31/99,6/12/25,1,"$5,526.92",$33.39 ,"$5,526.92",$706.83,
CI,525126,Surecash,15.15000%,1.26250%,12/28/20,12/31/99,2914272,12/31/99,12/30/20,2,"$4,490.11",$56.69 ,"$4,490.11","$4,490.11",
CI,407599,Surecash,15.15000%,1.26250%,11/19/20,12/31/99,2914311,12/31/99,11/20/20,1,$244.09,$3.08 ,$244.09,$0.00,
CI,607280,Chargeoff Surecash/Visa,8.50000%,0.70833%,10/5/22,12/31/99,2913626,12/31/99,10/6/22,1,$219.33,$1.55 ,$219.33,$50.00,
CI,122117,Chargeoff Surecash/Visa,7.25000%,0.60417%,4/18/25,12/31/99,2912700,12/31/99,4/21/25,3,"$2,130.04",$12.87 ,"$2,130.04",$107.03,
CI,836697,Chargeoff Surecash/Visa,7.00000%,0.58333%,12/16/24,12/31/99,2912823,12/31/99,12/17/24,1,"$3,679.30",$21.46 ,"$3,679.30",$0.00,
CI,66106,Surecash,15.15000%,1.26250%,6/28/21,12/31/99,2914090,12/31/99,6/29/21,1,$177.20,$2.24 ,$177.20,$0.00,
CI,183142,Chargeoff Surecash/Visa,16.90000%,1.40833%,11/4/21,12/31/99,2913961,12/31/99,11/5/21,1,"$3,314.82",$46.68 ,"$3,314.82","$3,314.82",
CI,508873,Chargeoff Surecash/Visa,6.75000%,0.56250%,6/10/24,12/31/99,2913012,12/31/99,6/11/24,1,"$4,605.93",$25.91 ,"$4,605.93","$4,605.93",
CI,72465,Surecash,15.15000%,1.26250%,8/24/21,12/31/99,2914033,12/31/99,8/25/21,1,"$3,702.20",$46.74 ,"$3,702.20",$262.79,
CI,556834,Chargeoff Surecash/Visa,7.75000%,0.64583%,12/12/22,12/31/99,2913558,12/31/99,12/13/22,1,"$5,126.52",$33.11 ,"$5,126.52",$0.00,
CI,912239,Chargeoff Surecash/Visa,7.75000%,0.64583%,12/12/22,12/31/99,2913558,12/31/99,12/13/22,1,"$2,189.01",$14.14 ,"$2,189.01",$0.00,
CI,811680,Surecash,15.15000%,1.26250%,9/16/21,12/31/99,2914010,12/31/99,9/17/21,1,"$7,033.95",$88.80 ,"$7,033.95",$0.00,
CI,586448,Chargeoff Surecash/Visa,6.75000%,0.56250%,6/21/23,12/31/99,2913367,12/31/99,6/22/23,1,"$9,682.88",$54.47 ,"$9,682.88",$0.00,
CI,964598,Chargeoff Surecash/Visa,7.25000%,0.60417%,2/11/25,12/31/99,2912766,12/31/99,2/12/25,1,"$8,050.44",$48.64 ,"$8,050.44",$0.00,
CI,532222,Surecash,10.00000%,0.83333%,7/11/22,12/31/99,2913712,12/31/99,7/12/22,1,"$1,195.77",$9.96 ,"$1,195.77",$0.00,
CI,349349,Chargeoff Surecash/Visa,9.25000%,0.77083%,9/7/22,12/31/99,2913654,12/31/99,9/8/22,1,"$1,139.25",$8.78 ,"$1,139.25","$1,139.25",
CI,887964,Chargeoff Surecash/Visa,7.25000%,0.60417%,3/3/25,12/31/99,2912746,12/31/99,3/5/25,2,"$5,696.45",$34.42 ,"$5,696.45",$75.00,
CI,500717,Chargeoff Surecash/Visa,7.00000%,0.58333%,12/16/24,12/31/99,2912823,12/31/99,12/17/24,1,"$2,328.55",$13.58 ,"$2,328.55",$131.23,
CI,619864,Chargeoff Surecash/Visa,7.50000%,0.62500%,5/12/23,12/31/99,2913407,12/31/99,5/15/23,3,"$1,143.50",$7.15 ,"$1,143.50","$1,143.50",
CI,786529,Chargeoff Surecash/Visa,7.50000%,0.62500%,12/5/23,12/31/99,2913200,12/31/99,12/6/23,1,$593.47,$3.71 ,$593.47,$593.47,
CI,247661,Chargeoff Surecash/Visa,6.75000%,0.56250%,6/21/23,12/31/99,2913367,12/31/99,6/22/23,1,"$8,109.90",$45.62 ,"$8,109.90","$6,801.11",
CI,334272,Chargeoff Surecash/Visa,6.75000%,0.56250%,2/9/24,12/31/99,2913134,12/31/99,2/12/24,3,$640.17,$3.60 ,$640.17,$0.00,
CI,761426,Chargeoff Surecash/Visa,7.25000%,0.60417%,8/18/25,12/31/99,2912578,12/31/99,8/20/25,2,$643.35,$3.89 ,$643.35,$5.00,
CI,96850,Chargeoff Surecash/Visa,7.25000%,0.60417%,1/9/23,12/31/99,2913530,12/31/99,1/10/23,1,"$3,272.40",$19.77 ,"$3,272.40","$1,740.56",
CI,906101,Chargeoff Surecash/Visa,7.00000%,0.58333%,11/13/24,12/31/99,2912856,12/31/99,11/14/24,1,"$4,612.63",$26.91 ,"$4,612.63","$2,271.42",
CI,82457,Chargeoff Surecash/Visa,7.00000%,0.58333%,2/16/23,12/31/99,2913492,12/31/99,2/21/23,5,$645.72,$3.77 ,$645.72,$0.00,
CI,803962,Chargeoff Surecash/Visa,6.75000%,0.56250%,9/11/23,12/31/99,2913285,12/31/99,9/12/23,1,$647.00,$3.64 ,$647.00,$0.00,
CI,258292,Chargeoff Surecash/Visa,6.75000%,0.56250%,7/10/23,12/31/99,2913348,12/31/99,7/11/23,1,"$2,711.11",$15.25 ,"$2,711.11",$0.00,
CI,847695,Chargeoff Surecash/Visa,7.25000%,0.60417%,2/11/25,12/31/99,2912766,12/31/99,2/12/25,1,"$10,298.52",$62.22 ,"$10,298.52","$10,298.52",
CI,807851,Chargeoff Surecash/Visa,6.75000%,0.56250%,4/10/23,12/31/99,2913439,12/31/99,4/11/23,1,$610.20,$3.43 ,$610.20,$0.00,
CI,757302,Chargeoff Surecash/Visa,6.75000%,0.56250%,9/6/24,12/31/99,2912924,12/31/99,9/9/24,3,"$1,504.64",$8.46 ,"$1,504.64",$0.00,
CI,292680,Chargeoff Surecash/Visa,6.75000%,0.56250%,1/17/24,12/31/99,2913157,12/31/99,1/19/24,2,$574.90,$3.23 ,$574.90,$0.00,
CI,812187,Chargeoff Surecash/Visa,7.00000%,0.58333%,11/21/24,12/31/99,2912848,12/31/99,11/22/24,1,$717.41,$4.18 ,$717.41,$0.00,
CI,358408,Chargeoff Surecash/Visa,6.75000%,0.56250%,11/13/23,12/31/99,2913222,12/31/99,11/14/23,1,"$2,723.48",$15.32 ,"$2,723.48",$0.00,
CI,301306,Chargeoff Surecash/Visa,6.75000%,0.56250%,5/13/24,12/31/99,2913040,12/31/99,5/14/24,1,"$1,975.79",$11.11 ,"$1,975.79",$0.00,
CI,812800,Chargeoff Surecash/Visa,6.75000%,0.56250%,1/17/24,12/31/99,2913157,12/31/99,1/19/24,2,"$1,217.00",$6.85 ,"$1,217.00",$0.00,
CI,381773,Chargeoff Surecash/Visa,6.75000%,0.56250%,12/5/23,12/31/99,2913200,12/31/99,12/6/23,1,$614.78,$3.46 ,$614.78,$0.00,
CI,746241,Chargeoff Surecash/Visa,6.75000%,0.56250%,6/11/24,12/31/99,2913011,12/31/99,6/12/24,1,$769.48,$4.33 ,$769.48,$0.00,
CI,527312,Chargeoff Surecash/Visa,6.75000%,0.56250%,8/18/23,12/31/99,2913309,12/31/99,8/21/23,3,$996.31,$5.60 ,$996.31,$0.00,
CI,514156,Chargeoff Surecash/Visa,6.75000%,0.56250%,11/28/23,12/31/99,2913207,12/31/99,11/29/23,1,$631.90,$3.55 ,$631.90,$0.00,
CI,25953,Chargeoff Surecash/Visa,7.75000%,0.64583%,11/10/25,12/31/99,2912494,12/31/99,11/12/25,2,"$6,611.56",$42.70 ,"$6,611.56",$0.00,
CI,383771,Chargeoff Surecash/Visa,6.75000%,0.56250%,4/11/24,12/31/99,2913072,12/31/99,4/12/24,1,"$1,338.06",$7.53 ,"$1,338.06",$648.32,
CI,973962,Chargeoff Surecash/Visa,6.75000%,0.56250%,7/8/24,12/31/99,2912984,12/31/99,7/10/24,2,$623.79,$3.51 ,$623.79,$0.00,
CI,497848,Chargeoff Surecash/Visa,7.00000%,0.58333%,12/16/24,12/31/99,2912823,12/31/99,12/17/24,1,$677.47,$3.95 ,$677.47,$0.00,
CI,255881,Chargeoff Surecash/Visa,7.25000%,0.60417%,8/18/25,12/31/99,2912578,12/31/99,8/20/25,2,$636.12,$3.84 ,$636.12,$249.54,
CI,638953,Chargeoff Surecash/Visa,7.75000%,0.64583%,11/10/25,12/31/99,2912494,12/31/99,11/12/25,2,"$4,240.74",$27.39 ,"$4,240.74",$260.22,
CI,214725,Chargeoff Surecash/Visa,7.50000%,0.62500%,10/17/25,12/31/99,2912518,12/31/99,10/20/25,3,"$1,221.88",$7.64 ,"$1,221.88",$175.06,
CI,832078,Chargeoff Surecash/Visa,6.75000%,0.56250%,7/8/24,12/31/99,2912984,12/31/99,7/10/24,2,$672.38,$3.78 ,$672.38,$0.00,
CI,882052,Chargeoff Surecash/Visa,6.75000%,0.56250%,4/11/24,12/31/99,2913072,12/31/99,2/3/26,663,"$1,700.98",$9.57 ,"$1,700.98",$338.06,
CI,69963,Chargeoff Surecash/Visa,7.50000%,0.62500%,10/17/25,12/31/99,2912518,12/31/99,10/20/25,3,$666.71,$4.17 ,$666.71,$0.00,
CI,177938,Surecash,15.15000%,1.26250%,9/3/20,12/31/99,2914388,12/31/99,9/4/20,1,"$1,087.58",$13.73 ,"$1,087.58",$0.00,
CI,334097,Chargeoff Surecash/Visa,6.75000%,0.56250%,2/6/24,12/31/99,2913137,12/31/99,2/7/24,1,"$4,913.24",$27.64 ,"$4,913.24",$53.47,
CI,861812,Chargeoff Surecash/Visa,6.75000%,0.56250%,8/7/23,12/31/99,2913320,12/31/99,8/8/23,1,"$8,923.76",$50.20 ,"$8,923.76",$175.00,
CI,710183,Chargeoff Surecash/Visa,6.75000%,0.56250%,11/3/23,12/31/99,2913232,12/31/99,11/6/23,3,"$2,195.15",$12.35 ,"$2,195.15",$0.00,
CI,704586,Chargeoff Surecash/Visa,6.75000%,0.56250%,6/11/24,12/31/99,2913011,12/31/99,6/12/24,1,$886.46,$4.99 ,$886.46,$0.00,
CI,686421,Chargeoff Surecash/Visa,8.00000%,0.66667%,1/13/26,12/31/99,2912430,12/31/99,1/14/26,1,$666.50,$4.44 ,$666.50,$0.00,
CI,679580,Chargeoff Surecash/Visa,6.75000%,0.56250%,7/8/24,12/31/99,2912984,12/31/99,7/10/24,2,"$10,747.52",$60.45 ,"$10,747.52","$10,000.00",
CI,165541,Chargeoff Surecash/Visa,0.00001%,0.00000%,4/3/15,12/31/99,2916368,12/31/99,4/7/15,4,"$1,261.46",$0.01 ,"$1,261.46",$300.00,
CI,427193,Chargeoff Surecash/Visa,8.00000%,0.66667%,6/24/10,12/31/99,2918112,12/31/99,6/29/10,5,$476.08,$3.17 ,$476.08,$5.01,
CI,495825,Chargeoff Surecash/Visa,8.00000%,0.66667%,12/19/12,12/31/99,2917203,12/31/99,12/20/12,1,"$1,587.27",$10.58 ,"$1,587.27",$0.00,
CI,948396,Chargeoff Surecash/Visa,8.00000%,0.66667%,3/9/18,12/31/99,2915297,12/31/99,3/19/18,10,$772.50,$5.15 ,$772.50,$772.50,
CI,558188,Chargeoff Surecash/Visa,8.00000%,0.66667%,12/21/10,12/31/99,2917932,12/31/99,12/28/10,7,$457.19,$3.05 ,$457.19,$40.90,
CI,564862,Chargeoff Surecash/Visa,8.00000%,0.66667%,12/21/10,12/31/99,2917932,12/31/99,12/27/10,6,"$1,238.86",$8.26 ,"$1,238.86","$1,002.36",
CI,581559,Chargeoff Surecash/Visa,8.00000%,0.66667%,6/26/12,12/31/99,2917379,12/31/99,7/2/12,6,$616.81,$4.11 ,$596.81,$604.30,
CI,142204,Chargeoff Surecash/Visa,6.75000%,0.56250%,5/6/24,12/31/99,2913047,12/31/99,5/7/24,1,"$1,065.53",$5.99 ,"$1,065.53",$255.53,
CI,580335,Chargeoff Surecash/Visa,8.00000%,0.66667%,4/30/14,12/31/99,2916706,12/31/99,6/19/14,50,"$1,025.14",$6.83 ,"$1,025.14",$0.00,
CI,541436,Chargeoff Surecash/Visa,8.00000%,0.66667%,3/25/11,12/31/99,2917838,12/31/99,3/29/11,4,$355.96,$2.37 ,$355.96,$0.00,
CI,209811,Chargeoff Surecash/Visa,0.00000%,0.00000%,3/25/11,12/31/99,2917838,12/31/99,3/29/11,4,$465.60,$0.00 ,$465.60,$0.00,
CI,369366,Chargeoff Surecash/Visa,8.00000%,0.66667%,3/27/20,12/31/99,2914548,12/31/99,3/30/20,3,"$1,333.83",$8.89 ,"$1,333.83","$1,333.83",
CI,843906,Chargeoff Surecash/Visa,8.00000%,0.66667%,5/31/13,12/31/99,2917040,12/31/99,6/4/13,4,"$1,172.23",$7.81 ,"$1,172.23",$0.00,
CI,591978,Chargeoff Surecash/Visa,8.00000%,0.66667%,5/7/13,12/31/99,2917064,12/31/99,6/17/13,41,"$1,712.82",$11.42 ,"$1,712.82","$1,712.82",
CI,815012,Chargeoff Surecash/Visa,8.00000%,0.66667%,5/30/17,12/31/99,2915580,12/31/99,6/12/17,13,"$1,732.85",$11.55 ,"$1,732.85",$173.28,
CI,704218,Chargeoff Surecash/Visa,8.00000%,0.66667%,9/26/16,12/31/99,2915826,12/31/99,9/27/16,1,$695.18,$4.63 ,$695.18,$695.18,
CI,21528,Chargeoff Surecash/Visa,8.00000%,0.66667%,7/28/17,12/31/99,2915521,12/31/99,8/4/17,7,"$1,502.70",$10.02 ,"$1,502.70","$1,093.61",
CI,697023,Chargeoff Surecash/Visa,8.00000%,0.66667%,5/31/12,12/31/99,2917405,12/31/99,6/6/12,6,"$6,450.53",$43.00 ,"$6,450.53",$100.00,
CI,204277,Chargeoff Surecash/Visa,8.00000%,0.66667%,8/30/12,12/31/99,2917314,12/31/99,9/5/12,6,$452.27,$3.02 ,$452.27,$0.00,
CI,2047,Chargeoff Surecash/Visa,8.00000%,0.66667%,9/5/13,12/31/99,2916943,12/31/99,9/10/13,5,$713.40,$4.76 ,$713.40,$100.00,
CI,680801,Surecash,9.25000%,0.77083%,9/6/22,12/31/99,2913655,12/31/99,9/7/22,1,$475.49,$3.67 ,$475.49,$0.00,
CI,388762,Chargeoff Surecash/Visa,8.25000%,0.68750%,3/15/23,12/31/99,2913465,12/31/99,3/17/23,2,"$1,903.28",$13.09 ,"$1,903.28","$1,903.28",
CI,190141,Chargeoff Surecash/Visa,8.00000%,0.66667%,5/31/13,12/31/99,2917040,12/31/99,6/4/13,4,$311.34,$2.08 ,$311.34,$26.39,
CI,306480,Chargeoff Surecash/Visa,6.75000%,0.56250%,8/18/23,12/31/99,2913309,12/31/99,8/21/23,3,"$1,144.76",$6.44 ,"$1,144.76",$500.00,
CI,998059,Chargeoff Surecash/Visa,9.50000%,0.79167%,10/5/22,12/31/99,2913626,12/31/99,10/6/22,1,"$1,679.30",$13.29 ,"$1,679.30","$1,679.30",
CI,61635,Chargeoff Surecash/Visa,8.00000%,0.66667%,9/5/13,12/31/99,2916943,12/31/99,9/10/13,5,"$2,187.18",$14.58 ,"$2,187.18",$0.00,
CI,869912,Chargeoff Surecash/Visa,7.00000%,0.58333%,9/11/23,12/31/99,2913285,12/31/99,9/12/23,1,$557.64,$3.25 ,$557.64,$557.64,
CI,671470,Chargeoff Surecash/Visa,8.00000%,0.66667%,6/25/14,12/31/99,2916650,12/31/99,6/27/14,2,"$1,010.30",$6.74 ,"$1,010.30",$0.00,
CI,212203,Chargeoff Surecash/Visa,8.00000%,0.66667%,9/26/16,12/31/99,2915826,12/31/99,9/30/16,4,"$1,276.24",$8.51 ,"$1,276.24",$72.38,
CI,986005,Chargeoff Surecash/Visa,6.75000%,0.56250%,6/20/23,12/31/99,2913368,12/31/99,6/22/23,2,"$1,997.40",$11.24 ,"$1,997.40",$184.34,
CI,970382,Chargeoff Surecash/Visa,8.00000%,0.66667%,12/20/18,12/31/99,2915011,12/31/99,12/24/18,4,$933.03,$6.22 ,$933.03,$0.00,
CI,631549,Surecash,10.75000%,0.89583%,5/5/22,12/31/99,2913779,12/31/99,5/6/22,1,"$1,438.23",$12.88 ,"$1,438.23",$0.00,
CI,691556,Surecash,15.15000%,1.26250%,11/29/21,12/31/99,2913936,12/31/99,11/30/21,1,$421.41,$5.32 ,$421.41,$0.00,
CI,332889,Chargeoff Surecash/Visa,8.00000%,0.66667%,6/4/18,12/31/99,2915210,12/31/99,6/5/18,1,$455.14,$3.03 ,$455.14,$455.14,
CI,860693,Chargeoff Surecash/Visa,8.00000%,0.66667%,2/20/15,12/31/99,2916410,12/31/99,2/27/15,7,$586.87,$3.91 ,$586.87,$45.63,
CI,219664,Chargeoff Surecash/Visa,8.00000%,0.66667%,12/13/13,12/31/99,2916844,12/31/99,12/17/13,4,$453.99,$3.03 ,$453.99,$0.00,
CI,693855,Chargeoff Surecash/Visa,8.00000%,0.66667%,3/23/20,12/31/99,2914552,12/31/99,3/26/20,3,$208.64,$1.39 ,$208.64,$0.00,
CI,719880,Chargeoff Surecash/Visa,6.75000%,0.56250%,6/1/23,12/31/99,2913387,12/31/99,6/2/23,1,"$1,918.87",$10.79 ,"$1,918.87",$0.00,
CI,430916,Chargeoff Surecash/Visa,8.00000%,0.66667%,12/20/18,12/31/99,2915011,12/31/99,12/24/18,4,$490.91,$3.27 ,$490.91,$0.00,
CI,804784,Chargeoff Surecash/Visa,8.00000%,0.66667%,6/25/14,12/31/99,2916650,12/31/99,6/27/14,2,$539.91,$3.60 ,$539.91,$9.89,
CI,818448,Chargeoff Surecash/Visa,0.00000%,0.00000%,2/13/15,12/31/99,2916417,12/31/99,2/23/15,10,"$2,399.01",$0.02 ,"$2,399.01",$0.00,
CI,817651,Surecash,15.15000%,1.26250%,12/8/20,12/31/99,2914292,12/31/99,12/10/20,2,"$2,391.91",$30.20 ,"$2,391.91","$2,391.91",
CI,104543,Chargeoff Surecash/Visa,8.00000%,0.66667%,4/24/17,12/31/99,2915616,12/31/99,5/1/17,7,$465.36,$3.10 ,$465.36,$0.00,
CI,686807,Surecash,15.15000%,1.26250%,8/24/21,12/31/99,2914033,12/31/99,8/25/21,1,$964.81,$12.18 ,$964.81,$0.00,
CI,629561,Chargeoff Surecash/Visa,8.00000%,0.66667%,8/26/15,12/31/99,2916223,12/31/99,8/28/15,2,"$1,120.44",$7.47 ,"$1,120.44",$0.00,
CI,118432,Chargeoff Surecash/Visa,8.00000%,0.66667%,1/25/19,12/31/99,2914975,12/31/99,1/30/19,5,$656.41,$4.38 ,$656.41,$656.41,
CI,372456,Chargeoff Surecash/Visa,8.00000%,0.66667%,2/4/19,12/31/99,2914965,12/31/99,2/8/19,4,"$1,808.48",$12.06 ,"$1,808.48","$1,808.48",
CI,815333,Chargeoff Surecash/Visa,8.50000%,0.70833%,5/12/23,12/31/99,2913407,12/31/99,5/15/23,3,"$2,097.15",$14.85 ,"$2,097.15","$2,097.15",
CI,215838,Chargeoff Surecash/Visa,0.00000%,0.00000%,1/30/14,12/31/99,2916796,12/31/99,1/31/14,1,"$2,227.14",$0.02 ,"$2,227.14",$0.00,
CI,844904,Chargeoff Surecash/Visa,8.00000%,0.66667%,10/28/15,12/31/99,2916160,12/31/99,11/3/15,6,"$1,213.93",$8.09 ,"$1,213.93",$0.00,
CI,158446,Chargeoff Surecash/Visa,8.00000%,0.66667%,5/30/17,12/31/99,2915580,12/31/99,6/12/17,13,"$3,180.31",$21.20 ,"$3,180.31","$3,180.31",
CI,597192,Chargeoff Surecash/Visa,8.00000%,0.66667%,2/13/15,12/31/99,2916417,12/31/99,2/27/15,14,$775.05,$5.17 ,$775.05,$0.00,
CI,790348,Chargeoff Surecash/Visa,8.00000%,0.66667%,5/30/17,12/31/99,2915580,12/31/99,6/12/17,13,"$2,295.89",$15.31 ,"$2,295.89","$2,295.89",
CI,221427,Chargeoff Surecash/Visa,8.00000%,0.66667%,3/18/19,12/31/99,2914923,12/31/99,3/22/19,4,$209.01,$1.39 ,$209.01,$0.00,
CI,128712,Chargeoff Surecash/Visa,8.00000%,0.66667%,1/25/19,12/31/99,2914975,12/31/99,1/30/19,5,$445.51,$2.97 ,$445.51,$0.00,
CI,535858,Surecash,15.15000%,1.26250%,9/3/20,12/31/99,2914388,12/31/99,9/4/20,1,$404.28,$5.10 ,$404.28,$404.28,
CI,500563,Surecash,15.15000%,1.26250%,11/4/21,12/31/99,2913961,12/31/99,11/5/21,1,$873.63,$11.03 ,$873.63,$537.84,
CI,313175,Chargeoff Surecash/Visa,8.00000%,0.66667%,9/21/17,12/31/99,2915466,12/31/99,9/22/17,1,"$1,088.31",$7.26 ,"$1,088.31",$0.00,
CI,435109,Chargeoff Surecash/Visa,8.00000%,0.66667%,3/23/18,12/31/99,2915283,12/31/99,3/26/18,3,$472.88,$3.15 ,$472.88,$0.00,
CI,773337,Chargeoff Surecash/Visa,8.00000%,0.66667%,5/23/19,12/31/99,2914857,12/31/99,5/24/19,1,$336.08,$2.24 ,$336.08,$0.00,
CI,560117,Chargeoff Surecash/Visa,8.00000%,0.66667%,4/22/19,12/31/99,2914888,12/31/99,4/23/19,1,$772.25,$5.15 ,$772.25,$770.91,
CI,163675,Surecash,11.50000%,0.95833%,2/18/22,12/31/99,2913855,12/31/99,2/22/22,4,$394.20,$3.78 ,$394.20,$0.00,
CI,538923,Chargeoff Surecash/Visa,8.00000%,0.66667%,10/28/15,12/31/99,2916160,12/31/99,11/3/15,6,"$3,152.69",$21.02 ,"$3,152.69","$1,537.76",
CI,240063,Chargeoff Surecash/Visa,8.00000%,0.66667%,8/26/15,12/31/99,2916223,12/31/99,8/28/15,2,$538.83,$3.59 ,$538.83,$0.00,
CI,532916,Chargeoff Surecash/Visa,8.00000%,0.66667%,6/4/18,12/31/99,2915210,12/31/99,6/5/18,1,$949.55,$6.33 ,$949.55,$948.37,
CI,610328,Chargeoff Surecash/Visa,8.00000%,0.66667%,5/23/19,12/31/99,2914857,12/31/99,5/24/19,1,"$2,118.17",$14.12 ,"$2,118.17",$0.00,
CI,535050,Surecash,11.50000%,0.95833%,2/18/22,12/31/99,2913855,12/31/99,2/22/22,4,$568.17,$5.44 ,$568.17,$198.76,
CI,194609,Chargeoff Surecash/Visa,8.00000%,0.66667%,6/19/15,12/31/99,2916291,12/31/99,6/22/15,3,"$1,685.77",$11.24 ,"$1,685.77",$247.42,
CI,136531,Chargeoff Surecash/Visa,8.00000%,0.66667%,3/27/20,12/31/99,2914548,12/31/99,3/30/20,3,$510.35,$3.40 ,$510.35,$0.00,
CI,915353,Chargeoff Surecash/Visa,8.00000%,0.66667%,4/22/19,12/31/99,2914888,12/31/99,4/23/19,1,$387.29,$2.58 ,$387.29,$0.00,
CI,262815,Chargeoff Surecash/Visa,8.00000%,0.66667%,9/21/17,12/31/99,2915466,12/31/99,9/22/17,1,$671.88,$4.48 ,$671.38,$44.27,
CI,187713,Surecash,15.15000%,1.26250%,5/19/21,12/31/99,2914130,12/31/99,5/20/21,1,$78.45,$0.99 ,$78.45,$0.00,
CI,89004,Surecash,15.15000%,1.26250%,9/3/20,12/31/99,2914388,12/31/99,9/4/20,1,"$1,334.76",$16.85 ,"$1,334.76",$0.00,
CI,68282,Chargeoff Surecash/Visa,8.00000%,0.66667%,10/28/15,12/31/99,2916160,12/31/99,11/3/15,6,"$1,230.25",$8.20 ,"$1,230.25",$253.15,
CI,661705,Surecash,11.50000%,0.95833%,2/18/22,12/31/99,2913855,12/31/99,2/22/22,4,$168.49,$1.61 ,$168.49,$0.00,
CI,312898,Chargeoff Surecash/Visa,10.00000%,0.83333%,9/6/22,12/31/99,2913655,12/31/99,9/7/22,1,$568.17,$4.73 ,"$2,307.33","$2,307.33",
CI,243752,Chargeoff Surecash/Visa,8.00000%,0.66667%,3/23/16,12/31/99,2916013,12/31/99,3/29/16,6,$435.96,$2.91 ,$435.96,$0.00,
CI,981670,Chargeoff Surecash/Visa,8.00000%,0.66667%,8/25/17,12/31/99,2915493,12/31/99,9/1/17,7,"$1,990.38",$13.27 ,"$1,890.38","$1,890.38",
CI,619208,Chargeoff Surecash/Visa,8.00000%,0.66667%,12/23/15,12/31/99,2916104,12/31/99,12/28/15,5,$549.84,$3.67 ,$549.84,$0.00,
CI,458247,Chargeoff Surecash/Visa,8.00000%,0.66667%,6/3/19,12/31/99,2914846,12/31/99,6/7/19,4,$494.75,$3.30 ,$494.75,$494.75,
CI,889830,Chargeoff Surecash/Visa,8.00000%,0.66667%,3/27/20,12/31/99,2914548,12/31/99,3/30/20,3,"$2,603.70",$17.36 ,"$2,603.70","$2,603.70",
CI,830585,Chargeoff Surecash/Visa,6.75000%,0.56250%,6/10/24,12/31/99,2913012,12/31/99,6/11/24,1,"$2,286.78",$12.86 ,"$2,286.78",$60.21,
CI,350424,Chargeoff Surecash/Visa,8.00000%,0.66667%,3/18/19,12/31/99,2914923,12/31/99,3/22/19,4,$414.54,$2.76 ,$414.54,$275.00,
CI,84425,Chargeoff Surecash/Visa,8.00000%,0.66667%,3/27/20,12/31/99,2914548,12/31/99,3/30/20,3,"$1,218.65",$8.12 ,"$1,218.65",$0.00,
CI,845725,Chargeoff Surecash/Visa,8.00000%,0.66667%,1/29/16,12/31/99,2916067,12/31/99,2/2/16,4,$474.48,$3.16 ,$474.48,$0.00,
CI,928953,Chargeoff Surecash/Visa,8.00000%,0.66667%,2/18/20,12/31/99,2914586,12/31/99,2/26/20,8,$597.71,$3.98 ,$597.71,$0.00,
CI,170159,Chargeoff Surecash/Visa,8.00000%,0.66667%,6/4/18,12/31/99,2915210,12/31/99,6/5/18,1,$748.44,$4.99 ,$748.44,$0.00,
CI,632881,Chargeoff Surecash/Visa,8.00000%,0.66667%,3/23/16,12/31/99,2916013,12/31/99,3/28/16,5,$489.22,$3.26 ,$489.22,$444.31,
CI,780065,Chargeoff Surecash/Visa,6.75000%,0.56250%,4/10/24,12/31/99,2913073,12/31/99,4/12/24,2,"$3,212.95",$18.07 ,"$3,212.95",$0.00,
CI,15744,Chargeoff Surecash/Visa,8.00000%,0.66667%,2/4/19,12/31/99,2914965,12/31/99,2/8/19,4,$390.53,$2.60 ,$390.53,$0.00,
CI,20477,Chargeoff Surecash/Visa,8.00000%,0.66667%,2/13/20,12/31/99,2914591,12/31/99,3/26/20,42,"$7,294.12",$48.63 ,"$7,294.12","$7,294.12",
CI,43248,Chargeoff Surecash/Visa,8.00000%,0.66667%,3/24/17,12/31/99,2915647,12/31/99,3/30/17,6,$602.93,$4.02 ,$602.93,$250.00,
CI,155413,Chargeoff Surecash/Visa,8.00000%,0.66667%,8/23/18,12/31/99,2915130,12/31/99,9/5/18,13,$628.58,$4.19 ,$528.99,$0.00,
CI,214445,Chargeoff Surecash/Visa,7.00000%,0.58333%,11/21/24,12/31/99,2912848,12/31/99,11/22/24,1,"$3,310.21",$19.31 ,"$3,310.21",$362.43,
CI,576051,Chargeoff Surecash/Visa,9.00000%,0.75000%,1/9/23,12/31/99,2913530,12/31/99,1/10/23,1,"$2,334.46",$17.51 ,"$2,334.46","$2,334.46",
CI,75819,Chargeoff Surecash/Visa,9.25000%,0.77083%,9/6/22,12/31/99,2913655,12/31/99,9/7/22,1,$600.28,$4.63 ,$600.28,$300.96,
CI,818709,Chargeoff Surecash/Visa,8.00000%,0.66667%,9/26/16,12/31/99,2915826,12/31/99,9/30/16,4,$456.66,$3.04 ,$456.66,$318.06,
CI,921099,Chargeoff Surecash/Visa,6.75000%,0.56250%,6/22/23,12/31/99,2913366,12/31/99,6/23/23,1,$106.48,$0.60 ,$106.48,$0.00,
CI,958060,Surecash,15.40000%,1.28333%,8/5/21,12/31/99,2914052,12/31/99,8/6/21,1,$361.59,$4.64 ,$361.59,$361.59,
CI,264780,Chargeoff Surecash/Visa,8.00000%,0.66667%,11/28/17,12/31/99,2915398,12/31/99,12/27/17,29,$534.26,$3.56 ,$534.26,$221.05,
CI,378787,Chargeoff Surecash/Visa,8.00000%,0.66667%,3/23/20,12/31/99,2914552,12/31/99,3/26/20,3,"$3,420.07",$22.80 ,"$3,420.07","$3,420.07",
CI,948872,Chargeoff Surecash/Visa,9.50000%,0.79167%,10/14/22,12/31/99,2913617,12/31/99,11/18/22,35,"$1,568.84",$12.42 ,"$1,493.84","$1,493.84",
CI,747024,Chargeoff Surecash/Visa,6.75000%,0.56250%,3/11/24,12/31/99,2913103,12/31/99,3/12/24,1,"$3,298.40",$18.55 ,"$3,298.40",$14.16,
CI,284973,Surecash,15.15000%,1.26250%,8/5/21,12/31/99,2914052,12/31/99,8/6/21,1,$393.64,$4.97 ,$393.64,$145.95,
CI,337110,Chargeoff Surecash/Visa,7.00000%,0.58333%,11/21/24,12/31/99,2912848,12/31/99,11/22/24,1,"$1,176.98",$6.87 ,"$1,176.98",$90.98,
CI,568360,Chargeoff Surecash/Visa,8.00000%,0.66667%,6/26/18,12/31/99,2915188,12/31/99,6/27/18,1,"$3,130.19",$20.87 ,"$3,130.19","$1,928.25",
CI,591962,Chargeoff Surecash/Visa,7.25000%,0.60417%,2/11/25,12/31/99,2912766,12/31/99,2/12/25,1,$803.71,$4.86 ,$803.71,$0.00,
CI,994889,Surecash,15.15000%,1.26250%,9/3/20,12/31/99,2914388,12/31/99,9/4/20,1,$458.81,$5.79 ,$458.81,$277.89,
CI,494307,Chargeoff Surecash/Visa,8.00000%,0.66667%,4/24/17,12/31/99,2915616,12/31/99,5/1/17,7,$899.61,$6.00 ,$899.61,$0.00,
CI,257068,Chargeoff Surecash/Visa,8.00000%,0.66667%,8/25/17,12/31/99,2915493,12/31/99,9/1/17,7,"$1,548.65",$10.32 ,"$1,548.65","$1,548.65",
CI,296162,Chargeoff Surecash/Visa,8.00000%,0.66667%,6/4/18,12/31/99,2915210,12/31/99,6/5/18,1,$717.31,$4.78 ,$717.31,$277.67,
CI,801522,Chargeoff Surecash/Visa,8.00000%,0.66667%,9/26/18,12/31/99,2915096,12/31/99,9/28/18,2,$880.53,$5.87 ,$780.53,$25.00,
CI,478982,Surecash,16.90000%,1.40833%,12/21/20,12/31/99,2914279,12/31/99,12/22/20,1,$517.35,$7.29 ,$517.35,$517.35,
CI,149923,Surecash,15.15000%,1.26250%,12/28/20,12/31/99,2914272,12/31/99,12/30/20,2,$384.79,$4.86 ,$384.79,$235.89,
CI,583236,Chargeoff Surecash/Visa,8.00000%,0.66667%,12/5/23,12/31/99,2913200,12/31/99,12/6/23,1,$387.20,$2.58 ,$387.20,$387.20,
CI,527246,Chargeoff Surecash/Visa,8.00000%,0.66667%,2/18/20,12/31/99,2914586,12/31/99,2/26/20,8,$904.02,$6.03 ,$904.02,$904.02,
CI,655512,Chargeoff Surecash/Visa,8.00000%,0.66667%,5/23/19,12/31/99,2914857,12/31/99,5/24/19,1,$703.02,$4.69 ,$703.02,$703.02,
CI,851702,Chargeoff Surecash/Visa,8.00000%,0.66667%,3/8/18,12/31/99,2915298,12/31/99,3/19/18,11,$777.24,$5.18 ,$777.24,$414.15,
CI,324501,Chargeoff Surecash/Visa,6.75000%,0.56250%,6/21/23,12/31/99,2913367,12/31/99,6/22/23,1,$641.61,$3.61 ,$641.61,$0.00,
CI,861795,Chargeoff Surecash/Visa,8.00000%,0.66667%,8/10/20,12/31/99,2914412,12/31/99,8/11/20,1,$76.68,$0.51 ,$76.68,$0.00,
CI,856408,Chargeoff Surecash/Visa,8.00000%,0.66667%,5/23/19,12/31/99,2914857,12/31/99,5/24/19,1,"$1,310.30",$8.74 ,"$1,310.30","$1,310.30",
CI,536869,Chargeoff Surecash/Visa,8.00000%,0.66667%,8/23/18,12/31/99,2915130,12/31/99,9/5/18,13,$823.26,$5.49 ,$723.80,$723.80,
CI,837786,Chargeoff Surecash/Visa,8.00000%,0.66667%,3/23/20,12/31/99,2914552,12/31/99,3/26/20,3,"$1,942.42",$12.95 ,"$1,942.42",$0.00,
CI,534397,Chargeoff Surecash/Visa,7.75000%,0.64583%,11/16/22,12/31/99,2913584,12/31/99,11/17/22,1,"$3,035.49",$19.60 ,"$3,035.49",$0.00,
CI,93048,Chargeoff Surecash/Visa,8.00000%,0.66667%,6/4/18,12/31/99,2915210,12/31/99,6/5/18,1,$470.76,$3.14 ,$470.76,$170.10,
CI,606584,Chargeoff Surecash/Visa,0.00001%,0.00000%,12/30/19,12/31/99,2914636,12/31/99,2/5/20,37,$599.00,$0.01 ,$599.00,$0.00,
CI,654670,Chargeoff Surecash/Visa,8.00000%,0.66667%,6/26/18,12/31/99,2915188,12/31/99,6/27/18,1,$529.26,$3.53 ,$529.26,$0.00,
CI,294408,Chargeoff Surecash/Visa,8.00000%,0.66667%,1/9/23,12/31/99,2913530,12/31/99,1/10/23,1,"$5,354.60",$35.70 ,"$5,354.60","$5,354.60",
CI,544617,Chargeoff Surecash/Visa,8.00000%,0.66667%,3/23/18,12/31/99,2915283,12/31/99,3/26/18,3,"$1,133.82",$7.56 ,"$1,133.82","$1,133.82",
CI,841491,Chargeoff Surecash/Visa,8.00000%,0.66667%,5/23/19,12/31/99,2914857,12/31/99,5/24/19,1,$407.49,$2.72 ,$407.49,$407.49,
CI,179286,Chargeoff Surecash/Visa,7.25000%,0.60417%,7/14/25,12/31/99,2912613,12/31/99,7/15/25,1,$607.09,$3.67 ,$607.09,$607.09,
CI,864560,Surecash,10.00000%,0.83333%,7/11/22,12/31/99,2913712,12/31/99,7/12/22,1,$629.29,$5.24 ,$629.29,$0.00,
CI,942733,Chargeoff Surecash/Visa,7.50000%,0.62500%,10/17/25,12/31/99,2912518,12/31/99,10/20/25,3,$961.34,$6.01 ,$961.34,$0.00,
CI,886717,Chargeoff Surecash/Visa,8.00000%,0.66667%,8/23/18,12/31/99,2915130,12/31/99,9/5/18,13,"$2,169.15",$14.46 ,"$2,169.15","$1,745.20",
CI,880579,Chargeoff Surecash/Visa,8.00000%,0.66667%,12/30/19,12/31/99,2914636,12/31/99,2/6/20,38,"$1,161.39",$7.74 ,"$1,161.39","$1,161.39",
CI,60719,Surecash,15.15000%,1.26250%,12/28/20,12/31/99,2914272,12/31/99,12/30/20,2,$400.98,$5.06 ,$400.98,$400.98,
CI,837364,Chargeoff Surecash/Visa,7.25000%,0.60417%,2/11/25,12/31/99,2912766,12/31/99,2/12/25,1,$674.10,$4.07 ,$674.10,$0.00,
CI,254069,Chargeoff Surecash/Visa,8.00000%,0.66667%,3/27/20,12/31/99,2914548,12/31/99,3/30/20,3,$132.76,$0.89 ,$132.76,$0.00,
CI,100208,Chargeoff Surecash/Visa,6.75000%,0.56250%,11/13/23,12/31/99,2913222,12/31/99,11/14/23,1,$329.62,$1.85 ,$329.62,$0.00,
CI,86954,Chargeoff Surecash/Visa,8.00000%,0.66667%,3/27/20,12/31/99,2914548,12/31/99,3/30/20,3,"$1,295.95",$8.64 ,"$1,295.95","$1,295.95",
CI,852434,Chargeoff Surecash/Visa,8.00000%,0.66667%,3/18/19,12/31/99,2914923,12/31/99,3/22/19,4,$390.15,$2.60 ,$390.15,$0.00,
CI,677350,Chargeoff Surecash/Visa,8.00000%,0.66667%,8/23/18,12/31/99,2915130,12/31/99,9/5/18,13,$685.08,$4.57 ,$685.08,$0.00,
CI,642434,Chargeoff Surecash/Visa,8.00000%,0.66667%,2/12/20,12/31/99,2914592,12/31/99,2/26/20,14,$938.15,$6.25 ,$938.15,$938.15,
CI,679582,Chargeoff Surecash/Visa,8.00000%,0.66667%,1/29/19,12/31/99,2914971,12/31/99,1/30/19,1,$495.49,$3.30 ,$495.49,$495.49,
CI,486813,Chargeoff Surecash/Visa,8.00000%,0.66667%,5/23/19,12/31/99,2914857,12/31/99,5/24/19,1,$452.59,$3.02 ,$452.59,$0.00,
CI,810366,Chargeoff Surecash/Visa,8.00000%,0.66667%,3/27/20,12/31/99,2914548,12/31/99,3/30/20,3,$853.04,$5.69 ,$853.04,$0.00,
CI,796439,Surecash,15.15000%,1.26250%,11/29/21,12/31/99,2913936,12/31/99,11/30/21,1,$424.40,$5.36 ,$424.40,$0.00,
CI,965866,Surecash,11.50000%,0.95833%,2/11/22,12/31/99,2913862,12/31/99,2/14/22,3,$656.87,$6.30 ,$656.87,$0.00,
CI,317575,Surecash,15.90000%,1.32500%,9/3/20,12/31/99,2914388,12/31/99,9/4/20,1,"$2,283.46",$30.26 ,"$2,283.46","$2,283.46",
CI,712346,Surecash,15.15000%,1.26250%,9/16/21,12/31/99,2914010,12/31/99,9/17/21,1,"$2,218.37",$28.01 ,"$2,218.37",$0.00,
CI,234175,Surecash,15.15000%,1.26250%,9/3/20,12/31/99,2914388,12/31/99,9/4/20,1,$387.53,$4.89 ,$387.53,$183.48,
CI,778008,Chargeoff Surecash/Visa,8.00000%,0.66667%,9/30/19,12/31/99,2914727,12/31/99,9/30/19,0,$556.91,$3.71 ,$556.91,$556.91,
CI,743568,Chargeoff Surecash/Visa,8.00000%,0.66667%,3/18/19,12/31/99,2914923,12/31/99,3/20/19,2,"$4,828.49",$32.19 ,"$4,828.49",$0.00,
CI,467002,Chargeoff Surecash/Visa,8.50000%,0.70833%,11/16/22,12/31/99,2913584,12/31/99,11/17/22,1,"$1,729.87",$12.25 ,"$1,729.87","$1,729.87",
CI,285437,Chargeoff Surecash/Visa,8.00000%,0.66667%,9/30/19,12/31/99,2914727,12/31/99,9/30/19,0,"$1,860.64",$12.40 ,"$1,860.64",$100.00,
CI,335119,Chargeoff Surecash/Visa,6.75000%,0.56250%,8/14/23,12/31/99,2913313,12/31/99,8/15/23,1,"$2,646.73",$14.89 ,"$2,646.73",$0.00,
CI,748840,Chargeoff Surecash/Visa,8.00000%,0.66667%,12/26/18,12/31/99,2915005,12/31/99,12/28/18,2,"$1,098.13",$7.32 ,"$1,098.13",$50.00,
CI,266179,Chargeoff Surecash/Visa,8.50000%,0.70833%,4/10/23,12/31/99,2913439,12/31/99,4/11/23,1,"$1,050.92",$7.44 ,"$1,050.92","$1,050.92",
CI,531339,Chargeoff Surecash/Visa,7.25000%,0.60417%,1/9/23,12/31/99,2913530,12/31/99,3/13/23,63,"$1,737.68",$10.50 ,"$4,389.68",$0.00,
CI,402545,Surecash,15.15000%,1.26250%,1/4/22,12/31/99,2913900,12/31/99,1/5/22,1,$437.89,$5.53 ,$437.89,$0.00,
CI,94162,Chargeoff Surecash/Visa,8.00000%,0.66667%,12/30/19,12/31/99,2914636,12/31/99,2/6/20,38,$455.87,$3.04 ,$455.87,$455.87,
CI,578185,Surecash,15.15000%,1.26250%,2/24/21,12/31/99,2914214,12/31/99,2/25/21,1,$248.89,$3.14 ,$248.89,$0.00,
CI,838636,Chargeoff Surecash/Visa,8.00000%,0.66667%,1/28/19,12/31/99,2914972,12/31/99,1/30/19,2,$400.26,$2.67 ,$400.26,$0.00,
CI,364350,Chargeoff Surecash/Visa,7.00000%,0.58333%,3/15/23,12/31/99,2913465,12/31/99,3/17/23,2,$398.48,$2.32 ,$398.48,$0.00,
CI,185997,Chargeoff Surecash/Visa,6.75000%,0.56250%,8/7/24,12/31/99,2912954,12/31/99,8/8/24,1,"$3,190.07",$17.94 ,"$3,190.07",$0.00,
CI,68621,Chargeoff Surecash/Visa,8.00000%,0.66667%,2/4/19,12/31/99,2914965,12/31/99,2/8/19,4,$896.00,$5.97 ,$896.00,$896.00,
CI,192926,Surecash,15.15000%,1.26250%,8/4/21,12/31/99,2914053,12/31/99,8/5/21,1,$385.36,$4.87 ,$385.36,$0.00,
CI,197400,Chargeoff Surecash/Visa,8.00000%,0.66667%,12/30/19,12/31/99,2914636,12/31/99,2/6/20,38,"$5,388.14",$35.92 ,"$5,388.14",$0.00,
CI,74622,Chargeoff Surecash/Visa,0.00010%,0.00001%,10/29/18,12/31/99,2915063,12/31/99,10/30/18,1,$318.84,$0.00 ,$318.84,$135.87,
CI,579962,Chargeoff Surecash/Visa,8.00000%,0.66667%,3/27/20,12/31/99,2914548,12/31/99,3/30/20,3,$625.74,$4.17 ,$625.74,$625.74,
CI,404225,Chargeoff Surecash/Visa,8.00000%,0.66667%,12/30/19,12/31/99,2914636,12/31/99,2/6/20,38,"$1,040.51",$6.94 ,"$1,040.51",$43.86,
CI,97440,Chargeoff Surecash/Visa,8.00000%,0.66667%,12/30/19,12/31/99,2914636,12/31/99,2/6/20,38,$702.66,$4.68 ,$702.66,$0.00,
CI,899999,Chargeoff Surecash/Visa,8.00000%,0.66667%,3/27/20,12/31/99,2914548,12/31/99,3/30/20,3,$627.49,$4.18 ,$627.49,$258.00,
CI,229468,Chargeoff Surecash/Visa,8.00000%,0.66667%,3/13/19,12/31/99,2914928,12/31/99,3/18/19,5,$18.97,$0.13 ,$18.97,$0.00,
CI,384088,Chargeoff Surecash/Visa,8.00000%,0.66667%,3/27/20,12/31/99,2914548,12/31/99,3/30/20,3,$458.86,$3.06 ,$458.86,$50.90,
CI,390110,Chargeoff Surecash/Visa,6.75000%,0.56250%,11/13/23,12/31/99,2913222,12/31/99,11/14/23,1,$426.25,$2.40 ,$426.25,$426.25,
CI,706523,Chargeoff Surecash/Visa,8.50000%,0.70833%,8/18/23,12/31/99,2913309,12/31/99,8/21/23,3,"$1,059.27",$7.50 ,"$1,059.27","$1,059.27",
CI,995579,Chargeoff Surecash/Visa,6.75000%,0.56250%,9/11/23,12/31/99,2913285,12/31/99,9/12/23,1,"$2,738.84",$15.41 ,"$2,738.84",$118.40,
CI,185882,Chargeoff Surecash/Visa,8.00000%,0.66667%,2/18/20,12/31/99,2914586,12/31/99,2/26/20,8,$628.09,$4.19 ,$628.09,$628.09,
CI,122558,Surecash,15.15000%,1.26250%,2/16/21,12/31/99,2914222,12/31/99,2/17/21,1,$633.70,$8.00 ,$633.70,$625.01,
CI,389668,Chargeoff Surecash/Visa,8.00000%,0.66667%,2/18/20,12/31/99,2914586,12/31/99,2/26/20,8,"$1,794.92",$11.97 ,"$1,794.92",$669.92,
CI,370330,Chargeoff Surecash/Visa,6.75000%,0.56250%,10/22/24,12/31/99,2912878,12/31/99,10/23/24,1,$411.13,$2.31 ,$411.13,$0.00,
CI,393602,Chargeoff Surecash/Visa,8.00000%,0.66667%,5/23/19,12/31/99,2914857,12/31/99,5/24/19,1,$401.72,$2.68 ,$401.72,$0.00,
CI,530816,Chargeoff Surecash/Visa,11.50000%,0.95833%,2/18/22,12/31/99,2913855,12/31/99,2/22/22,4,"$2,623.92",$25.15 ,"$2,623.92","$1,847.68",
CI,231570,Chargeoff Surecash/Visa,8.00000%,0.66667%,12/30/19,12/31/99,2914636,12/31/99,2/6/20,38,$496.33,$3.31 ,$496.33,$0.00,
CI,969219,Chargeoff Surecash/Visa,8.00000%,0.66667%,5/23/19,12/31/99,2914857,12/31/99,5/24/19,1,$407.96,$2.72 ,$407.96,$0.00,
CI,464984,Chargeoff Surecash/Visa,8.00000%,0.66667%,3/27/20,12/31/99,2914548,12/31/99,3/30/20,3,"$1,993.45",$13.29 ,"$1,993.45",$274.95,
CI,531395,Chargeoff Surecash/Visa,7.00000%,0.58333%,3/15/23,12/31/99,2913465,12/31/99,3/17/23,2,$429.50,$2.51 ,$429.50,$0.00,
CI,258212,Chargeoff Surecash/Visa,8.00000%,0.66667%,5/23/19,12/31/99,2914857,12/31/99,5/24/19,1,$643.53,$4.29 ,$643.53,$0.00,
CI,754440,Chargeoff Surecash/Visa,7.25000%,0.60417%,3/7/25,12/31/99,2912742,12/31/99,3/10/25,3,$689.28,$4.16 ,$689.28,$0.00,
CI,577137,Surecash,15.15000%,1.26250%,12/22/20,12/31/99,2914278,12/31/99,12/28/20,6,$401.14,$5.06 ,$401.14,$401.14,
CI,752982,Chargeoff Surecash/Visa,8.00000%,0.66667%,2/18/20,12/31/99,2914586,12/31/99,2/26/20,8,"$1,289.45",$8.60 ,"$1,289.45",$0.00,
CI,472105,Chargeoff Surecash/Visa,8.00000%,0.66667%,2/4/19,12/31/99,2914965,12/31/99,2/8/19,4,"$2,072.00",$13.81 ,"$2,072.00",$0.00,
CI,866112,Chargeoff Surecash/Visa,8.00000%,0.66667%,9/30/19,12/31/99,2914727,12/31/99,9/30/19,0,$808.58,$5.39 ,$808.58,$0.00,
CI,525411,Surecash,11.50000%,0.95833%,2/18/22,12/31/99,2913855,12/31/99,2/22/22,4,$467.81,$4.48 ,$467.81,$0.00,
CI,209951,Surecash,11.25000%,0.93750%,3/24/22,12/31/99,2913821,12/31/99,3/25/22,1,$622.00,$5.83 ,$621.13,$0.00,
CI,395265,Surecash,15.15000%,1.26250%,12/21/20,12/31/99,2914279,12/31/99,12/22/20,1,$319.18,$4.03 ,$319.18,$0.00,
CI,386981,Chargeoff Surecash/Visa,8.00000%,0.66667%,5/29/20,12/31/99,2914485,12/31/99,6/29/20,31,$636.89,$4.25 ,$636.89,$25.00,
CI,832137,Chargeoff Surecash/Visa,8.00000%,0.66667%,2/18/20,12/31/99,2914586,12/31/99,2/26/20,8,$700.15,$4.67 ,$700.15,$6.17,
CI,718595,Surecash,15.15000%,1.26250%,12/29/21,12/31/99,2913906,12/31/99,12/30/21,1,"$1,702.89",$21.50 ,"$1,702.89",$0.00,
CI,670553,Chargeoff Surecash/Visa,8.00000%,0.66667%,3/27/20,12/31/99,2914548,12/31/99,3/30/20,3,$718.92,$4.79 ,$718.92,$333.04,
CI,162304,Chargeoff Surecash/Visa,7.00000%,0.58333%,12/16/24,12/31/99,2912823,12/31/99,12/17/24,1,$817.75,$4.77 ,$817.75,$0.00,
CI,769000,Chargeoff Surecash/Visa,8.00000%,0.66667%,9/30/19,12/31/99,2914727,12/31/99,9/30/19,0,"$3,186.30",$21.24 ,"$3,186.30",$150.00,
CI,778903,Surecash,15.15000%,1.26250%,9/16/21,12/31/99,2914010,12/31/99,9/17/21,1,"$1,555.82",$19.64 ,"$1,555.82",$0.00,
CI,417515,Chargeoff Surecash/Visa,8.00000%,0.66667%,1/13/26,12/31/99,2912430,12/31/99,1/14/26,1,"$2,885.32",$19.24 ,"$2,885.32",$71.82,
CI,749480,Chargeoff Surecash/Visa,8.00000%,0.66667%,2/18/20,12/31/99,2914586,12/31/99,2/26/20,8,"$3,104.71",$20.70 ,"$3,104.71",$453.07,
CI,812886,Surecash,15.15000%,1.26250%,2/26/21,12/31/99,2914212,12/31/99,3/2/21,4,$166.72,$2.10 ,$166.72,$0.00,
CI,128569,Surecash,15.15000%,1.26250%,12/21/20,12/31/99,2914279,12/31/99,12/22/20,1,$668.09,$8.43 ,$668.09,$0.00,
CI,681800,Chargeoff Surecash/Visa,8.00000%,0.66667%,5/4/20,12/31/99,2914510,12/31/99,5/26/20,22,$425.57,$2.84 ,$425.57,$0.00,
CI,243907,Chargeoff Surecash/Visa,7.25000%,0.60417%,3/7/25,12/31/99,2912742,12/31/99,3/10/25,3,"$2,260.20",$13.66 ,"$2,260.20","$2,119.16",
CI,765694,Chargeoff Surecash/Visa,8.00000%,0.66667%,12/30/19,12/31/99,2914636,12/31/99,2/6/20,38,$729.22,$4.86 ,$729.22,$0.00,
CI,529031,Chargeoff Surecash/Visa,6.75000%,0.56250%,1/2/24,12/31/99,2913172,12/31/99,1/3/24,1,$330.25,$1.86 ,$330.25,$0.00,
CI,337907,Chargeoff Surecash/Visa,8.00000%,0.66667%,12/30/19,12/31/99,2914636,12/31/99,2/6/20,38,"$2,690.90",$17.94 ,"$2,690.90",$0.00,
CI,306821,Chargeoff Surecash/Visa,8.50000%,0.70833%,10/5/22,12/31/99,2913626,12/31/99,10/6/22,1,"$1,373.28",$9.73 ,"$1,373.28",$0.00,
CI,467964,Surecash,8.00000%,0.66667%,8/4/21,12/31/99,2914053,12/31/99,8/5/21,1,$477.37,$3.18 ,$477.37,$477.37,
CI,68285,Surecash,15.15000%,1.26250%,6/28/21,12/31/99,2914090,12/31/99,6/29/21,1,$908.90,$11.47 ,$908.90,$0.00,
CI,698819,Surecash,11.65000%,0.97083%,12/21/20,12/31/99,2914279,12/31/99,12/22/20,1,$944.73,$9.17 ,$944.73,$944.73,
CI,691833,Surecash,11.50000%,0.95833%,2/11/22,12/31/99,2913862,12/31/99,2/14/22,3,$356.53,$3.42 ,$356.53,$356.53,
CI,793069,Chargeoff Surecash/Visa,8.00000%,0.66667%,2/18/20,12/31/99,2914586,12/31/99,2/26/20,8,$655.85,$4.37 ,$655.85,$0.00,
CI,919074,Chargeoff Surecash/Visa,8.00000%,0.66667%,3/27/20,12/31/99,2914548,12/31/99,3/30/20,3,$650.08,$4.33 ,$650.08,$0.00,
CI,995031,Chargeoff Surecash/Visa,9.75000%,0.81250%,10/5/22,12/31/99,2913626,12/31/99,10/6/22,1,"$2,414.48",$19.62 ,"$2,414.48","$2,414.48",
CI,129820,Chargeoff Surecash/Visa,6.75000%,0.56250%,8/22/24,12/31/99,2912939,12/31/99,8/23/24,1,$301.90,$1.70 ,$301.90,$0.00,
CI,615399,Chargeoff Surecash/Visa,7.00000%,0.58333%,3/17/23,12/31/99,2913463,12/31/99,3/20/23,3,"$1,494.15",$8.72 ,"$1,494.15","$1,494.15",
CI,942613,Surecash,15.15000%,1.26250%,2/9/21,12/31/99,2914229,12/31/99,2/11/21,2,$213.44,$2.69 ,$213.44,$213.44,
CI,951397,Chargeoff Surecash/Visa,8.50000%,0.70833%,5/6/24,12/31/99,2913047,12/31/99,5/7/24,1,"$1,273.99",$9.02 ,"$1,273.99","$1,273.99",
CI,94657,Surecash,15.15000%,1.26250%,12/28/20,12/31/99,2914272,12/31/99,12/30/20,2,$514.64,$6.50 ,$514.64,$0.00,
CI,230967,Surecash,11.25000%,0.93750%,3/24/22,12/31/99,2913821,12/31/99,3/25/22,1,$240.00,$2.25 ,$239.16,$0.00,
CI,64071,Chargeoff Surecash/Visa,9.25000%,0.77083%,9/6/22,12/31/99,2913655,12/31/99,9/7/22,1,$859.63,$6.63 ,$859.63,$0.00,
CI,195559,Surecash,11.25000%,0.93750%,4/28/22,12/31/99,2913786,12/31/99,4/29/22,1,$375.01,$3.52 ,$375.01,$0.00,
CI,243610,Surecash,15.15000%,1.26250%,9/16/21,12/31/99,2914010,12/31/99,9/17/21,1,$429.01,$5.42 ,$429.01,$0.00,
CI,294814,Chargeoff Surecash/Visa,7.50000%,0.62500%,9/6/24,12/31/99,2912924,12/31/99,9/9/24,3,$186.89,$1.17 ,$186.89,$186.89,
CI,870889,Surecash,15.15000%,1.26250%,8/24/21,12/31/99,2914033,12/31/99,8/25/21,1,"$1,333.49",$16.84 ,"$1,333.49",$49.42,
CI,460633,Chargeoff Surecash/Visa,11.50000%,0.95833%,2/11/22,12/31/99,2913862,12/31/99,2/14/22,3,$991.36,$9.50 ,$991.36,$676.28,
CI,91414,Surecash,11.25000%,0.93750%,4/28/22,12/31/99,2913786,12/31/99,4/29/22,1,$647.12,$6.07 ,$647.12,$0.00,
CI,13065,Surecash,15.15000%,1.26250%,12/21/21,12/31/99,2913914,12/31/99,12/27/21,6,$391.55,$4.94 ,$391.55,$0.00,
CI,752411,Chargeoff Surecash/Visa,7.75000%,0.64583%,12/12/22,12/31/99,2913558,12/31/99,12/13/22,1,$583.24,$3.77 ,$583.24,$0.00,
CI,806829,Surecash,15.15000%,1.26250%,12/28/20,12/31/99,2914272,12/31/99,12/30/20,2,$362.56,$4.58 ,$362.56,$0.00,
CI,892626,Surecash,15.15000%,1.26250%,6/28/21,12/31/99,2914090,12/31/99,6/29/21,1,"$1,512.49",$19.10 ,"$1,512.49",$0.00,
CI,278290,Chargeoff Surecash/Visa,7.25000%,0.60417%,1/31/23,12/31/99,2913508,12/31/99,2/1/23,1,"$1,780.97",$10.76 ,"$1,780.97","$1,732.03",
CI,137807,Chargeoff Surecash/Visa,6.75000%,0.56250%,7/8/24,12/31/99,2912984,12/31/99,7/10/24,2,"$1,795.37",$10.10 ,"$1,795.37",$0.00,
CI,962273,Surecash,15.90000%,1.32500%,9/3/20,12/31/99,2914388,12/31/99,9/9/20,6,"$1,713.30",$22.70 ,"$1,713.30","$1,713.30",
CI,207418,Surecash,15.15000%,1.26250%,9/28/20,12/31/99,2914363,12/31/99,9/29/20,1,$649.25,$8.20 ,$649.25,$37.77,
CI,239007,Chargeoff Surecash/Visa,16.15000%,1.34583%,9/16/21,12/31/99,2914010,12/31/99,9/17/21,1,$537.81,$7.24 ,$537.81,$537.81,
CI,406225,Surecash,15.15000%,1.26250%,9/28/20,12/31/99,2914363,12/31/99,9/29/20,1,$625.63,$7.90 ,$625.63,$0.00,
CI,922644,Chargeoff Surecash/Visa,6.75000%,0.56250%,2/9/24,12/31/99,2913134,12/31/99,2/12/24,3,$571.09,$3.21 ,$571.09,$74.33,
CI,712330,Chargeoff Surecash/Visa,6.75000%,0.56250%,1/16/24,12/31/99,2913158,12/31/99,1/19/24,3,$98.01,$0.55 ,$98.01,$0.00,
CI,768185,Chargeoff Surecash/Visa,8.50000%,0.70833%,2/9/24,12/31/99,2913134,12/31/99,2/12/24,3,$887.47,$6.29 ,$887.47,$887.47,
CI,462235,Chargeoff Surecash/Visa,6.75000%,0.56250%,9/6/24,12/31/99,2912924,12/31/99,12/29/25,479,"$1,125.08",$6.33 ,"$1,125.08",$219.06,
CI,134843,Surecash,15.15000%,1.26250%,8/4/21,12/31/99,2914053,12/31/99,8/5/21,1,"$2,769.96",$34.97 ,"$2,769.96",$0.00,
CI,167234,Surecash,15.90000%,1.32500%,9/16/21,12/31/99,2914010,12/31/99,9/17/21,1,$424.35,$5.62 ,$424.35,$424.35,
CI,886792,Surecash,15.15000%,1.26250%,11/29/21,12/31/99,2913936,12/31/99,11/30/21,1,$428.99,$5.42 ,$428.99,$0.00,
CI,391577,Chargeoff Surecash/Visa,6.75000%,0.56250%,8/14/23,12/31/99,2913313,12/31/99,8/15/23,1,"$1,109.49",$6.24 ,"$1,109.49",$885.80,
CI,785496,Surecash,16.90000%,1.40833%,9/29/21,12/31/99,2913997,12/31/99,9/30/21,1,"$2,824.81",$39.78 ,"$2,824.81","$2,824.81",
CI,718058,Chargeoff Surecash/Visa,6.75000%,0.56250%,10/23/23,12/31/99,2913243,12/31/99,10/24/23,1,$431.63,$2.43 ,$431.63,$0.00,
CI,642222,Chargeoff Surecash/Visa,7.00000%,0.58333%,12/9/24,12/31/99,2912830,12/31/99,12/11/24,2,"$1,846.86",$10.77 ,"$1,846.86",$30.91,
CI,13513,Chargeoff Surecash/Visa,7.00000%,0.58333%,3/17/23,12/31/99,2913463,12/31/99,3/20/23,3,$654.16,$3.82 ,$654.16,$0.00,
CI,392551,Chargeoff Surecash/Visa,8.50000%,0.70833%,6/10/24,12/31/99,2913012,12/31/99,6/11/24,1,$117.41,$0.83 ,$117.41,$117.41,
CI,891859,Surecash,11.25000%,0.93750%,4/28/22,12/31/99,2913786,12/31/99,4/29/22,1,$541.09,$5.07 ,$541.09,$0.00,
CI,130050,Chargeoff Surecash/Visa,7.00000%,0.58333%,12/9/24,12/31/99,2912830,12/31/99,12/11/24,2,$827.64,$4.83 ,$827.64,$0.00,
CI,970113,Surecash,13.90000%,1.15833%,8/4/21,12/31/99,2914053,12/31/99,8/5/21,1,$552.40,$6.40 ,$552.40,$552.40,
CI,247235,Chargeoff Surecash/Visa,7.75000%,0.64583%,12/8/25,12/31/99,2912466,12/31/99,12/9/25,1,"$3,322.86",$21.46 ,"$3,322.86",$0.00,
CI,401552,Surecash,13.90000%,1.15833%,3/18/21,12/31/99,2914192,12/31/99,3/19/21,1,"$1,187.72",$13.76 ,"$1,187.72","$1,187.72",
CI,479594,Surecash,8.00000%,0.66667%,8/5/21,12/31/99,2914052,12/31/99,8/6/21,1,$971.21,$6.47 ,$971.21,$971.21,
CI,601349,Chargeoff Surecash/Visa,6.75000%,0.56250%,2/9/24,12/31/99,2913134,12/31/99,2/12/24,3,$616.88,$3.47 ,$616.88,$0.00,
CI,409877,Chargeoff Surecash/Visa,6.75000%,0.56250%,6/10/24,12/31/99,2913012,12/31/99,6/11/24,1,$599.70,$3.37 ,$599.70,$2.90,
CI,489635,Chargeoff Surecash/Visa,7.50000%,0.62500%,10/7/25,12/31/99,2912528,12/31/99,10/8/25,1,$643.04,$4.02 ,$643.04,$195.54,
CI,675356,Surecash,15.15000%,1.26250%,9/29/21,12/31/99,2913997,12/31/99,9/30/21,1,$728.65,$9.20 ,$728.65,$0.00,
CI,117678,Chargeoff Surecash/Visa,9.75000%,0.81250%,10/14/22,12/31/99,2913617,12/31/99,11/18/22,35,$57.04,$0.46 ,$57.04,$57.04,
CI,851418,Chargeoff Surecash/Visa,6.75000%,0.56250%,4/10/23,12/31/99,2913439,12/31/99,4/11/23,1,"$3,183.96",$17.91 ,"$3,183.96","$1,135.09",
CI,385426,Chargeoff Surecash/Visa,6.75000%,0.56250%,11/13/23,12/31/99,2913222,12/31/99,11/14/23,1,$599.59,$3.37 ,$599.59,$86.00,
CI,754327,Surecash,10.00000%,0.83333%,7/11/22,12/31/99,2913712,12/31/99,7/12/22,1,$618.56,$5.15 ,$618.56,$0.00,
CI,658096,Chargeoff Surecash/Visa,7.25000%,0.60417%,6/11/25,12/31/99,2912646,12/31/99,6/12/25,1,$153.29,$0.93 ,$153.29,$0.00,
CI,820556,Chargeoff Surecash/Visa,11.50000%,0.95833%,2/11/22,12/31/99,2913862,12/31/99,2/14/22,3,$418.41,$4.01 ,$418.41,$418.41,
CI,665077,Chargeoff Surecash/Visa,6.75000%,0.56250%,6/21/23,12/31/99,2913367,12/31/99,6/22/23,1,"$2,290.31",$12.88 ,"$2,290.31",$0.00,
CI,854980,Surecash,15.15000%,1.26250%,8/5/21,12/31/99,2914052,12/31/99,8/6/21,1,$509.92,$6.44 ,$509.92,$0.00,
CI,976541,Surecash,11.65000%,0.97083%,8/5/21,12/31/99,2914052,12/31/99,8/6/21,1,$402.21,$3.90 ,$402.21,$402.21,
CI,344944,Surecash,10.00000%,0.83333%,7/11/22,12/31/99,2913712,12/31/99,7/12/22,1,$564.61,$4.71 ,$564.61,$0.00,
CI,6493,Chargeoff Surecash/Visa,16.90000%,1.40833%,11/4/21,12/31/99,2913961,12/31/99,11/5/21,1,"$1,913.42",$26.95 ,"$1,913.42","$1,913.42",
CI,152318,Chargeoff Surecash/Visa,8.50000%,0.70833%,10/5/22,12/31/99,2913626,12/31/99,10/6/22,1,$716.62,$5.08 ,$716.62,$129.80,
CI,266320,Surecash,15.15000%,1.26250%,6/28/21,12/31/99,2914090,12/31/99,6/29/21,1,$232.26,$2.93 ,$232.26,$0.00,
CI,267556,Chargeoff Surecash/Visa,7.25000%,0.60417%,1/9/23,12/31/99,2913530,12/31/99,1/10/23,1,$412.74,$2.49 ,$412.74,$30.57,
CI,348493,Chargeoff Surecash/Visa,15.15000%,1.26250%,11/4/21,12/31/99,2913961,12/31/99,11/5/21,1,"$1,734.08",$21.89 ,"$1,734.08","$1,702.58",
CI,856838,Surecash,11.50000%,0.95833%,2/18/22,12/31/99,2913855,12/31/99,2/22/22,4,$752.33,$7.21 ,$752.33,$0.00,
CI,930033,Surecash,15.15000%,1.26250%,6/28/21,12/31/99,2914090,12/31/99,6/29/21,1,$420.55,$5.31 ,$420.55,$0.00,
CI,900921,Chargeoff Surecash/Visa,6.75000%,0.56250%,12/5/23,12/31/99,2913200,12/31/99,12/6/23,1,$457.69,$2.57 ,$457.69,$0.00,
CI,856490,Chargeoff Surecash/Visa,6.75000%,0.56250%,12/5/23,12/31/99,2913200,12/31/99,12/6/23,1,$433.66,$2.44 ,$433.66,$0.00,
CI,499990,Surecash,11.25000%,0.93750%,3/24/22,12/31/99,2913821,12/31/99,3/25/22,1,$311.00,$2.92 ,$310.01,$310.01,
CI,332638,Surecash,11.50000%,0.95833%,2/18/22,12/31/99,2913855,12/31/99,2/22/22,4,$895.45,$8.58 ,$895.45,$275.00,
CI,32340,Chargeoff Surecash/Visa,6.75000%,0.56250%,1/16/24,12/31/99,2913158,12/31/99,1/19/24,3,$850.77,$4.79 ,$850.77,$0.00,
CI,79797,Chargeoff Surecash/Visa,7.75000%,0.64583%,11/16/22,12/31/99,2913584,12/31/99,11/17/22,1,$861.91,$5.57 ,$861.91,$0.00,
CI,212866,Chargeoff Surecash/Visa,7.00000%,0.58333%,2/16/23,12/31/99,2913492,12/31/99,2/21/23,5,$534.35,$3.12 ,$534.35,$0.00,
CI,735477,Surecash,12.40000%,1.03333%,11/4/21,12/31/99,2913961,12/31/99,11/5/21,1,"$1,669.35",$17.25 ,"$1,669.35","$1,664.05",
CI,347074,Surecash,15.15000%,1.26250%,11/29/21,12/31/99,2913936,12/31/99,11/30/21,1,$412.51,$5.21 ,$412.51,$0.00,
CI,967792,Surecash,15.15000%,1.26250%,11/4/21,12/31/99,2913961,12/31/99,11/5/21,1,"$1,572.72",$19.86 ,"$1,572.72",$0.00,
CI,235862,Chargeoff Surecash/Visa,6.75000%,0.56250%,1/17/24,12/31/99,2913157,12/31/99,1/19/24,2,$129.12,$0.73 ,$129.12,$0.00,
CI,894897,Chargeoff Surecash/Visa,6.75000%,0.56250%,10/2/24,12/31/99,2912898,12/31/99,10/4/24,2,"$1,318.49",$7.42 ,"$1,318.49",$185.38,
CI,109060,Chargeoff Surecash/Visa,6.75000%,0.56250%,8/7/24,12/31/99,2912954,12/31/99,8/8/24,1,$955.10,$5.37 ,$955.10,$0.00,
CI,218588,Surecash,15.15000%,1.26250%,11/29/21,12/31/99,2913936,12/31/99,11/30/21,1,$427.93,$5.40 ,$427.93,$0.00,
CI,238267,Surecash,15.15000%,1.26250%,12/21/21,12/31/99,2913914,12/31/99,12/27/21,6,$636.80,$8.04 ,$636.80,$250.00,
CI,875087,Chargeoff Surecash/Visa,8.50000%,0.70833%,5/12/23,12/31/99,2913407,12/31/99,5/15/23,3,$334.00,$2.37 ,$334.00,$334.00,
CI,668845,Chargeoff Surecash/Visa,6.75000%,0.56250%,9/6/24,12/31/99,2912924,12/31/99,9/9/24,3,$272.63,$1.53 ,$272.63,$0.00,
CI,528736,Chargeoff Surecash/Visa,7.75000%,0.64583%,12/12/22,12/31/99,2913558,12/31/99,12/13/22,1,$370.45,$2.39 ,$370.45,$0.00,
CI,641438,Chargeoff Surecash/Visa,7.25000%,0.60417%,2/11/25,12/31/99,2912766,12/31/99,2/12/25,1,$561.71,$3.39 ,$561.71,$0.00,
CI,531113,Surecash,15.15000%,1.26250%,11/29/21,12/31/99,2913936,12/31/99,11/30/21,1,"$2,657.17",$33.55 ,"$2,657.17",$460.00,
CI,878592,Surecash,15.15000%,1.26250%,3/23/22,12/31/99,2913822,12/31/99,3/24/22,1,$452.00,$5.71 ,$451.36,$451.36,
CI,652992,Surecash,11.50000%,0.95833%,2/11/22,12/31/99,2913862,12/31/99,2/14/22,3,"$3,262.97",$31.27 ,"$3,262.97",$1.31,
CI,664738,Chargeoff Surecash/Visa,7.25000%,0.60417%,3/7/25,12/31/99,2912742,12/31/99,3/10/25,3,$560.47,$3.39 ,$560.47,$0.00,
CI,232635,Surecash,11.50000%,0.95833%,2/18/22,12/31/99,2913855,12/31/99,2/22/22,4,$429.31,$4.11 ,$429.31,$0.00,
CI,63026,Chargeoff Surecash/Visa,7.50000%,0.62500%,5/6/24,12/31/99,2913047,12/31/99,5/7/24,1,$630.88,$3.94 ,$630.88,$630.88,
CI,857514,Chargeoff Surecash/Visa,7.25000%,0.60417%,1/9/23,12/31/99,2913530,12/31/99,1/10/23,1,$625.87,$3.78 ,$625.87,$2.67,
CI,488756,Chargeoff Surecash/Visa,6.75000%,0.56250%,5/13/24,12/31/99,2913040,12/31/99,5/14/24,1,"$2,169.90",$12.21 ,"$2,169.90",$0.00,
CI,702244,Chargeoff Surecash/Visa,7.75000%,0.64583%,12/16/24,12/31/99,2912823,12/31/99,12/17/24,1,"$2,007.08",$12.96 ,"$2,007.08","$2,007.08",
CI,958433,Chargeoff Surecash/Visa,11.00000%,0.91667%,9/6/22,12/31/99,2913655,12/31/99,9/7/22,1,$533.64,$4.89 ,$533.64,$533.64,
CI,62867,Chargeoff Surecash/Visa,7.00000%,0.58333%,11/21/24,12/31/99,2912848,12/31/99,11/22/24,1,$589.96,$3.44 ,$589.96,$0.00,
CI,446738,Surecash,10.00000%,0.83333%,7/11/22,12/31/99,2913712,12/31/99,7/12/22,1,$798.28,$6.65 ,$798.28,$0.00,
CI,699288,Chargeoff Surecash/Visa,6.75000%,0.56250%,4/10/23,12/31/99,2913439,12/31/99,4/11/23,1,"$2,043.72",$11.50 ,"$2,043.72",$0.00,
CI,565813,Chargeoff Surecash/Visa,8.50000%,0.70833%,10/14/22,12/31/99,2913617,12/31/99,11/18/22,35,$958.39,$6.79 ,$958.39,$0.00,
CI,696464,Chargeoff Surecash/Visa,6.75000%,0.56250%,3/11/24,12/31/99,2913103,12/31/99,3/12/24,1,$727.85,$4.09 ,$727.85,$0.00,
CI,852966,Chargeoff Surecash/Visa,6.75000%,0.56250%,10/10/23,12/31/99,2913256,12/31/99,10/11/23,1,"$1,815.75",$10.21 ,"$1,815.75",$18.64,
CI,468791,Surecash,10.75000%,0.89583%,5/23/22,12/31/99,2913761,12/31/99,5/24/22,1,"$2,680.00",$24.01 ,"$2,679.98",$0.00,
CI,847119,Chargeoff Surecash/Visa,7.50000%,0.62500%,10/17/25,12/31/99,2912518,12/31/99,10/20/25,3,"$8,692.39",$54.33 ,"$8,692.39",$0.00,
CI,336310,Chargeoff Surecash/Visa,8.50000%,0.70833%,9/11/23,12/31/99,2913285,12/31/99,9/12/23,1,$112.18,$0.79 ,$112.18,$112.18,
CI,107410,Chargeoff Surecash/Visa,7.75000%,0.64583%,12/12/22,12/31/99,2913558,12/31/99,12/13/22,1,"$2,053.28",$13.26 ,"$2,053.28",$0.00,
CI,300252,Chargeoff Surecash/Visa,8.50000%,0.70833%,10/5/22,12/31/99,2913626,12/31/99,10/6/22,1,"$2,212.16",$15.67 ,"$2,212.16",$0.00,
CI,795231,Chargeoff Surecash/Visa,6.75000%,0.56250%,11/28/23,12/31/99,2913207,12/31/99,11/29/23,1,$867.98,$4.88 ,$867.98,$8.38,
CI,165916,Chargeoff Surecash/Visa,6.75000%,0.56250%,2/9/24,12/31/99,2913134,12/31/99,2/12/24,3,$237.37,$1.34 ,$237.37,$237.37,
CI,215517,Chargeoff Surecash/Visa,6.75000%,0.56250%,5/8/23,12/31/99,2913411,12/31/99,5/9/23,1,"$1,039.96",$5.85 ,"$1,039.96",$0.00,
CI,471078,Surecash,10.00000%,0.83333%,7/11/22,12/31/99,2913712,12/31/99,7/12/22,1,$619.72,$5.16 ,$619.72,$192.97,
CI,576544,Chargeoff Surecash/Visa,9.50000%,0.79167%,11/16/22,12/31/99,2913584,12/31/99,11/17/22,1,$521.80,$4.13 ,$521.80,$521.80,
CI,502458,Chargeoff Surecash/Visa,6.75000%,0.56250%,7/8/24,12/31/99,2912984,12/31/99,7/10/24,2,"$1,553.33",$8.74 ,"$1,553.33",$32.79,
CI,807130,Chargeoff Surecash/Visa,9.25000%,0.77083%,9/6/22,12/31/99,2913655,12/31/99,9/7/22,1,"$3,230.11",$24.90 ,"$3,230.11","$1,754.15",
CI,573996,Chargeoff Surecash/Visa,11.25000%,0.93750%,7/11/22,12/31/99,2913712,12/31/99,7/12/22,1,"$1,721,260.00","$16,136.81 ","$1,721.26","$1,721.26",
CI,933176,Chargeoff Surecash/Visa,6.75000%,0.56250%,6/10/24,12/31/99,2913012,12/31/99,6/11/24,1,$415.88,$2.34 ,$415.88,$0.00,
CI,133092,Chargeoff Surecash/Visa,9.25000%,0.77083%,9/6/22,12/31/99,2913655,12/31/99,9/7/22,1,$674.41,$5.20 ,$674.41,$674.41,
CI,637344,Chargeoff Surecash/Visa,6.75000%,0.56250%,11/13/23,12/31/99,2913222,12/31/99,11/14/23,1,$642.44,$3.61 ,$642.44,$0.00,
CI,89294,Chargeoff Surecash/Visa,6.75000%,0.56250%,5/13/24,12/31/99,2913040,12/31/99,5/14/24,1,"$2,063.56",$11.61 ,"$2,063.56","$1,385.13",
CI,980174,Chargeoff Surecash/Visa,7.75000%,0.64583%,11/16/22,12/31/99,2913584,12/31/99,11/17/22,1,$639.01,$4.13 ,$639.01,$39.26,
CI,116170,Chargeoff Surecash/Visa,8.50000%,0.70833%,10/5/22,12/31/99,2913626,12/31/99,10/6/22,1,$621.96,$4.41 ,$621.96,$0.00,
CI,524154,Chargeoff Surecash/Visa,7.00000%,0.58333%,3/17/23,12/31/99,2913463,12/31/99,3/20/23,3,$656.13,$3.83 ,$656.13,$0.00,
CI,532898,Chargeoff Surecash/Visa,6.75000%,0.56250%,6/1/23,12/31/99,2913387,12/31/99,6/2/23,1,"$2,174.16",$12.23 ,"$2,174.16",$898.31,
CI,910209,Chargeoff Surecash/Visa,7.75000%,0.64583%,11/16/22,12/31/99,2913584,12/31/99,11/17/22,1,"$1,290.03",$8.33 ,"$1,290.03",$0.00,
CI,190702,Chargeoff Surecash/Visa,7.00000%,0.58333%,2/16/23,12/31/99,2913492,12/31/99,2/21/23,5,$651.75,$3.80 ,$651.75,$44.58,
CI,762545,Chargeoff Surecash/Visa,6.75000%,0.56250%,9/6/24,12/31/99,2912924,12/31/99,9/9/24,3,$637.66,$3.59 ,$637.66,$100.00,
CI,965359,Chargeoff Surecash/Visa,7.75000%,0.64583%,11/16/22,12/31/99,2913584,12/31/99,11/17/22,1,$435.15,$2.81 ,$435.15,$0.00,
CI,504215,Chargeoff Surecash/Visa,7.25000%,0.60417%,1/9/23,12/31/99,2913530,12/31/99,1/10/23,1,"$2,295.82",$13.87 ,"$2,295.82",$91.45,
CI,227790,Chargeoff Surecash/Visa,7.25000%,0.60417%,2/11/25,12/31/99,2912766,12/31/99,2/12/25,1,$590.71,$3.57 ,$590.71,$0.00,
CI,919275,Chargeoff Surecash/Visa,6.75000%,0.56250%,7/10/23,12/31/99,2913348,12/31/99,7/11/23,1,$621.19,$3.49 ,$621.19,$69.57,
CI,212533,Chargeoff Surecash/Visa,7.75000%,0.64583%,12/13/22,12/31/99,2913557,12/31/99,12/14/22,1,$460.00,$2.97 ,$460.00,$0.00,
CI,82807,Chargeoff Surecash/Visa,6.75000%,0.56250%,5/13/24,12/31/99,2913040,12/31/99,5/14/24,1,$875.71,$4.93 ,$875.71,$47.13,
CI,784896,Chargeoff Surecash/Visa,6.75000%,0.56250%,2/9/24,12/31/99,2913134,12/31/99,2/12/24,3,"$5,426.34",$30.52 ,"$5,426.34",$4.80,
CI,577109,Chargeoff Surecash/Visa,7.00000%,0.58333%,2/16/23,12/31/99,2913492,12/31/99,2/21/23,5,"$2,231.86",$13.02 ,"$2,231.86",$0.00,
CI,261879,Chargeoff Surecash/Visa,7.00000%,0.58333%,2/16/23,12/31/99,2913492,12/31/99,2/21/23,5,"$2,233.89",$13.03 ,"$2,233.89",$0.00,
CI,549025,Chargeoff Surecash/Visa,7.00000%,0.58333%,2/16/23,12/31/99,2913492,12/31/99,2/21/23,5,"$2,248.95",$13.12 ,"$2,248.95",$0.00,
CI,402672,Chargeoff Surecash/Visa,7.25000%,0.60417%,1/9/23,12/31/99,2913530,12/31/99,1/10/23,1,"$1,036.21",$6.26 ,"$1,036.21",$66.71,
CI,751977,Chargeoff Surecash/Visa,6.75000%,0.56250%,6/21/23,12/31/99,2913367,12/31/99,6/22/23,1,$870.01,$4.89 ,$870.01,$0.00,
CI,306659,Chargeoff Surecash/Visa,8.50000%,0.70833%,10/14/22,12/31/99,2913617,12/31/99,11/18/22,35,$705.72,$5.00 ,$705.72,$0.00,
CI,72732,Chargeoff Surecash/Visa,6.75000%,0.56250%,7/10/23,12/31/99,2913348,12/31/99,7/11/23,1,$394.98,$2.22 ,$394.98,$0.00,
CI,612428,Chargeoff Surecash/Visa,8.50000%,0.70833%,10/14/22,12/31/99,2913617,12/31/99,11/18/22,35,$662.71,$4.69 ,$662.71,$0.00,
CI,945031,Chargeoff Surecash/Visa,8.50000%,0.70833%,7/10/23,12/31/99,2913348,12/31/99,7/11/23,1,$113.05,$0.80 ,$113.05,$110.25,
CI,643576,Chargeoff Surecash/Visa,7.50000%,0.62500%,10/10/23,12/31/99,2913256,12/31/99,10/11/23,1,"$2,233.52",$13.96 ,"$2,233.52","$2,233.52",
CI,987965,Chargeoff Surecash/Visa,7.50000%,0.62500%,4/11/24,12/31/99,2913072,12/31/99,4/12/24,1,$596.20,$3.73 ,$596.20,$596.20,
CI,563091,Chargeoff Surecash/Visa,14.75000%,1.22917%,2/9/24,12/31/99,2913134,12/31/99,2/12/24,3,"$5,125.83",$63.00 ,"$5,125.83",$80.92,
CI,642169,Chargeoff Surecash/Visa,6.75000%,0.56250%,6/1/23,12/31/99,2913387,12/31/99,6/2/23,1,"$1,015.28",$5.71 ,"$1,015.28",$0.00,
CI,338523,Chargeoff Surecash/Visa,8.00000%,0.66667%,12/5/23,12/31/99,2913200,12/31/99,12/6/23,1,"$6,851.20",$45.67 ,"$6,851.20","$6,851.20",
CI,430058,Chargeoff Surecash/Visa,9.25000%,0.77083%,12/13/22,12/31/99,2913557,12/31/99,12/14/22,1,$597.13,$4.60 ,$597.13,$597.13,
CI,23131,Chargeoff Surecash/Visa,8.50000%,0.70833%,3/11/24,12/31/99,2913103,12/31/99,3/12/24,1,$530.06,$3.75 ,$530.06,$530.06,
CI,354937,Chargeoff Surecash/Visa,6.75000%,0.56250%,5/6/24,12/31/99,2913047,12/31/99,5/7/24,1,$915.87,$5.15 ,$915.87,$0.00,
CI,525048,Chargeoff Surecash/Visa,8.50000%,0.70833%,4/10/23,12/31/99,2913439,12/31/99,4/11/23,1,"$4,850.23",$34.36 ,"$4,850.23","$4,850.23",
CI,83279,Chargeoff Surecash/Visa,8.50000%,0.70833%,6/21/23,12/31/99,2913367,12/31/99,6/22/23,1,$874.48,$6.19 ,$874.48,$874.48,
CI,111848,Chargeoff Surecash/Visa,6.75000%,0.56250%,8/22/24,12/31/99,2912939,12/31/99,8/23/24,1,"$2,552.74",$14.36 ,"$2,552.74",$262.36,
CI,293280,Chargeoff Surecash/Visa,7.25000%,0.60417%,8/6/25,12/31/99,2912590,12/31/99,8/7/25,1,"$2,613.10",$15.79 ,"$2,613.10","$1,843.73",
CI,795738,Chargeoff Surecash/Visa,7.75000%,0.64583%,12/12/22,12/31/99,2913558,12/31/99,12/13/22,1,$730.42,$4.72 ,$730.42,$0.00,
CI,618258,Chargeoff Surecash/Visa,6.75000%,0.56250%,6/10/24,12/31/99,2913012,12/31/99,6/11/24,1,"$3,348.77",$18.84 ,"$3,348.77",$0.00,
CI,235690,Chargeoff Surecash/Visa,7.00000%,0.58333%,12/16/24,12/31/99,2912823,12/31/99,12/17/24,1,"$2,427.03",$14.16 ,"$2,427.03",$78.10,
CI,223473,Chargeoff Surecash/Visa,8.00000%,0.66667%,12/16/24,12/31/99,2912823,12/31/99,12/17/24,1,"$2,064.95",$13.77 ,"$2,064.95","$2,064.95",
CI,237391,Chargeoff Surecash/Visa,7.25000%,0.60417%,2/11/25,12/31/99,2912766,12/31/99,2/12/25,1,"$3,103.49",$18.75 ,"$3,103.49",$454.79,
CI,56890,Chargeoff Surecash/Visa,6.75000%,0.56250%,7/8/24,12/31/99,2912984,12/31/99,7/10/24,2,$336.02,$1.89 ,$336.02,$0.00,
CI,479872,Chargeoff Surecash/Visa,6.75000%,0.56250%,7/8/24,12/31/99,2912984,12/31/99,7/10/24,2,$590.34,$3.32 ,$590.34,$0.00,
CI,337238,Chargeoff Surecash/Visa,6.75000%,0.56250%,9/6/24,12/31/99,2912924,12/31/99,9/9/24,3,"$1,308.76",$7.36 ,"$1,308.76",$968.01,
CI,260107,Chargeoff Surecash/Visa,14.75000%,1.22917%,5/12/25,12/31/99,2912676,12/31/99,5/13/25,1,$503.28,$6.19 ,$503.28,$0.00,
CI,740073,Chargeoff Surecash/Visa,6.75000%,0.56250%,9/11/23,12/31/99,2913285,12/31/99,9/12/23,1,"$1,045.64",$5.88 ,"$1,045.64",$0.00,
CI,961473,Chargeoff Surecash/Visa,6.75000%,0.56250%,8/7/23,12/31/99,2913320,12/31/99,8/8/23,1,"$3,548.81",$19.96 ,"$3,548.81",$212.06,
CI,158627,Chargeoff Surecash/Visa,6.75000%,0.56250%,4/10/23,12/31/99,2913439,12/31/99,4/11/23,1,"$2,244.31",$12.62 ,"$2,244.31",$0.00,
CI,49358,Chargeoff Surecash/Visa,6.75000%,0.56250%,7/10/23,12/31/99,2913348,12/31/99,7/11/23,1,$448.35,$2.52 ,$448.35,$0.00,
CI,423533,Chargeoff Surecash/Visa,7.50000%,0.62500%,10/7/25,12/31/99,2912528,12/31/99,10/8/25,1,"$2,239.17",$13.99 ,"$2,239.17",$14.78,
CI,481982,Chargeoff Surecash/Visa,6.75000%,0.56250%,7/10/23,12/31/99,2913348,12/31/99,7/11/23,1,$619.41,$3.48 ,$619.41,$515.26,
CI,713857,Chargeoff Surecash/Visa,8.00000%,0.66667%,12/15/25,12/31/99,2912459,12/31/99,12/16/25,1,$230.62,$1.54 ,$230.62,$0.00,
CI,327007,Chargeoff Surecash/Visa,7.25000%,0.60417%,2/11/25,12/31/99,2912766,12/31/99,2/12/25,1,$710.91,$4.30 ,$710.91,$0.00,
CI,380954,Chargeoff Surecash/Visa,6.75000%,0.56250%,3/11/24,12/31/99,2913103,12/31/99,3/12/24,1,$721.45,$4.06 ,$721.45,$0.00,
CI,811010,Chargeoff Surecash/Visa,7.00000%,0.58333%,3/17/23,12/31/99,2913463,12/31/99,3/20/23,3,"$1,693.72",$9.88 ,"$1,693.72",$0.00,
CI,603217,Chargeoff Surecash/Visa,6.75000%,0.56250%,5/13/24,12/31/99,2913040,12/31/99,5/14/24,1,$752.63,$4.23 ,$752.63,$0.00,
CI,898400,Chargeoff Surecash/Visa,6.75000%,0.56250%,8/7/23,12/31/99,2913320,12/31/99,8/8/23,1,"$1,170.06",$6.58 ,"$1,170.06",$0.00,
CI,464316,Chargeoff Surecash/Visa,6.75000%,0.56250%,5/12/23,12/31/99,2913407,12/31/99,5/15/23,3,$750.32,$4.22 ,$750.32,$400.00,
CI,536246,Chargeoff Surecash/Visa,6.75000%,0.56250%,1/17/24,12/31/99,2913157,12/31/99,1/19/24,2,"$1,200.25",$6.75 ,"$1,200.25",$0.00,
CI,542458,Chargeoff Surecash/Visa,6.75000%,0.56250%,7/10/23,12/31/99,2913348,12/31/99,7/11/23,1,$889.54,$5.00 ,$889.54,$0.00,
CI,883611,Chargeoff Surecash/Visa,8.50000%,0.70833%,4/10/23,12/31/99,2913439,12/31/99,4/11/23,1,$184.64,$1.31 ,$184.64,$184.64,
CI,922800,Chargeoff Surecash/Visa,6.75000%,0.56250%,4/11/24,12/31/99,2913072,12/31/99,4/12/24,1,"$1,021.20",$5.74 ,"$1,021.20",$940.20,
CI,820069,Chargeoff Surecash/Visa,7.00000%,0.58333%,2/6/24,12/31/99,2913137,12/31/99,2/7/24,1,"$1,578.70",$9.21 ,"$1,578.70","$1,578.70",
CI,996032,Chargeoff Surecash/Visa,6.75000%,0.56250%,2/9/24,12/31/99,2913134,12/31/99,2/12/24,3,$620.94,$3.49 ,$620.94,$289.05,
CI,887788,Chargeoff Surecash/Visa,6.75000%,0.56250%,4/10/23,12/31/99,2913439,12/31/99,4/11/23,1,$888.59,$5.00 ,$888.59,$0.00,
CI,526012,Chargeoff Surecash/Visa,6.75000%,0.56250%,6/21/23,12/31/99,2913367,12/31/99,6/22/23,1,$715.89,$4.03 ,$715.89,$0.00,
CI,178768,Chargeoff Surecash/Visa,6.75000%,0.56250%,7/8/24,12/31/99,2912984,12/31/99,7/10/24,2,$507.98,$2.86 ,$507.98,$0.00,
CI,162175,Chargeoff Surecash/Visa,7.25000%,0.60417%,3/7/25,12/31/99,2912742,12/31/99,3/10/25,3,$829.52,$5.01 ,$829.52,$0.00,
CI,567262,Chargeoff Surecash/Visa,8.50000%,0.70833%,8/7/23,12/31/99,2913320,12/31/99,8/8/23,1,"$1,725.04",$12.22 ,"$1,725.04","$1,725.04",
CI,941948,Chargeoff Surecash/Visa,6.75000%,0.56250%,7/8/24,12/31/99,2912984,12/31/99,7/10/24,2,$538.15,$3.03 ,$538.15,$0.00,
CI,611435,Chargeoff Surecash/Visa,7.25000%,0.60417%,6/11/25,12/31/99,2912646,12/31/99,6/12/25,1,$598.39,$3.62 ,$598.39,$0.00,
CI,702766,Chargeoff Surecash/Visa,6.75000%,0.56250%,6/21/23,12/31/99,2913367,12/31/99,6/22/23,1,$695.87,$3.91 ,$695.87,$0.00,
CI,32336,Chargeoff Surecash/Visa,6.75000%,0.56250%,7/10/23,12/31/99,2913348,12/31/99,7/11/23,1,$645.63,$3.63 ,$645.63,$0.00,
CI,164330,Chargeoff Surecash/Visa,6.75000%,0.56250%,1/17/24,12/31/99,2913157,12/31/99,1/19/24,2,"$2,955.82",$16.63 ,"$2,955.82",$212.34,
CI,689302,Chargeoff Surecash/Visa,6.75000%,0.56250%,6/21/23,12/31/99,2913367,12/31/99,6/22/23,1,$637.57,$3.59 ,$637.57,$0.00,
CI,361190,Chargeoff Surecash/Visa,7.25000%,0.60417%,1/9/23,12/31/99,2913530,12/31/99,1/10/23,1,"$10,632.68",$64.24 ,"$10,632.68","$10,582.68",
CI,943632,Chargeoff Surecash/Visa,6.75000%,0.56250%,3/11/24,12/31/99,2913103,12/31/99,3/12/24,1,$616.21,$3.47 ,$616.21,$505.27,
CI,614376,Chargeoff Surecash/Visa,6.75000%,0.56250%,2/6/24,12/31/99,2913137,12/31/99,1/14/26,708,"$1,999.44",$11.25 ,"$1,999.44",$157.71,
CI,916409,Chargeoff Surecash/Visa,6.75000%,0.56250%,6/21/23,12/31/99,2913367,12/31/99,6/22/23,1,"$1,192.66",$6.71 ,"$1,192.66",$0.00,
CI,152810,Chargeoff Surecash/Visa,6.75000%,0.56250%,9/6/24,12/31/99,2912924,12/31/99,9/9/24,3,"$1,801.64",$10.13 ,"$1,801.64",$0.00,
CI,784793,Chargeoff Surecash/Visa,6.75000%,0.56250%,6/21/23,12/31/99,2913367,12/31/99,6/22/23,1,$659.37,$3.71 ,$659.37,$0.00,
CI,83897,Chargeoff Surecash/Visa,7.75000%,0.64583%,12/16/24,12/31/99,2912823,12/31/99,12/17/24,1,$614.62,$3.97 ,$614.62,$614.62,
CI,120085,Chargeoff Surecash/Visa,6.75000%,0.56250%,12/5/23,12/31/99,2913200,12/31/99,12/6/23,1,$594.29,$3.34 ,$594.29,$594.29,
CI,846516,Chargeoff Surecash/Visa,7.25000%,0.60417%,3/7/25,12/31/99,2912742,12/31/99,3/10/25,3,"$7,124.98",$43.05 ,"$7,124.98","$1,175.00",
CI,248638,Chargeoff Surecash/Visa,7.25000%,0.60417%,1/16/25,12/31/99,2912792,12/31/99,1/17/25,1,$798.71,$4.83 ,$798.71,$82.15,
CI,493253,Chargeoff Surecash/Visa,6.75000%,0.56250%,11/13/23,12/31/99,2913222,12/31/99,11/14/23,1,$660.96,$3.72 ,$660.96,$62.78,
CI,799435,Chargeoff Surecash/Visa,6.75000%,0.56250%,7/8/24,12/31/99,2912984,12/31/99,7/10/24,2,"$2,058.84",$11.58 ,"$2,058.84",$934.09,
CI,211307,Chargeoff Surecash/Visa,8.50000%,0.70833%,4/11/24,12/31/99,2913072,12/31/99,4/12/24,1,"$1,111.30",$7.87 ,"$1,111.30","$1,111.30",
CI,96346,Chargeoff Surecash/Visa,6.75000%,0.56250%,11/28/23,12/31/99,2913207,12/31/99,11/29/23,1,$641.39,$3.61 ,$641.39,$0.00,
CI,790931,Chargeoff Surecash/Visa,7.00000%,0.58333%,12/16/24,12/31/99,2912823,12/31/99,12/17/24,1,$660.15,$3.85 ,$660.15,$0.00,
CI,514694,Chargeoff Surecash/Visa,8.00000%,0.66667%,1/17/24,12/31/99,2913157,12/31/99,1/19/24,2,"$2,234.41",$14.90 ,"$2,234.41","$2,234.41",
CI,79954,Chargeoff Surecash/Visa,8.00000%,0.66667%,2/11/25,12/31/99,2912766,12/31/99,2/12/25,1,"$3,275.25",$21.84 ,"$3,275.25","$3,275.25",
CI,121399,Chargeoff Surecash/Visa,8.00000%,0.66667%,12/15/25,12/31/99,2912459,12/31/99,12/16/25,1,"$1,087.75",$7.25 ,"$1,087.75",$0.00,
CI,492825,Chargeoff Surecash/Visa,7.25000%,0.60417%,3/7/25,12/31/99,2912742,12/31/99,3/10/25,3,$626.30,$3.78 ,$626.30,$289.95,
CI,935212,Chargeoff Surecash/Visa,7.25000%,0.60417%,9/15/25,12/31/99,2912550,12/31/99,9/17/25,2,"$1,031.66",$6.23 ,"$1,031.66",$579.45,
CI,187386,Chargeoff Surecash/Visa,7.25000%,0.60417%,2/11/25,12/31/99,2912766,12/31/99,2/12/25,1,"$1,586.56",$9.59 ,"$1,586.56",$515.10,
CI,623265,Chargeoff Surecash/Visa,7.25000%,0.60417%,3/7/25,12/31/99,2912742,12/31/99,3/10/25,3,$617.62,$3.73 ,$617.62,$41.10,
CI,798855,Chargeoff Surecash/Visa,8.50000%,0.70833%,5/13/24,12/31/99,2913040,12/31/99,5/14/24,1,"$10,579.97",$74.94 ,"$10,579.97","$10,579.97",
CI,854034,Chargeoff Surecash/Visa,6.75000%,0.56250%,5/6/24,12/31/99,2913047,12/31/99,5/7/24,1,"$1,776.03",$9.99 ,"$1,776.03",$0.00,
CI,294426,Chargeoff Surecash/Visa,6.75000%,0.56250%,2/9/24,12/31/99,2913134,12/31/99,2/12/24,3,$642.66,$3.61 ,$642.66,$0.00,
CI,271889,Chargeoff Surecash/Visa,6.75000%,0.56250%,6/11/24,12/31/99,2913011,12/31/99,6/12/24,1,$602.39,$3.39 ,$602.39,$0.00,
CI,367117,Chargeoff Surecash/Visa,6.75000%,0.56250%,6/11/24,12/31/99,2913011,12/31/99,6/12/24,1,$402.73,$2.27 ,$402.73,$0.00,
CI,191890,Chargeoff Surecash/Visa,6.75000%,0.56250%,12/5/23,12/31/99,2913200,12/31/99,12/6/23,1,"$2,215.99",$12.46 ,"$2,215.99",$210.22,
CI,757316,Chargeoff Surecash/Visa,6.75000%,0.56250%,9/6/24,12/31/99,2912924,12/31/99,9/9/24,3,$631.56,$3.55 ,$631.56,$150.00,
CI,731226,Chargeoff Surecash/Visa,6.75000%,0.56250%,11/28/23,12/31/99,2913207,12/31/99,11/29/23,1,$752.51,$4.23 ,$752.51,$0.00,
CI,348287,Chargeoff Surecash/Visa,6.75000%,0.56250%,2/9/24,12/31/99,2913134,12/31/99,2/12/24,3,$476.38,$2.68 ,$476.38,$196.25,
CI,335496,Chargeoff Surecash/Visa,6.75000%,0.56250%,6/11/24,12/31/99,2913011,12/31/99,6/12/24,1,$591.66,$3.33 ,$591.66,$0.00,
CI,579581,Chargeoff Surecash/Visa,7.00000%,0.58333%,12/16/24,12/31/99,2912823,12/31/99,12/17/24,1,"$4,417.11",$25.77 ,"$4,417.11",$0.00,
CI,344603,Chargeoff Surecash/Visa,6.75000%,0.56250%,3/11/24,12/31/99,2913103,12/31/99,3/12/24,1,$553.43,$3.11 ,$553.43,$327.23,
CI,617121,Chargeoff Surecash/Visa,6.75000%,0.56250%,12/20/23,12/31/99,2913185,12/31/99,12/26/23,6,"$20,917.51",$117.66 ,"$20,917.51",$0.00,
CI,801867,Chargeoff Surecash/Visa,6.75000%,0.56250%,10/22/24,12/31/99,2912878,12/31/99,10/23/24,1,$433.88,$2.44 ,$433.88,$0.00,
CI,221378,Chargeoff Surecash/Visa,6.75000%,0.56250%,2/9/24,12/31/99,2913134,12/31/99,2/12/24,3,$629.39,$3.54 ,$629.39,$0.00,
CI,493152,Chargeoff Surecash/Visa,6.75000%,0.56250%,1/17/24,12/31/99,2913157,12/31/99,1/19/24,2,$630.08,$3.54 ,$630.08,$0.00,
CI,796601,Chargeoff Surecash/Visa,7.25000%,0.60417%,1/16/25,12/31/99,2912792,12/31/99,1/17/25,1,$665.66,$4.02 ,$665.66,$126.52,
CI,368043,Chargeoff Surecash/Visa,7.25000%,0.60417%,6/11/25,12/31/99,2912646,12/31/99,6/12/25,1,$588.82,$3.56 ,$588.82,$588.82,
CI,245250,Chargeoff Surecash/Visa,7.50000%,0.62500%,10/7/25,12/31/99,2912528,12/31/99,10/8/25,1,"$2,231.40",$13.95 ,"$2,231.40",$0.00,
CI,356809,Chargeoff Surecash/Visa,6.75000%,0.56250%,5/6/24,12/31/99,2913047,12/31/99,5/7/24,1,"$1,092.55",$6.15 ,"$1,092.55",$0.00,
CI,303079,Chargeoff Surecash/Visa,6.75000%,0.56250%,9/6/24,12/31/99,2912924,12/31/99,9/9/24,3,$642.90,$3.62 ,$642.90,$0.00,
CI,493302,Chargeoff Surecash/Visa,8.00000%,0.66667%,12/16/24,12/31/99,2912823,12/31/99,12/17/24,1,"$8,563.58",$57.09 ,"$8,563.58","$8,563.58",
CI,473365,Chargeoff Surecash/Visa,6.75000%,0.56250%,6/11/24,12/31/99,2913011,12/31/99,6/12/24,1,$628.52,$3.54 ,$628.52,$0.00,
CI,689363,Chargeoff Surecash/Visa,6.75000%,0.56250%,6/11/24,12/31/99,2913011,12/31/99,6/12/24,1,$625.35,$3.52 ,$625.35,$625.35,
CI,915605,Chargeoff Surecash/Visa,7.25000%,0.60417%,8/18/25,12/31/99,2912578,12/31/99,8/20/25,2,$172.24,$1.04 ,$172.24,$0.00,
CI,75764,Chargeoff Surecash/Visa,6.75000%,0.56250%,10/22/24,12/31/99,2912878,12/31/99,10/23/24,1,$512.23,$2.88 ,$512.23,$431.04,
CI,613000,Chargeoff Surecash/Visa,7.75000%,0.64583%,11/10/25,12/31/99,2912494,12/31/99,11/12/25,2,$603.59,$3.90 ,$603.59,$0.00,
CI,799469,Chargeoff Surecash/Visa,6.75000%,0.56250%,6/11/24,12/31/99,2913011,12/31/99,6/12/24,1,$721.61,$4.06 ,$721.61,$0.00,
CI,865874,Chargeoff Surecash/Visa,7.00000%,0.58333%,11/13/24,12/31/99,2912856,12/31/99,11/14/24,1,"$9,383.40",$54.74 ,"$9,383.40","$2,225.00",
CI,415550,Chargeoff Surecash/Visa,8.00000%,0.66667%,2/10/26,12/31/99,2912402,12/31/99,2/11/26,1,$482.22,$3.21 ,$482.22,$0.00,
CI,353687,Chargeoff Surecash/Visa,7.25000%,0.60417%,7/14/25,12/31/99,2912613,12/31/99,7/15/25,1,"$3,086.91",$18.65 ,"$3,086.91",$0.00,
CI,103018,Chargeoff Surecash/Visa,6.75000%,0.56250%,6/10/24,12/31/99,2913012,12/31/99,6/11/24,1,"$4,173.24",$23.47 ,"$4,173.24",$0.00,
CI,421586,Chargeoff Surecash/Visa,6.75000%,0.56250%,4/11/24,12/31/99,2913072,12/31/99,4/12/24,1,$625.44,$3.52 ,$625.44,$0.00,
CI,556684,Chargeoff Surecash/Visa,8.00000%,0.66667%,2/10/26,12/31/99,2912402,12/31/99,2/11/26,1,"$2,206.62",$14.71 ,"$2,206.62",$400.00,
CI,163962,Chargeoff Surecash/Visa,6.75000%,0.56250%,10/22/24,12/31/99,2912878,12/31/99,10/23/24,1,$643.25,$3.62 ,$643.25,$0.00,
CI,278088,Chargeoff Surecash/Visa,7.25000%,0.60417%,8/18/25,12/31/99,2912578,12/31/99,8/20/25,2,"$14,873.22",$89.86 ,"$14,873.22",$352.19,
CI,541857,Chargeoff Surecash/Visa,7.25000%,0.60417%,7/14/25,12/31/99,2912613,12/31/99,7/15/25,1,$832.90,$5.03 ,$832.90,$618.89,
CI,580234,Chargeoff Surecash/Visa,6.75000%,0.56250%,9/30/24,12/31/99,2912900,12/31/99,10/1/24,1,"$3,321.15",$18.68 ,"$3,321.15",$0.00,
CI,972434,Chargeoff Surecash/Visa,6.75000%,0.56250%,6/11/24,12/31/99,2913011,12/31/99,6/12/24,1,$712.67,$4.01 ,$712.67,$0.00,
CI,321339,Chargeoff Surecash/Visa,7.75000%,0.64583%,11/10/25,12/31/99,2912494,12/31/99,11/12/25,2,$481.26,$3.11 ,$481.26,$0.00,
CI,36823,Chargeoff Surecash/Visa,7.25000%,0.60417%,8/18/25,12/31/99,2912578,12/31/99,8/20/25,2,$637.26,$3.85 ,$637.26,$0.00,
CI,144117,Chargeoff Surecash/Visa,7.25000%,0.60417%,2/11/25,12/31/99,2912766,12/31/99,2/12/25,1,$632.98,$3.82 ,$632.98,$0.00,
CI,419977,Chargeoff Surecash/Visa,6.75000%,0.56250%,4/11/24,12/31/99,2913072,12/31/99,4/12/24,1,$631.03,$3.55 ,$631.03,$0.00,
CI,500364,Chargeoff Surecash/Visa,6.75000%,0.56250%,5/6/24,12/31/99,2913047,12/31/99,5/7/24,1,"$3,371.25",$18.96 ,"$3,371.25","$1,004.88",
CI,203781,Chargeoff Surecash/Visa,7.25000%,0.60417%,7/14/25,12/31/99,2912613,12/31/99,7/15/25,1,"$3,317.76",$20.04 ,"$3,317.76",$224.67,
CI,739492,Chargeoff Surecash/Visa,6.75000%,0.56250%,8/22/24,12/31/99,2912939,12/31/99,8/23/24,1,"$8,310.20",$46.74 ,"$8,310.20",$567.72,
CI,840117,Chargeoff Surecash/Visa,7.75000%,0.64583%,11/10/25,12/31/99,2912494,12/31/99,11/12/25,2,$643.95,$4.16 ,$643.95,$0.00,
CI,824903,Chargeoff Surecash/Visa,8.00000%,0.66667%,1/29/19,12/31/99,2914971,12/31/99,1/30/19,1,"$4,179.78",$27.87 ,"$4,179.78","$1,434.97",
CI,437419,Chargeoff Surecash/Visa,8.00000%,0.66667%,2/10/26,12/31/99,2912402,12/31/99,2/11/26,1,"$7,434.78",$49.57 ,"$7,434.78",$0.00,
CI,839964,Chargeoff Surecash/Visa,7.50000%,0.62500%,10/7/25,12/31/99,2912528,12/31/99,10/8/25,1,"$15,941.19",$99.63 ,"$15,941.19",$0.00,
CI,171284,Chargeoff Surecash/Visa,6.75000%,0.56250%,8/22/24,12/31/99,2912939,12/31/99,8/23/24,1,$624.98,$3.52 ,$624.98,$0.00,
CI,421851,Chargeoff Surecash/Visa,8.00000%,0.66667%,1/16/25,12/31/99,2912792,12/31/99,1/17/25,1,$682.30,$4.55 ,$682.30,$682.30,
CI,331787,Chargeoff Surecash/Visa,8.00000%,0.66667%,2/11/25,12/31/99,2912766,12/31/99,2/12/25,1,"$2,301.27",$15.34 ,"$2,301.27","$2,301.27",
CI,199983,Chargeoff Surecash/Visa,7.50000%,0.62500%,10/17/25,12/31/99,2912518,12/31/99,10/20/25,3,$638.98,$3.99 ,$638.98,$0.00,
CI,347434,Chargeoff Surecash/Visa,7.00000%,0.58333%,12/16/24,12/31/99,2912823,12/31/99,12/17/24,1,"$1,205.21",$7.03 ,"$1,205.21",$0.00,
CI,553611,Chargeoff Surecash/Visa,8.00000%,0.66667%,1/16/25,12/31/99,2912792,12/31/99,1/17/25,1,"$2,209.88",$14.73 ,"$2,209.88","$2,209.88",
CI,195157,Chargeoff Surecash/Visa,7.25000%,0.60417%,9/15/25,12/31/99,2912550,12/31/99,1/26/26,133,"$2,557.38",$15.45 ,"$2,557.38",$140.39,
CI,793409,Chargeoff Surecash/Visa,8.00000%,0.66667%,1/13/26,12/31/99,2912430,12/31/99,1/14/26,1,"$5,009.04",$33.39 ,"$5,009.04",$0.00,
CI,546422,Chargeoff Surecash/Visa,6.75000%,0.56250%,8/18/25,12/31/99,2912578,12/31/99,8/20/25,2,$682.88,$3.84 ,$682.88,$0.00,
CI,498570,Chargeoff Surecash/Visa,7.00000%,0.58333%,12/16/24,12/31/99,2912823,12/31/99,12/17/24,1,$662.12,$3.86 ,$662.12,$0.00,
CI,518821,Chargeoff Surecash/Visa,7.50000%,0.62500%,10/17/25,12/31/99,2912518,12/31/99,10/20/25,3,$652.01,$4.08 ,$652.01,$0.00,
CI,302257,Chargeoff Surecash/Visa,8.00000%,0.66667%,12/15/25,12/31/99,2912459,12/31/99,12/16/25,1,"$1,109.61",$7.40 ,"$1,109.61",$0.00,
CI,332723,Chargeoff Surecash/Visa,7.25000%,0.60417%,8/18/25,12/31/99,2912578,12/31/99,8/20/25,2,$523.02,$3.16 ,$523.02,$523.02,
CI,253190,Chargeoff Surecash/Visa,8.00000%,0.66667%,2/10/26,12/31/99,2912402,12/31/99,2/11/26,1,"$5,246.15",$34.97 ,"$5,246.15",$0.00,
CI,620207,Chargeoff Surecash/Visa,8.00000%,0.66667%,1/13/26,12/31/99,2912430,12/31/99,1/14/26,1,$907.76,$6.05 ,$907.76,$0.00,
CI,632687,Chargeoff Surecash/Visa,6.75000%,0.56250%,10/22/24,12/31/99,2912878,12/31/99,10/23/24,1,$639.02,$3.59 ,$639.02,$0.04,
CI,69230,Chargeoff Surecash/Visa,6.75000%,0.56250%,8/7/24,12/31/99,2912954,12/31/99,8/8/24,1,"$9,741,660.00","$54,796.84 ","$9,741.66",$192.34,
CI,117443,Chargeoff Surecash/Visa,7.25000%,0.60417%,4/18/25,12/31/99,2912700,12/31/99,4/21/25,3,$653.71,$3.95 ,$653.71,$0.00,
CI,468636,Chargeoff Surecash/Visa,8.00000%,0.66667%,1/13/26,12/31/99,2912430,12/31/99,1/14/26,1,"$2,697.10",$17.98 ,"$2,697.10",$102.32,
CI,199101,Chargeoff Surecash/Visa,8.00000%,0.66667%,2/10/26,12/31/99,2912402,12/31/99,2/11/26,1,"$1,178.71",$7.86 ,"$1,178.71",$0.00,
CI,730275,Chargeoff Surecash/Visa,6.75000%,0.56250%,10/22/24,12/31/99,2912878,12/31/99,10/23/24,1,$544.22,$3.06 ,$544.22,$510.09,
CI,590789,Chargeoff Surecash/Visa,8.00000%,0.66667%,1/13/26,12/31/99,2912430,12/31/99,1/14/26,1,"$1,755.32",$11.70 ,"$1,755.32",$0.00,
CI,827253,Chargeoff Surecash/Visa,8.00000%,0.66667%,1/13/26,12/31/99,2912430,12/31/99,1/14/26,1,$402.79,$2.69 ,$402.79,$28.86,
CI,30382,Chargeoff Surecash/Visa,7.25000%,0.60417%,4/7/25,12/31/99,2912711,12/31/99,4/8/25,1,$517.67,$3.13 ,$517.67,$0.00,
CI,135904,Chargeoff Surecash/Visa,7.25000%,0.60417%,1/16/25,12/31/99,2912792,12/31/99,1/17/25,1,"$1,154.21",$6.97 ,"$1,154.21","$1,152.77",
CI,508691,Chargeoff Surecash/Visa,7.25000%,0.60417%,2/11/25,12/31/99,2912766,12/31/99,2/12/25,1,$460.05,$2.78 ,$460.05,$0.00,
CI,896407,Chargeoff Surecash/Visa,7.50000%,0.62500%,10/17/25,12/31/99,2912518,12/31/99,10/20/25,3,$654.19,$4.09 ,$654.19,$0.00,
CI,754179,Chargeoff Surecash/Visa,6.75000%,0.56250%,6/10/24,12/31/99,2913012,12/31/99,6/11/24,1,"$9,503.89",$53.46 ,"$9,503.89",$0.00,
CI,654929,Chargeoff Surecash/Visa,7.75000%,0.64583%,11/10/25,12/31/99,2912494,12/31/99,11/12/25,2,$621.74,$4.02 ,$621.74,$0.00,
CI,382740,Chargeoff Surecash/Visa,8.00000%,0.66667%,9/6/24,12/31/99,2912924,12/31/99,9/9/24,3,"$2,850.64",$19.00 ,"$2,850.64","$2,850.64",
CI,934506,Chargeoff Surecash/Visa,7.25000%,0.60417%,3/7/25,12/31/99,2912742,12/31/99,3/10/25,3,"$1,114.62",$6.73 ,"$1,114.62",$0.00,
CI,286213,Chargeoff Surecash/Visa,8.00000%,0.66667%,2/10/26,12/31/99,2912402,12/31/99,2/11/26,1,"$3,130.38",$20.87 ,"$3,130.38",$0.00,
CI,731806,Chargeoff Surecash/Visa,8.00000%,0.66667%,2/10/26,12/31/99,2912402,12/31/99,2/11/26,1,$180.33,$1.20 ,$180.33,$0.00,
CI,234774,Chargeoff Surecash/Visa,7.25000%,0.60417%,3/7/25,12/31/99,2912742,12/31/99,3/10/25,3,$642.63,$3.88 ,$642.63,$0.00,
CI,395534,Chargeoff Surecash/Visa,7.00000%,0.58333%,12/16/24,12/31/99,2912823,12/31/99,12/17/24,1,$655.44,$3.82 ,$655.44,$0.00,
CI,266238,Chargeoff Surecash/Visa,7.25000%,0.60417%,2/11/25,12/31/99,2912766,12/31/99,2/12/25,1,$629.56,$3.80 ,$629.56,$44.07,
CI,170745,Chargeoff Surecash/Visa,6.75000%,0.56250%,7/8/24,12/31/99,2912984,12/31/99,7/10/24,2,$633.20,$3.56 ,$633.20,$0.00,
CI,177165,Chargeoff Surecash/Visa,7.25000%,0.60417%,3/7/25,12/31/99,2912742,12/31/99,3/10/25,3,"$10,341.34",$62.48 ,"$10,341.34",$0.00,
CI,460169,Chargeoff Surecash/Visa,8.00000%,0.66667%,12/15/25,12/31/99,2912459,12/31/99,12/16/25,1,"$1,535.85",$10.24 ,"$1,535.85",$0.00,
CI,541599,Chargeoff Surecash/Visa,7.25000%,0.60417%,9/16/25,12/31/99,2912549,12/31/99,9/17/25,1,$962.95,$5.82 ,$962.95,$0.00,
CI,730985,Chargeoff Surecash/Visa,8.00000%,0.66667%,1/13/26,12/31/99,2912430,12/31/99,1/14/26,1,$755.33,$5.04 ,$755.33,$0.00,
CI,759116,Chargeoff Surecash/Visa,7.75000%,0.64583%,12/16/24,12/31/99,2912823,12/31/99,12/17/24,1,"$2,069.38",$13.36 ,"$2,069.38","$2,069.38",
CI,834539,Chargeoff Surecash/Visa,7.25000%,0.60417%,3/7/25,12/31/99,2912742,12/31/99,3/10/25,3,"$2,478.01",$14.97 ,"$2,478.01",$0.00,
CI,787625,Chargeoff Surecash/Visa,7.25000%,0.60417%,9/16/25,12/31/99,2912549,12/31/99,9/17/25,1,"$3,116.25",$18.83 ,"$3,116.25",$43.17,
CI,434970,Chargeoff Surecash/Visa,7.25000%,0.60417%,9/16/25,12/31/99,2912549,12/31/99,1/21/26,127,"$10,574.67",$63.89 ,"$10,574.67",$864.23,
CI,724610,Chargeoff Surecash/Visa,7.75000%,0.64583%,11/10/25,12/31/99,2912494,12/31/99,11/12/25,2,$630.84,$4.07 ,$630.84,$0.00,
CI,207487,Chargeoff Surecash/Visa,8.00000%,0.66667%,1/13/26,12/31/99,2912430,12/31/99,1/14/26,1,$649.62,$4.33 ,$649.62,$0.00,
CI,129656,Chargeoff Surecash/Visa,7.50000%,0.62500%,10/7/25,12/31/99,2912528,12/31/99,10/8/25,1,$633.93,$3.96 ,$633.93,$22.23,
CI,989148,Chargeoff Surecash/Visa,8.00000%,0.66667%,1/13/26,12/31/99,2912430,12/31/99,1/14/26,1,$71.00,$0.47 ,$71.00,$0.00,
CI,987900,Chargeoff Surecash/Visa,7.25000%,0.60417%,1/16/25,12/31/99,2912792,12/31/99,1/17/25,1,$678.56,$4.10 ,$678.56,$0.00,
CI,673164,Chargeoff Surecash/Visa,8.00000%,0.66667%,12/15/25,12/31/99,2912459,12/31/99,12/16/25,1,$604.78,$4.03 ,$604.78,$0.00,
CI,935046,Chargeoff Surecash/Visa,8.00000%,0.66667%,12/15/25,12/31/99,2912459,12/31/99,12/16/25,1,$773.67,$5.16 ,$773.67,$0.00,
CI,369601,Chargeoff Surecash/Visa,8.00000%,0.66667%,2/4/26,12/31/99,2912408,12/31/99,2/5/26,1,"$1,435.94",$9.57 ,"$1,435.94",$0.00,
CI,496959,Chargeoff Surecash/Visa,6.75000%,0.56250%,2/11/25,12/31/99,2912766,12/31/99,2/12/25,1,$704.23,$3.96 ,$704.23,$0.00,
CI,887835,Chargeoff Surecash/Visa,7.50000%,0.62500%,10/17/25,12/31/99,2912518,12/31/99,10/20/25,3,$657.25,$4.11 ,$657.25,$0.00,
CI,29042,Chargeoff Surecash/Visa,8.00000%,0.66667%,12/15/25,12/31/99,2912459,12/31/99,12/16/25,1,$654.17,$4.36 ,$654.17,$0.00,
CI,596933,Chargeoff Surecash/Visa,7.25000%,0.60417%,6/11/25,12/31/99,2912646,12/31/99,6/12/25,1,$628.85,$3.80 ,$628.85,$628.85,
CI,857047,Chargeoff Surecash/Visa,6.75000%,0.56250%,10/23/24,12/31/99,2912877,12/31/99,10/24/24,1,$655.06,$3.68 ,$655.06,$0.00,
CI,96923,Chargeoff Surecash/Visa,8.00000%,0.66667%,1/13/26,12/31/99,2912430,12/31/99,1/14/26,1,$928.10,$6.19 ,$928.10,$0.00,
CI,258,Chargeoff Surecash/Visa,8.00000%,0.66667%,1/13/26,12/31/99,2912430,12/31/99,1/14/26,1,"$6,571.16",$43.81 ,"$6,571.16",$0.00,
CI,510606,Chargeoff Surecash/Visa,7.00000%,0.58333%,11/21/24,12/31/99,2912848,12/31/99,11/22/24,1,"$1,092.91",$6.38 ,"$1,092.91",$0.00,
CI,467221,Chargeoff Surecash/Visa,7.75000%,0.64583%,3/7/25,12/31/99,2912742,12/31/99,3/10/25,3,$625.29,$4.04 ,$625.29,$625.29,
CI,726300,Chargeoff Surecash/Visa,7.50000%,0.62500%,10/17/25,12/31/99,2912518,12/31/99,10/20/25,3,$678.44,$4.24 ,$678.44,$0.00,
CI,180202,Chargeoff Surecash/Visa,7.25000%,0.60417%,9/16/25,12/31/99,2912549,12/31/99,9/17/25,1,$563.76,$3.41 ,$563.76,$25.04,
CI,242609,Chargeoff Surecash/Visa,7.00000%,0.58333%,12/9/24,12/31/99,2912830,12/31/99,12/11/24,2,"$3,619.99",$21.12 ,"$3,619.99",$0.00,
CI,433889,Chargeoff Surecash/Visa,7.25000%,0.60417%,7/14/25,12/31/99,2912613,12/31/99,7/15/25,1,$649.92,$3.93 ,$649.92,$649.92,
CI,416061,Chargeoff Surecash/Visa,7.75000%,0.64583%,11/17/25,12/31/99,2912487,12/31/99,11/18/25,1,$649.67,$4.20 ,$649.67,$0.00,
CI,684309,Chargeoff Surecash/Visa,7.25000%,0.60417%,2/11/25,12/31/99,2912766,12/31/99,2/12/25,1,$258.73,$1.56 ,$258.73,$0.00,
CI,937584,Chargeoff Surecash/Visa,8.00000%,0.66667%,12/16/11,12/31/99,2917572,12/31/99,12/23/11,7,$343.00,$2.29 ,$343.00,$343.00,
CR,862303,Interest Only Home Equity,7.25000%,0.60417%,8/23/06,12/31/99,2919513,8/18/16,9/28/11,1862,"$10,000.00",$60.42 ,"$10,000.00","$7,967.65",
CR,810571,Interest Only Home Equity,7.00000%,0.58333%,6/25/07,12/31/99,2919207,6/20/17,1/27/12,1677,"$175,000.00","$1,020.83 ","$89,658.41",$0.00,
CR,619497,Interest Only Home Equity,6.50000%,0.54167%,8/8/07,12/31/99,2919163,8/2/17,3/21/13,2052,"$60,000.00",$325.00 ,"$59,999.95",$0.00,
CR,622887,Interest Only Home Equity,7.25000%,0.60417%,12/10/07,12/31/99,2919039,12/5/17,6/20/12,1654,"$25,000.00",$151.04 ,"$24,994.54",$0.42,
CR,15532,Interest Only Home Equity,7.00000%,0.58333%,4/8/08,12/31/99,2918919,6/4/14,6/30/14,2274,"$180,000.00","$1,050.00 ","$119,106.62","$28,871.23",
CR,206159,Interest Only Home Equity,6.50000%,0.54167%,5/7/08,12/31/99,2918890,5/1/18,12/18/12,1686,"$48,000.00",$260.00 ,"$47,065.52",$86.54,
CR,473490,1st Mort(1-4 Fmly Res/Non Disclose),0.072500,0.0058497409526,5/30/07,6/10/22,5490.00,6/10/22,5/17/13,2179.00,116922.00,1042.48,57744.12,30427.03,1
CR,422838,Comm Constr 1-4 Fmly RE & Land Dev,0.087500,0.0070146116041,2/22/08,2/22/09,366.00,6/1/10,2/3/11,1077.00,72209.42,6196.40,72009.42,0.00,0
CR,848147,Non-Farm/Non-Residential Proprty-RE,0.072500,0.0058497409526,2/11/11,4/25/11,73.00,9/23/18,11/8/18,2827.00,50000.00,20754.58,31529.86,2500.00,0
CR,101490,Commercial/Ind.(not prime sec RE)CL,0.060000,0.0048675505653,5/2/11,5/15/22,4031.00,5/15/22,9/29/11,150.00,120000.00,1218.84,120000.00,4000.00,1
CR,763960,Interest Only Home Equity,3.25000%,0.27083%,6/5/13,6/1/17,1457,11/1/32,6/11/13,6,"$31,490.40",$692.85 ,"$31,490.40","$16,781.85",
CR,41568,SBA - Real Estate,0.107500,0.0085450710395,7/12/96,7/15/03,2559.00,8/12/03,9/7/00,1518.00,100000.00,1655.82,500.00,8601.20,0
CR,16138,Jr Mort.(1-4 Fmly Res Prop) -RE,0.080000,0.0064340301100,11/1/96,11/15/06,3666.00,11/15/06,10/12/99,1075.00,33141.38,392.48,23182.37,0.00,0
CR,566262,1st Mort.(1-4 Fmly Res Prop)Consume,0.082500,0.0066279668044,7/27/98,7/25/03,1824.00,7/25/03,1/2/01,890.00,18695.79,374.61,10000.00,0.00,0
CR,462720,Non-Farm/Non-Residential Proprty-RE,0.087500,0.0070146116041,5/20/99,6/15/06,2583.00,6/15/06,1/30/04,1716.00,71675.00,1111.83,52441.75,302.82,0
CR,506047,Consumer Construction Home Loan,0.105000,0.0083551556836,11/17/00,11/1/01,349.00,11/1/02,12/17/03,1125.00,80000.00,7245.08,58000.00,0.00,0
CR,984764,Non-Farm/Non-Residential Proprty-RE,0.087500,0.0070146116041,3/9/01,3/15/02,371.00,3/15/02,6/7/02,455.00,174619.67,14790.92,116672.16,11357.00,0
CR,255421,Consumer Construction Home Loan,0.105000,0.0083551556836,10/23/01,2/1/02,101.00,11/1/02,12/18/03,786.00,9000.00,2722.19,8990.00,0.00,0
CR,132496,Non-Farm/Non-Residential Proprty-RE,0.089000,0.0071302873000,7/8/05,6/8/06,335.00,9/15/19,9/26/11,2271.00,190088.00,17770.07,74160.00,0.00,0
CR,232240,LAND & LOTS - COMMERCIAL PURPOSE,0.085000,0.0068214933660,6/27/05,7/15/10,1844.00,7/15/10,6/21/12,2551.00,46383.00,926.36,31916.86,15100.00,0
CR,175396,Comm Constr 1-4 Fmly RE & Land Dev,0.090000,0.0072073233161,11/29/05,12/1/10,1828.00,12/1/10,8/26/10,1731.00,88870.13,1807.27,79043.10,0.00,0
CR,914061,LAND & LOTS - COMMERCIAL PURPOSE,0.090000,0.0072073233161,1/13/06,1/20/11,1833.00,2/20/11,3/31/11,1903.00,249203.00,5056.80,49171.80,85528.00,0
CR,220162,LAND & LOTS - COMMERCIAL PURPOSE,0.000000,0.0000000000000,1/17/06,1/15/11,1824.00,4/1/12,6/10/11,1970.00,240338.00,3952.93,130000.00,1500.00,0
CR,963457,LAND & LOTS - COMMERCIAL PURPOSE,0.087500,0.0070146116041,1/20/06,1/20/11,1826.00,11/20/23,8/10/17,4220.00,52784.00,1068.46,17000.00,4968.74,0
CR,277760,Non-Farm/Non-Residential Proprty-RE,0.087500,0.0070146116041,1/23/06,1/25/18,4385.00,9/25/18,12/31/12,2534.00,328008.87,3594.94,185657.78,32550.00,1
CR,432590,Non-Farm/Non-Residential Proprty-RE,0.087500,0.0070146116041,4/4/06,4/4/07,365.00,10/22/09,9/24/10,1634.00,295436.00,25418.35,198922.19,0.00,0
CR,999392,Comm Constr 1-4 Fmly RE & Land Dev,0.077500,0.0062396814613,5/9/06,5/1/08,723.00,8/1/10,9/1/11,1941.00,2540000.00,113844.97,971216.27,120000.00,0
CR,147829,Comm Constr 1-4 Fmly RE & Land Dev,0.067500,0.0054581304569,6/26/06,6/26/07,365.00,6/26/13,6/4/13,2535.00,1664330.00,141759.42,998093.73,66790.54,0
CR,629034,Consumer Construction Home Loan,0.102500,0.0081648460519,6/27/06,12/20/06,176.00,4/15/19,3/26/09,1003.00,68076.00,11931.30,68076.00,0.00,0
CR,67150,SBA - Real Estate,8.75000%,0.72917%,10/30/06,6/15/27,7533,11/15/27,6/27/14,2797,"$550,000.00","$4,781.88 ","$381,175.67","$52,823.72",
CR,635221,Consumer Construction Home Loan,0.087500,0.0070146116041,12/13/06,12/15/16,3655.00,12/15/16,6/17/09,917.00,58027.00,710.01,46399.40,0.00,1
CR,980999,Comm Constr 1-4 Fmly RE & Land Dev,0.077500,0.0062396814613,1/10/07,2/5/08,391.00,1/5/09,8/22/11,1685.00,3860150.00,309304.01,1869572.74,0.00,0
CR,385679,LAND & LOTS - COMMERCIAL PURPOSE,0.060000,0.0048675505653,4/2/07,4/2/08,366.00,4/1/16,12/30/16,3560.00,167200.00,14149.19,106566.34,715.28,0
CR,690236,Comm Constr 1-4 Fmly RE & Land Dev,0.062500,0.0050648349498,4/20/07,2/1/08,287.00,1/20/10,8/3/10,1201.00,362461.00,38909.07,362460.99,0.00,0
CR,106989,Comm Constr 1-4 Fmly RE & Land Dev,0.087500,0.0070146116041,5/3/07,5/3/08,366.00,11/7/09,9/15/10,1231.00,240000.00,20594.76,121035.33,0.00,0
CR,121828,Comm Constr 1-4 Fmly RE & Land Dev,0.077500,0.0062396814613,4/27/07,2/5/08,284.00,1/5/09,3/14/12,1783.00,339376.38,37030.54,213750.00,0.00,0
CR,112966,Jr Mort(1-4 Fmly Res/Non Disclose),0.077500,0.0062396814613,5/30/07,5/30/08,366.00,5/30/09,12/29/09,944.00,20470.00,1747.77,14000.00,8101.79,0
CR,310218,Comm Constr 1-4 Fmly RE & Land Dev,0.083000,0.0066667048692,8/9/07,12/9/07,122.00,3/1/15,6/18/10,1044.00,250800.00,62717.25,250800.00,35550.00,0
CR,307109,Comm Constr 1-4 Fmly RE & Land Dev,0.062500,0.0050648349498,10/3/07,2/1/08,121.00,1/20/10,12/24/09,813.00,43700.00,10973.17,43317.53,3551.27,0
CR,799639,Non-Farm/Non-Residential Proprty-RE,0.088800,0.0071148723157,11/29/07,12/15/22,5495.00,12/15/22,12/29/09,761.00,108483.00,1061.56,80000.00,0.00,1
CR,723409,Comm Constr 1-4 Fmly RE & Land Dev,0.087500,0.0070146116041,12/3/07,12/3/08,366.00,11/7/09,9/15/10,1017.00,159065.00,13649.61,83220.67,0.00,0
CR,642316,Non-Farm/Non-Residential Proprty-RE,0.087500,0.0070146116041,12/31/07,7/5/08,187.00,10/22/09,5/6/11,1222.00,742713.00,122193.07,332246.68,343867.97,0
CR,744719,SBA - 504,0.085700,0.0068756075541,2/13/08,7/15/08,153.00,4/15/28,3/29/11,1140.00,245700.00,49191.49,132562.84,625.00,0
CR,420319,LAND & LOTS - COMMERCIAL PURPOSE,0.095000,0.0075915342906,5/5/08,5/5/09,365.00,9/30/10,3/21/11,1050.00,178445.00,15410.04,96867.36,35080.66,0
CR,757655,Comm Constr 1-4 Fmly RE & Land Dev,0.087500,0.0070146116041,5/29/08,6/1/09,368.00,6/1/09,12/24/09,574.00,91788.00,7835.46,46788.00,0.00,0
CR,758463,Jr Mort(1-4 Fmly Res/Non Disclose),0.100000,0.0079741404289,12/2/08,4/15/21,4517.00,7/1/13,7/2/10,577.00,165957.00,1897.13,95702.31,1782.16,1
CR,856503,Non-Farm/Non-Residential Proprty-RE,0.110000,0.0087345938236,4/20/09,10/20/09,183.00,10/20/09,2/24/10,310.00,76147.13,12873.07,50000.00,0.00,0
CR,34207,Jr Mort(1-4 Fmly Res/Non Disclose),0.105500,0.0083931702422,4/21/09,10/21/09,183.00,5/20/13,3/27/12,1071.00,67779.00,11444.73,52733.83,12096.92,0
CR,552352,SBA - Real Estate,10.00000%,0.83333%,2/9/10,3/11/30,7335,3/11/30,6/25/12,867,"$475,000.00","$4,557.45 ","$454,212.98",$129.07,
CR,772648,1st Mort.(1-4 Fmly Res Prop)Consume,0.00000%,0.00000%,3/25/11,11/1/27,6065,11/1/21,3/25/11,0,"$10,000.00",$49.46 ,"$10,000.00","$5,200.00",
CR,174783,Non-Farm/Non-Residential Proprty-RE,0.000000,0.0000000000000,3/16/12,2/16/15,1067.00,3/16/24,3/19/12,3.00,143520.44,4035.25,143520.44,143520.44,1
CR,546265,Home Equity 97,3.75000%,0.31250%,2/28/06,12/31/99,2919689,2/29/16,12/20/10,1756,"$21,250.00",$66.41 ,"$21,162.88","$21,162.88",1
CR,565270,LAND & LOTS - CONSUMER PURPOSE,0.085000,0.0068214933660,5/2/06,5/2/11,1826.00,5/2/11,6/22/12,2243.00,45899.00,923.98,38092.47,0.00,0
CR,331117,1st Mort.(1-4 Fmly Res Prop)Consume,0.050000,0.0040741237836,8/21/06,5/21/07,273.00,1/15/11,8/26/11,1831.00,403000.00,45201.86,356385.35,0.00,0
CR,7155,LAND & LOTS - CONSUMER PURPOSE,0.082500,0.0066279668044,10/6/06,10/20/16,3667.00,10/20/16,12/14/11,1895.00,13550.00,162.10,8119.59,0.00,1
CR,514109,Interest Only Home Equity,3.75000%,0.31250%,3/12/07,12/31/99,2919312,3/16/17,5/5/14,2611,"$35,000.00",$109.38 ,"$143,049.84","$16,310.09",
CR,449008,Comm Constr 1-4 Fmly RE & Land Dev,0.073000,0.0058888099068,4/20/07,4/20/08,366.00,4/20/09,6/15/10,1152.00,500000.00,42593.94,333332.00,0.00,0
CR,340986,Jr Mort.(1-4 Fmly Res Prop) -RE,0.050000,0.0040741237836,5/17/07,7/17/07,61.00,1/15/11,8/26/11,1562.00,135990.00,67293.88,110985.01,0.00,0
CR,949566,Comm Constr 1-4 Fmly RE & Land Dev,0.050000,0.0040741237836,7/26/07,7/26/08,366.00,9/1/13,6/13/14,2514.00,1600000.00,134700.76,601429.76,496.53,0
CR,907876,Comm Constr 1-4 Fmly RE & Land Dev,0.050000,0.0040741237836,6/28/11,6/25/12,363.00,6/25/12,8/11/11,44.00,566501.99,48077.11,566501.99,0.00,0
CR,791130,Non-Farm/Non-Residential Proprty-RE,0.082500,0.0066279668044,5/7/08,5/5/18,3650.00,5/5/18,5/14/12,1468.00,72342.50,868.08,59515.66,0.00,1
CR,553977,Non-Farm/Non-Residential Proprty-RE,0.086000,0.0068987895591,4/14/00,4/15/10,3653.00,4/15/10,6/11/03,1153.00,321335.00,3909.32,187960.96,12223.00,0
CR,340189,Non-Farm/Non-Residential Proprty-RE,0.085000,0.0068214933660,4/14/00,4/15/01,366.00,4/15/02,6/11/03,1153.00,75000.00,6427.83,75000.00,0.00,0
CR,393013,Non-Farm/Non-Residential Proprty-RE,0.081500,0.0065504414443,8/18/03,9/1/18,5493.00,9/1/18,12/27/11,3053.00,678396.91,6371.59,498769.20,0.00,1
CR,363451,1st Mort(1-4 Fmly Res/Non Disclose),0.055000,0.0044716989170,5/17/05,5/17/06,365.00,10/9/11,9/27/10,1959.00,72000.00,6093.47,43200.00,0.00,0
CR,710849,Comm Constr 1-4 Fmly RE & Land Dev,0.087500,0.0070146116041,2/22/06,2/22/07,365.00,11/1/08,5/12/09,1175.00,337460.00,29033.96,144125.99,0.00,0
CR,619343,SBA - 504,0.041200,0.0033701574315,7/14/06,11/1/06,110.00,1/1/27,4/25/12,2112.00,1540000.00,423307.69,816743.31,0.00,0
CR,265500,Consumer Construction Home Loan,0.085000,0.0068214933660,9/27/06,7/2/07,278.00,5/2/09,12/15/08,810.00,300000.00,33518.36,236662.69,6800.00,0
CR,951167,Comm Constr 1-4 Fmly RE & Land Dev,0.082500,0.0066279668044,1/30/07,2/2/08,368.00,11/2/08,4/23/09,814.00,90373.00,7695.29,43404.62,0.00,0
CR,957848,LAND & LOTS - COMMERCIAL PURPOSE,0.107500,0.0085450710395,3/10/08,10/10/08,214.00,6/10/10,3/29/11,1114.00,100500.00,14582.63,100500.00,34253.02,0
CR,376712,Comm Constr 1-4 Fmly RE & Land Dev,0.100000,0.0079741404289,4/3/08,11/10/08,221.00,4/10/09,9/23/09,538.00,44780.00,6283.22,36244.36,0.00,0
CR,271476,Farmland - RE,0.090000,0.0072073233161,7/10/08,7/5/09,360.00,10/10/13,8/3/11,1119.00,126878.00,11075.01,87210.00,0.00,0
CR,544582,Non-Farm/Non-Residential Proprty-RE,0.102500,0.0081648460519,12/29/08,12/20/09,356.00,9/30/11,3/20/12,1177.00,80448.00,7140.67,53948.00,0.00,0
CR,73156,Jr Mort.(1-4 Fmly Res Prop) -RE,0.067500,0.0054581304569,6/7/10,6/15/20,3661.00,5/20/21,9/30/14,1576.00,38510.50,433.08,25585.58,0.00,1
CR,172505,FSA- Real Estate,4.95000%,0.41250%,2/20/15,1/1/35,7255,1/1/35,10/31/18,1349,"$517,540.00","$3,386.15 ","$432,153.23",$0.00,
CR,488680,NON-PRIMARY HELOC W/10 YR REPAYMNT,8.70000%,0.72500%,5/4/15,5/4/35,7305,5/4/35,6/6/18,1129,"$68,000.00",$595.57 ,"$57,000.00",$0.00,
CR,356449,LAND & LOTS - COMMERCIAL PURPOSE,8.00000%,0.66667%,11/25/20,11/25/40,7305,11/25/40,11/30/20,5,"$27,691.00",$230.27 ,"$27,691.00","$6,403.98",
CR,199686,Interest Only Home Equity,6.75000%,0.56250%,2/20/09,12/31/99,2918601,2/13/19,5/5/11,804,"$25,000.00",$140.63 ,"$24,995.32",$0.00,
CR,188000,Comm Constr 1-4 Fmly RE & Land Dev,0.087500,0.0070146116041,12/17/04,12/17/11,2556.00,5/17/08,6/13/06,543.00,49095.00,767.43,47430.56,43430.57,0
CR,929203,LAND & LOTS - CONSUMER PURPOSE,0.088600,0.0070994547356,10/15/07,10/15/22,5479.00,10/15/22,10/19/11,1465.00,146353.00,1432.58,77700.57,0.00,1
CR,585650,LAND & LOTS - COMMERCIAL PURPOSE,0.115000,0.0091124684369,6/12/09,6/12/14,1826.00,9/17/20,6/29/12,1113.00,51091.00,1097.31,30600.00,2300.00,0
CR,274715,FSA- Real Estate,7.25000%,0.60417%,5/9/07,7/1/27,7358,7/1/27,12/18/12,2050,"$225,000.00","$1,761.39 ","$232,438.10","$7,041.84",
CR,439329,Interest Only Home Equity,7.00000%,0.58333%,4/17/08,12/31/99,2918910,3/31/18,5/6/11,1114,"$175,000.00","$1,020.83 ","$174,419.78","$6,453.28",
CR,858574,Interest Only Home Equity Rentals,5.25000%,0.43750%,5/30/08,12/31/99,2918867,3/1/21,12/8/14,2383,"$98,000.00",$428.75 ,"$62,800.00","$19,724.44",
CR,850603,Interest Only Home Equity,7.00000%,0.58333%,10/28/08,12/31/99,2918716,10/20/18,3/30/11,883,"$40,000.00",$233.33 ,"$39,784.59","$4,598.68",
CR,182222,Comm Constr 1-4 Fmly RE & Land Dev,0.082500,0.0066279668044,6/18/07,12/18/08,549.00,3/15/10,7/9/10,1117.00,1781595.76,103700.35,1117800.36,0.00,0
CR,200069,LAND & LOTS - COMMERCIAL PURPOSE,0.110000,0.0087345938236,12/4/09,6/1/17,2736.00,6/1/17,9/8/11,643.00,83254.00,1328.02,82725.13,0.00,1
CR,328700,LAND & LOTS - CONSUMER PURPOSE,0.097500,0.0077830370879,10/20/11,10/15/23,4378.00,12/15/23,9/7/17,2149.00,71338.00,819.62,63951.17,9843.46,1
CR,868864,Non-Farm/Non-Residential Proprty-RE,0.110000,0.0087345938236,1/28/85,1/28/86,365.00,1/28/86,1/28/85,0.00,8644.64,752.04,8644.64,0.00,0
CR,405194,Non-Farm/Non-Residential Proprty-RE,0.145000,0.0113476210381,12/31/85,1/31/86,31.00,1/31/86,8/1/89,1309.00,15114.92,14796.10,15114.92,0.00,0
CR,992054,Non-Farm/Non-Residential Proprty-RE,0.120000,0.0094887929346,2/15/79,2/15/83,1461.00,2/15/83,8/8/85,2366.00,39747.46,1023.02,39747.46,0.00,0
CR,655229,Non-Farm/Non-Residential Proprty-RE,0.120000,0.0094887929346,7/10/79,7/10/86,2557.00,7/10/86,3/7/94,5354.00,100.00,1.72,100.00,0.00,0
CR,649033,Non-Farm/Non-Residential Proprty-RE,0.120000,0.0094887929346,7/26/79,7/26/89,3653.00,7/26/89,8/25/89,3683.00,61216.90,850.03,61216.90,0.00,0
CR,104433,Non-Farm/Non-Residential Proprty-RE,0.170000,0.0131696111315,8/12/81,8/12/82,365.00,8/12/82,3/29/85,1325.00,24000.00,2147.79,24000.00,0.00,0
CR,384956,Non-Farm/Non-Residential Proprty-RE,0.100000,0.0079741404289,6/20/89,12/6/93,1630.00,12/6/93,12/7/92,1266.00,75435.78,1716.25,65435.78,0.00,0
CR,189394,Non-Farm/Non-Residential Proprty-RE,0.100000,0.0079741404289,4/27/95,7/27/07,4474.00,7/27/07,2/22/00,1762.00,130000.00,1493.50,15000.01,0.00,0
CR,373311,Non-Farm/Non-Residential Proprty-RE,0.110000,0.0087345938236,9/17/97,9/15/02,1824.00,9/15/02,2/7/11,4891.00,6663.47,141.73,6663.47,0.00,0
CR,265866,Non-Farm/Non-Residential Proprty-RE,0.100000,0.0079741404289,12/16/98,8/31/13,5372.00,8/31/13,3/29/06,2660.00,22274.77,234.07,22274.77,0.00,0
CR,506446,Non-Farm/Non-Residential Proprty-RE,0.105000,0.0083551556836,2/22/01,1/22/02,334.00,1/22/02,5/13/03,810.00,68350.00,6454.78,68350.00,0.00,0
CR,601885,Non-Farm/Non-Residential Proprty-RE,0.085000,0.0068214933660,5/4/04,11/4/14,3836.00,11/4/14,10/11/11,2716.00,81165.83,953.38,81165.83,0.00,0
CR,393273,Non-Farm/Non-Residential Proprty-RE,0.090000,0.0072073233161,1/28/08,3/28/10,790.00,3/28/10,8/10/18,3847.00,68931.53,2883.31,68931.53,0.00,0
CR,4701,Non-Farm/Non-Residential Proprty-RE,0.087500,0.0070146116041,7/10/08,5/10/10,669.00,5/10/10,11/17/09,495.00,25000.00,1214.96,25000.00,0.00,0
CR,943768,Non-Farm/Non-Residential Proprty-RE,0.087500,0.0070146116041,9/8/08,9/8/10,730.00,9/8/10,10/1/09,388.00,223752.02,10034.50,223752.02,0.00,0
CR,919869,Non-Farm/Non-Residential Proprty-RE,0.060000,0.0048675505653,4/29/09,4/29/19,3652.00,4/29/19,3/26/19,3618.00,107797.53,1175.73,107797.53,0.00,1
CR,354857,Non-Farm/Non-Residential Proprty-RE,0.080000,0.0064340301100,6/30/09,6/30/14,1826.00,6/30/14,12/29/11,912.00,150858.00,3003.27,150858.00,150858.00,0
CR,670494,Interest Only Home Equity,7.25000%,0.60417%,4/11/07,12/31/99,2919282,4/15/17,12/20/10,1349,"$25,000.00",$151.04 ,"$23,937.23",$0.00,
CR,287459,Non-Farm/Non-Residential Proprty-RE,0.060000,0.0048675505653,1/25/16,1/25/21,1827.00,1/25/21,8/25/16,213.00,104040.89,1978.22,104040.89,0.00,1
CR,357000,SBA - Real Estate,0.087500,0.0070146116041,9/5/06,1/5/22,5601.00,1/5/22,12/18/12,2296.00,225000.00,2165.47,188957.23,2500.00,1
CR,306346,LAND & LOTS - COMMERCIAL PURPOSE,0.080000,0.0064340301100,7/5/07,7/1/12,1823.00,5/1/22,5/20/13,2146.00,243689.90,4857.89,152120.00,0.00,0
CR,889344,LAND & LOTS - COMMERCIAL PURPOSE,0.090500,0.0072458170327,7/17/09,7/16/10,364.00,10/1/12,5/31/13,1414.00,101135.00,8737.22,54665.80,0.00,0
CR,21673,Interest Only Home Equity,6.75000%,0.56250%,2/14/07,2/6/17,3645,2/6/17,3/21/13,2227,"$40,000.00",$455.32 ,"$39,372.40","$3,193.20",
CR,36165,Interest Only Home Equity,7.25000%,0.60417%,7/8/08,6/27/18,3641,6/27/18,12/21/09,531,"$47,000.00",$547.55 ,"$46,879.85","$13,148.33",
CR,967725,PRIMARY HELOC W/TEN YEAR REPAYMENT,6.75000%,0.56250%,9/23/22,9/25/42,7307,9/25/42,9/2/25,1075,"$97,000.00",$732.45 ,"$83,063.57",$0.00,
CR,772526,Comm Constr 1-4 Fmly RE & Land Dev,0.082500,0.0066279668044,11/17/05,5/17/07,546.00,5/17/08,8/5/08,992.00,2563555.00,149986.72,1787166.71,2750.00,0
CR,848102,Comm Constr 1-4 Fmly RE & Land Dev,0.087500,0.0070146116041,12/15/05,6/15/07,547.00,3/7/18,10/20/11,2135.00,1211120.00,70994.07,641359.10,145260.85,0
CR,121856,Comm Constr 1-4 Fmly RE & Land Dev,0.085000,0.0068214933660,3/27/06,4/1/07,370.00,5/5/10,12/21/10,1730.00,5000000.00,424078.59,3244000.00,0.00,0
CR,228993,Non-Farm/Non-Residential Proprty-RE,0.077500,0.0062396814613,4/13/06,4/15/16,3655.00,3/15/26,5/16/13,2590.00,903790.00,10613.83,598848.58,0.00,1
CR,973854,Consumer Construction Home Loan,0.087500,0.0070146116041,5/10/06,5/10/11,1826.00,5/10/11,12/29/09,1329.00,42000.00,850.17,22500.00,0.00,0
CR,638030,Comm Constr 1-4 Fmly RE & Land Dev,0.087500,0.0070146116041,5/15/06,11/15/07,549.00,5/15/10,3/23/11,1773.00,1000000.00,58418.30,998536.79,0.00,0
CR,614907,LAND & LOTS - COMMERCIAL PURPOSE,0.082500,0.0066279668044,7/11/06,7/11/11,1826.00,7/11/11,5/6/11,1760.00,249526.00,4995.31,164096.00,0.00,0
CR,784805,SBA - Real Estate,0.087500,0.0070146116041,8/7/06,11/7/06,92.00,8/7/16,9/27/12,2243.00,97000.00,32082.67,36557.28,3252.72,0
CR,560698,Comm Constr 1-4 Fmly RE & Land Dev,0.087500,0.0070146116041,12/21/06,12/21/07,365.00,5/15/10,10/20/11,1764.00,1007470.00,86679.42,549500.00,0.00,0
CR,550877,Comm Constr 1-4 Fmly RE & Land Dev,0.074000,0.0059668977756,1/2/07,1/2/08,365.00,8/2/11,5/20/09,869.00,150000.00,12818.43,80000.00,0.00,0
CR,204645,Non-Farm/Non-Residential Proprty-RE,0.079690,0.0064099532888,2/23/07,5/1/07,67.00,4/23/27,7/13/10,1236.00,400000.00,180962.93,265000.14,0.00,0
CR,173913,Comm Constr 1-4 Fmly RE & Land Dev,0.085000,0.0068214933660,3/29/07,4/2/08,370.00,5/5/10,9/21/10,1272.00,2500000.00,212039.30,2341107.17,0.00,0
CR,672530,LAND & LOTS - COMMERCIAL PURPOSE,0.085000,0.0068214933660,7/16/07,1/12/09,546.00,4/12/13,12/30/11,1628.00,5200000.00,304789.21,2055343.41,0.00,0
CR,141911,LAND & LOTS - CONSUMER PURPOSE,0.090000,0.0072073233161,1/7/08,1/20/15,2570.00,6/20/17,3/29/11,1177.00,70426.00,1104.70,30814.78,0.00,1
CR,244775,Jr Mort(1-4 Fmly Res/Non Disclose),0.097500,0.0077830370879,4/28/08,4/28/09,365.00,6/1/11,9/8/11,1228.00,160000.00,13834.23,105644.09,1684.79,0
CR,908424,Consumer Construction Home Loan,0.087500,0.0070146116041,5/9/08,5/9/23,5478.00,5/9/23,6/30/10,782.00,109558.47,1065.96,86530.95,0.00,1
CR,218689,Non-Farm/Non-Residential Proprty-RE,0.084910,0.0068145335058,11/30/12,1/5/16,1131.00,1/5/16,3/22/16,1208.00,929275.39,28034.36,82673.10,82673.10,1
CR,682354,Non-Farm/Non-Residential Proprty-RE,0.087500,0.0070146116041,2/2/98,2/5/03,1829.00,2/5/03,3/29/02,1516.00,262500.00,5306.58,245081.19,0.00,0
CR,83402,Home Equity 97,7.25000%,0.60417%,7/11/05,12/31/99,2919921,7/11/15,12/23/11,2356,"$56,000.00",$338.33 ,"$49,455.65",$0.00,1
CR,457347,Interest Only Home Equity,7.25000%,0.60417%,5/31/06,12/31/99,2919597,7/27/17,8/31/10,1553,"$85,000.00",$513.54 ,"$54,878.64",$0.00,
CR,114405,Interest Only Home Equity,6.50000%,0.54167%,6/6/07,12/31/99,2919226,6/1/17,12/21/10,1294,"$70,000.00",$379.17 ,"$69,465.23","$2,565.00",
CR,917818,SBA - Real Estate,0.095000,0.0075915342906,6/23/99,6/23/09,3653.00,6/23/09,12/26/00,552.00,50000.00,630.69,1000.00,52100.14,0
CR,731468,Farmland - RE,0.095000,0.0075915342906,6/28/00,7/11/05,1839.00,7/11/05,9/26/00,90.00,7377.53,150.97,7377.53,0.00,0
CR,458107,Comm Constr 1-4 Fmly RE & Land Dev,0.082500,0.0066279668044,10/5/06,10/4/07,364.00,10/4/11,2/21/12,1965.00,193535.00,16653.43,135820.00,190.00,0
CR,746738,Non-Farm/Non-Residential Proprty-RE,0.080000,0.0064340301100,12/14/06,12/14/16,3653.00,12/14/16,12/16/08,733.00,507809.50,6027.88,442000.00,0.00,1
CR,149463,SBA - Real Estate,0.087500,0.0070146116041,7/16/07,7/16/17,3653.00,7/16/17,1/20/11,1284.00,144000.00,1762.58,64678.39,28512.38,1
CR,491405,Non-Farm/Non-Residential Proprty-RE,0.087500,0.0070146116041,8/22/07,8/22/08,366.00,1/10/15,5/6/11,1353.00,202875.00,17409.01,51534.90,154200.00,0
CR,251334,1st Mort(1-4 Fmly Res/Non Disclose),0.087500,0.0070146116041,8/22/07,8/22/08,366.00,1/10/15,5/6/11,1353.00,101387.00,8700.17,101339.12,101339.12,0
CR,132872,Interest Only Home Equity,6.75000%,0.56250%,9/10/07,9/4/17,3647,9/4/17,11/25/14,2633,"$90,000.00","$1,024.09 ","$79,865.91",$0.00,
CR,55022,Non-Farm/Non-Residential Proprty-RE,0.079600,0.0064029620570,10/26/07,11/10/12,1842.00,11/10/12,12/21/10,1152.00,346163.00,6836.30,219585.05,200.00,0
CR,222292,SBA - Real Estate,0.087500,0.0070146116041,3/13/08,3/13/18,3652.00,3/13/18,1/6/11,1029.00,115000.00,1407.86,67151.06,0.00,1
CR,581797,SBA - Real Estate,0.087500,0.0070146116041,1/2/08,1/2/18,3653.00,1/2/18,3/21/11,1174.00,205000.00,2509.23,108661.62,0.00,1
CR,422103,Non-Farm/Non-Residential Proprty-RE,0.082500,0.0066279668044,1/30/08,1/20/13,1817.00,1/20/13,12/16/08,321.00,151164.00,3038.36,151164.00,0.00,0
CR,257544,Jr Mort(1-4 Fmly Res/Non Disclose),0.082500,0.0066279668044,4/25/08,5/10/18,3667.00,5/10/18,12/21/09,605.00,228940.00,2738.89,225690.30,24650.00,1
CR,354696,Non-Farm/Non-Residential Proprty-RE,0.087500,0.0070146116041,7/15/08,7/15/13,1826.00,7/15/13,3/10/10,603.00,249900.00,5058.52,147891.72,24845.24,0
CR,635955,Non-Farm/Non-Residential Proprty-RE,0.052500,0.0042731277662,8/18/11,7/15/17,2158.00,7/15/17,8/22/11,4.00,35000.00,566.20,35000.00,17000.00,1
CR,748311,LAND & LOTS - COMMERCIAL PURPOSE,0.095000,0.0075915342906,3/6/12,3/6/13,365.00,12/6/18,6/28/17,1940.00,70630.00,6099.42,46344.29,2541.49,0
CR,974973,PRIMARY HELOC W/TEN YEAR REPAYMENT,7.20000%,0.60000%,3/5/16,3/5/36,7305,3/5/36,9/20/17,564,"$12,000.00",$93.87 ,"$11,073.61","$11,073.61",
CR,722067,LAND & LOTS - COMMERCIAL PURPOSE,0.000000,0.0000000083333,1/11/08,1/11/13,1827.00,4/14/17,5/6/14,2307.00,1300000.00,21346.48,750000.00,16000.00,0
CR,862142,Comm Constr 1-4 Fmly RE & Land Dev,0.077500,0.0062396814613,8/2/07,7/1/08,334.00,4/1/10,7/12/10,1075.00,538930.00,50258.53,387716.55,7210.72,0
CR,310151,Non-Farm/Non-Residential Proprty-RE,7.32300%,0.61025%,10/26/07,10/26/27,7305,10/26/27,12/10/09,776,"$330,504.50","$2,610.23 ","$250,000.00","$45,646.15",
CR,419588,Interest Only Home Equity,6.75000%,0.56250%,12/19/07,4/21/18,3776,4/21/18,12/12/13,2185,"$43,500.00",$483.20 ,"$43,183.46",$0.00,
CR,464100,LAND & LOTS - COMMERCIAL PURPOSE,0.072500,0.0058497409526,12/21/07,9/30/08,284.00,12/26/24,10/28/11,1407.00,55000.00,5989.18,51113.14,51113.14,0
CR,830323,Consumer Construction Home Loan,0.100000,0.0079741404289,1/18/08,6/6/08,140.00,8/8/11,9/2/11,1323.00,560000.00,122724.37,324722.62,0.00,0
CR,553931,Comm Constr 1-4 Fmly RE & Land Dev,0.100000,0.0079741404289,2/5/08,2/5/09,366.00,9/2/19,6/28/11,1239.00,105000.00,9066.23,50051.93,243.00,0
CR,312740,Non-Farm/Non-Residential Proprty-RE,6.07000%,0.50583%,2/14/08,2/14/28,7305,6/14/28,2/1/13,1814,"$360,000.00","$2,574.59 ","$311,689.31","$25,469.59",
CR,203809,Comm Constr 1-4 Fmly RE & Land Dev,0.082500,0.0066279668044,8/14/08,8/14/09,365.00,8/14/09,9/21/09,403.00,607818.00,52164.30,127803.18,15000.00,0
CR,446438,Comm Constr 1-4 Fmly RE & Land Dev,0.037500,0.0030725417033,8/18/08,2/1/10,532.00,8/20/11,3/26/12,1316.00,637646.00,37001.17,499267.99,0.00,0
CR,272617,1st Mort(1-4 Fmly Res/Non Disclose),0.087500,0.0070146116041,6/23/09,6/23/10,365.00,6/23/10,12/21/10,546.00,897066.00,77180.63,616000.00,0.00,0
